2026-05-13 17:03:26,466 [INFO] Loading DataFrame from books/dsm-tree/dsm5_selected_chapters_tree.jsonl
2026-05-13 17:03:26,644 [INFO] Scheduling entity extraction task for node_id=e5cf362b-2ff0-4c7e-be69-05bd426e1938
2026-05-13 17:03:26,726 [INFO] Scheduling entity extraction task for node_id=30b04a24-ef1e-4a70-b522-9f144b51c721
2026-05-13 17:03:26,733 [INFO] Scheduling entity extraction task for node_id=88eb8056-30b0-4204-9ec4-75b0bd74e170
2026-05-13 17:03:26,786 [INFO] Scheduling entity extraction task for node_id=144dd110-20d1-49e5-b628-1d223e049be7
2026-05-13 17:03:26,790 [INFO] Scheduling entity extraction task for node_id=31e10ee3-d2a9-4ab1-ae80-9589f1e33b7c
2026-05-13 17:03:26,795 [INFO] Scheduling entity extraction task for node_id=0d5aa42c-32b4-4885-9f1d-44c3e6b6c7ac
2026-05-13 17:03:26,800 [INFO] Scheduling entity extraction task for node_id=525ad310-f094-4a70-82cf-f9a58366e787
2026-05-13 17:03:26,806 [INFO] Scheduling entity extraction task for node_id=1fc8579f-506f-4133-afae-fc064bd57616
2026-05-13 17:03:26,811 [INFO] Scheduling entity extraction task for node_id=1f09c4d1-3160-48f3-bd0a-27db29506170
2026-05-13 17:03:26,816 [INFO] Scheduling entity extraction task for node_id=0cde0ca4-7cb6-499b-a210-d98adef5a78b
2026-05-13 17:03:26,822 [INFO] Scheduling entity extraction task for node_id=435d3fa2-44dc-4ae4-a8a8-7abd27aae0f7
2026-05-13 17:03:26,828 [INFO] Scheduling entity extraction task for node_id=f8a3e26e-e6c9-4923-ada3-8df8759f23d4
2026-05-13 17:03:26,832 [INFO] Scheduling entity extraction task for node_id=964440e8-d98c-4b69-8fd5-4beafab99d96
2026-05-13 17:03:26,836 [INFO] Scheduling entity extraction task for node_id=4acce9b3-4aa7-4bb4-952e-60e8ee0ba9bb
2026-05-13 17:03:26,842 [INFO] Scheduling entity extraction task for node_id=eb706565-54bb-41c7-a414-cfb487f079dd
2026-05-13 17:03:26,847 [INFO] Scheduling entity extraction task for node_id=031e175b-768e-4bee-af67-7111fade6ddc
2026-05-13 17:03:26,852 [INFO] Scheduling entity extraction task for node_id=b5282060-27da-44b9-8542-a38488f27894
2026-05-13 17:03:26,864 [INFO] Scheduling entity extraction task for node_id=33d3dfc4-de21-4972-b808-41080469ec6a
2026-05-13 17:03:26,871 [INFO] Scheduling entity extraction task for node_id=9bc86a08-a9b4-4441-910a-a6a945c5f134
2026-05-13 17:03:26,878 [INFO] Scheduling entity extraction task for node_id=15fa21e9-f554-46ac-abce-d1e4bbe889f2
2026-05-13 17:03:26,886 [INFO] Scheduling entity extraction task for node_id=27b14f5d-9384-4be9-9608-f64baa348ae7
2026-05-13 17:03:26,893 [INFO] Scheduling entity extraction task for node_id=6c06e8ab-7976-4507-9458-cb503335425c
2026-05-13 17:03:26,900 [INFO] Scheduling entity extraction task for node_id=7cd31032-82d0-4809-8c50-c6a17abb8017
2026-05-13 17:03:26,904 [INFO] Scheduling entity extraction task for node_id=f025add6-bf49-4aa2-8f68-18d580a8db10
2026-05-13 17:03:26,910 [INFO] Scheduling entity extraction task for node_id=1575e964-6d75-44d1-bcf2-efaa64db6d3f
2026-05-13 17:03:26,915 [INFO] Scheduling entity extraction task for node_id=52f56ae1-ff13-44f2-bb85-b581a2b17dbb
2026-05-13 17:03:26,921 [INFO] Scheduling entity extraction task for node_id=9cdc8343-8c0a-4f00-b8ca-66bb4c47b93f
2026-05-13 17:03:26,928 [INFO] Scheduling entity extraction task for node_id=47f0fc96-e1b2-4b9f-aec0-455e9af62e23
2026-05-13 17:03:26,984 [INFO] Scheduling entity extraction task for node_id=232fa459-59d5-4364-889f-d55d58e89513
2026-05-13 17:03:26,996 [INFO] Scheduling entity extraction task for node_id=5fec48f5-225f-4a20-a03a-333322a97619
2026-05-13 17:03:27,003 [INFO] Scheduling entity extraction task for node_id=2a1a9f5c-3495-4079-aad2-261112f900fc
2026-05-13 17:03:27,009 [INFO] Scheduling entity extraction task for node_id=ef528351-1f7d-4bd5-9874-41926f01272d
2026-05-13 17:03:27,015 [INFO] Scheduling entity extraction task for node_id=a59b2707-9575-47e9-b371-707c568b44f9
2026-05-13 17:03:27,074 [INFO] Scheduling entity extraction task for node_id=c4d5b51c-07fe-4216-a31b-ad7f9867822f
2026-05-13 17:03:27,082 [INFO] Scheduling entity extraction task for node_id=3bfe0f99-2a8e-485c-9e4a-e9a083a9fe52
2026-05-13 17:03:27,089 [INFO] Scheduling entity extraction task for node_id=fec371aa-bc70-4ec9-8b37-69093269de0e
2026-05-13 17:03:27,098 [INFO] Scheduling entity extraction task for node_id=f74936f1-e99a-4c61-ad28-b7f5c8b940fa
2026-05-13 17:03:27,105 [INFO] Scheduling entity extraction task for node_id=f5adf210-6e57-4220-a85a-c795ecc57a31
2026-05-13 17:03:27,115 [INFO] Scheduling entity extraction task for node_id=8294877a-1086-4e4f-a8b5-4ac4d03525e0
2026-05-13 17:03:27,120 [INFO] Scheduling entity extraction task for node_id=65ecb5e8-1cf6-4bc3-a7cf-01a9ad281b64
2026-05-13 17:03:27,127 [INFO] Scheduling entity extraction task for node_id=3aff0aa2-34d6-443f-9de6-3f1c64a50256
2026-05-13 17:03:27,134 [INFO] Scheduling entity extraction task for node_id=a55287ec-6da9-4655-b813-fac72c2d2ec9
2026-05-13 17:03:27,141 [INFO] Scheduling entity extraction task for node_id=7dc50a53-c009-4ace-8323-89b7338f5692
2026-05-13 17:03:27,149 [INFO] Scheduling entity extraction task for node_id=510c7969-4919-458b-bc38-7d42d470553e
2026-05-13 17:03:27,156 [INFO] Scheduling entity extraction task for node_id=0853eeb8-2fc8-4612-b619-9b4ed5775faf
2026-05-13 17:03:27,162 [INFO] Scheduling entity extraction task for node_id=c10a2265-f17f-4926-8b10-e1c21d27b474
2026-05-13 17:03:27,168 [INFO] Scheduling entity extraction task for node_id=3027dd18-d8cb-4de2-9d93-5062eaa6cfd1
2026-05-13 17:03:27,175 [INFO] Scheduling entity extraction task for node_id=7adff039-e541-4b03-80e9-5872fc86f0d3
2026-05-13 17:03:27,181 [INFO] Scheduling entity extraction task for node_id=b5ddb996-70ee-4621-a8d5-79030b7821d1
2026-05-13 17:03:27,187 [INFO] Scheduling entity extraction task for node_id=4b5c959e-2b11-49f6-9ef4-6d90a2fd5eae
2026-05-13 17:03:27,196 [INFO] Scheduling entity extraction task for node_id=794601dc-bf6d-4309-910d-d7d5f6d86c23
2026-05-13 17:03:27,201 [INFO] Scheduling entity extraction task for node_id=21c406e7-1e60-4fb9-96eb-11a0010803b6
2026-05-13 17:03:27,207 [INFO] Scheduling entity extraction task for node_id=86a1a796-3a9e-479e-8a40-c31250fea9f7
2026-05-13 17:03:27,214 [INFO] Scheduling entity extraction task for node_id=cf492719-61dd-4b80-a1dc-dda4319d04bc
2026-05-13 17:03:27,220 [INFO] Scheduling entity extraction task for node_id=a388c81c-9e81-42c3-98f5-28642770b024
2026-05-13 17:03:27,228 [INFO] Scheduling entity extraction task for node_id=2b8a380f-e5b2-4680-b728-c33c7887edd7
2026-05-13 17:03:27,234 [INFO] Scheduling entity extraction task for node_id=510ca22a-2d32-4489-b8df-0463cebb95e6
2026-05-13 17:03:27,242 [INFO] Scheduling entity extraction task for node_id=c552a643-6ab3-4519-a092-464d93508ea7
2026-05-13 17:03:27,250 [INFO] Scheduling entity extraction task for node_id=b662931e-4136-4e82-80cb-4c50924dda37
2026-05-13 17:03:27,258 [INFO] Scheduling entity extraction task for node_id=1d322e07-321b-492c-95b5-6971fff5f4bf
2026-05-13 17:03:27,263 [INFO] Scheduling entity extraction task for node_id=2060f813-7fb2-44c0-b6b9-b0dccc593268
2026-05-13 17:03:27,270 [INFO] Scheduling entity extraction task for node_id=f460ac9d-5335-4874-b96c-f123eb0ce1e6
2026-05-13 17:03:27,276 [INFO] Scheduling entity extraction task for node_id=c88eff03-9721-4404-ae41-efe86a257cbb
2026-05-13 17:03:27,280 [INFO] Scheduling entity extraction task for node_id=fa2cb38a-2367-4bf4-bf55-b3b176e94303
2026-05-13 17:03:27,338 [INFO] Scheduling entity extraction task for node_id=ea937723-2718-486b-a4aa-3ada7c1167d0
2026-05-13 17:03:27,346 [INFO] Scheduling entity extraction task for node_id=2c4ac8a7-c469-47fa-b4c6-ff6c7bdc2771
2026-05-13 17:03:27,357 [INFO] Scheduling entity extraction task for node_id=c1fd75c8-e046-4bc4-bfbb-8f964e37ada8
2026-05-13 17:03:27,418 [INFO] Scheduling entity extraction task for node_id=cedfbbb9-f08d-4082-9269-64c6b21ce293
2026-05-13 17:03:27,424 [INFO] Scheduling entity extraction task for node_id=52c71eea-7809-48a3-adc0-ed8356f13e57
2026-05-13 17:03:27,429 [INFO] Scheduling entity extraction task for node_id=8c6a4cb0-89f4-46c4-984c-f7e50d8ef217
2026-05-13 17:03:27,487 [INFO] Scheduling entity extraction task for node_id=77e4f718-31b0-4ddb-9893-c513091d925b
2026-05-13 17:03:27,495 [INFO] Scheduling entity extraction task for node_id=e1dc8058-028d-4cef-aff2-cb1e3de8e29a
2026-05-13 17:03:27,502 [INFO] Scheduling entity extraction task for node_id=ded9718e-a6cf-4f37-a0e5-077264e1d25b
2026-05-13 17:03:27,509 [INFO] Scheduling entity extraction task for node_id=10fdd6fe-1f6d-4f5c-8ffd-19f3b716d8c1
2026-05-13 17:03:27,515 [INFO] Scheduling entity extraction task for node_id=d5e99ada-e5a7-4830-ad8f-859b17c59981
2026-05-13 17:03:27,520 [INFO] Scheduling entity extraction task for node_id=32155a01-d244-4e48-a1a2-ee995d97d4ca
2026-05-13 17:03:27,527 [INFO] Scheduling entity extraction task for node_id=43d24a59-09e3-4405-917d-60a3bc9b5bea
2026-05-13 17:03:27,533 [INFO] Scheduling entity extraction task for node_id=d42cfa97-0dd1-46f3-af1a-9ace0e79887f
2026-05-13 17:03:27,540 [INFO] Scheduling entity extraction task for node_id=8894ddc3-72f1-4297-8beb-16843dcdeaae
2026-05-13 17:03:27,545 [INFO] Scheduling entity extraction task for node_id=263b3dc6-c807-4c6f-8311-2f1f814db47a
2026-05-13 17:03:27,552 [INFO] Scheduling entity extraction task for node_id=aa7f0ace-3029-4996-b135-15538a7e06c6
2026-05-13 17:03:27,564 [INFO] Scheduling entity extraction task for node_id=a2a4cc32-c051-48c9-805a-f84708b8d493
2026-05-13 17:03:27,574 [INFO] Scheduling entity extraction task for node_id=a5b786a4-e012-432c-85a1-d84190904aac
2026-05-13 17:03:27,599 [INFO] Scheduling entity extraction task for node_id=b1ae4f82-b1ab-4fa0-a60d-74d20f86cbcb
2026-05-13 17:03:27,662 [INFO] Scheduling entity extraction task for node_id=e0687f40-e231-4f1e-b6d8-4bbd82d300f6
2026-05-13 17:03:27,729 [INFO] Scheduling entity extraction task for node_id=c8b1757e-2e20-4acb-a46e-37fa98370b18
2026-05-13 17:03:27,787 [INFO] Scheduling entity extraction task for node_id=0e84342c-f0df-48e2-a15f-db24ee273618
2026-05-13 17:03:27,795 [INFO] Scheduling entity extraction task for node_id=b2e96db5-c713-4f85-8f85-f4a99d3e99e0
2026-05-13 17:03:27,806 [INFO] Scheduling entity extraction task for node_id=4f7079c7-b13f-4af1-b115-d6bb00d7db50
2026-05-13 17:03:27,813 [INFO] Scheduling entity extraction task for node_id=231f3ca9-e5a0-4893-940d-0f0653a77a47
2026-05-13 17:03:27,821 [INFO] Scheduling entity extraction task for node_id=4b186442-05d5-4984-b4f9-830ddecfffac
2026-05-13 17:03:27,826 [INFO] Scheduling entity extraction task for node_id=0677c1b8-f7bb-4dc0-8b88-e2987bd4e834
2026-05-13 17:03:27,831 [INFO] Scheduling entity extraction task for node_id=7a3ef05c-98b5-47c2-9a18-2eea22f692c4
2026-05-13 17:03:27,836 [INFO] Scheduling entity extraction task for node_id=52343922-6692-42e3-bd81-e5406281b872
2026-05-13 17:03:27,843 [INFO] Scheduling entity extraction task for node_id=d79dd7a1-b58a-48bf-8d4e-ef22e065c631
2026-05-13 17:03:27,849 [INFO] Scheduling entity extraction task for node_id=4d7935f3-e328-4a96-a956-5965eef121d9
2026-05-13 17:03:27,853 [INFO] Scheduling entity extraction task for node_id=dfdc5518-6f4e-42cd-a2d4-bc8ed956195a
2026-05-13 17:03:27,859 [INFO] Scheduling entity extraction task for node_id=8b94f1e1-0d27-4927-be51-9695bc47e605
2026-05-13 17:03:27,863 [INFO] Scheduling entity extraction task for node_id=4524523b-3dcf-45d2-a365-ab0486f6be60
2026-05-13 17:03:27,869 [INFO] Scheduling entity extraction task for node_id=f02fbb78-d643-45af-9953-fff67c84296e
2026-05-13 17:03:27,876 [INFO] Scheduling entity extraction task for node_id=78ecc840-0429-4f16-aa5f-16aba64c8b2e
2026-05-13 17:03:27,881 [INFO] Scheduling entity extraction task for node_id=1422afee-2d58-4915-9424-734041ffc343
2026-05-13 17:03:27,886 [INFO] Scheduling entity extraction task for node_id=4ef0f0cf-06dd-4a93-a393-330ab12f37e1
2026-05-13 17:03:27,895 [INFO] Scheduling entity extraction task for node_id=546190ff-dca0-4699-a0cd-2861f3434230
2026-05-13 17:03:27,905 [INFO] Scheduling entity extraction task for node_id=f439f976-5572-4b31-8899-f303c5b5d6a1
2026-05-13 17:03:27,913 [INFO] Scheduling entity extraction task for node_id=1cedff2e-32e6-4739-ad29-ec767af7ce97
2026-05-13 17:03:27,920 [INFO] Scheduling entity extraction task for node_id=c55807d0-bf10-4d18-9f5a-8726cc79cf0c
2026-05-13 17:03:27,928 [INFO] Scheduling entity extraction task for node_id=32dcca8d-c508-4290-9e5d-8f93cb5a4b64
2026-05-13 17:03:27,936 [INFO] Scheduling entity extraction task for node_id=3cefcf16-b611-43cb-b6e2-ad13dfc310a1
2026-05-13 17:03:27,994 [INFO] Scheduling entity extraction task for node_id=afcc7b8d-5c92-4061-9c41-86e6a411f444
2026-05-13 17:03:27,999 [INFO] Scheduling entity extraction task for node_id=272f5ce4-3541-4016-b58d-63410df3b34c
2026-05-13 17:03:28,055 [INFO] Scheduling entity extraction task for node_id=55604ea2-dae7-4dc4-8f7b-23a13b708f6a
2026-05-13 17:03:28,061 [INFO] Scheduling entity extraction task for node_id=ef305eca-22d6-4b61-9a5c-394252afca61
2026-05-13 17:03:28,068 [INFO] Scheduling entity extraction task for node_id=e9da6d15-8769-4330-abf0-eef2d1d6f743
2026-05-13 17:03:28,074 [INFO] Scheduling entity extraction task for node_id=9cbdde88-4729-4d83-b446-22d9c19f3eea
2026-05-13 17:03:28,080 [INFO] Scheduling entity extraction task for node_id=d7f71a5c-9d72-4411-a9b4-5e374abe295d
2026-05-13 17:03:28,087 [INFO] Scheduling entity extraction task for node_id=3111114a-aeda-4660-b4ad-c44e404e5cf3
2026-05-13 17:03:28,093 [INFO] Scheduling entity extraction task for node_id=4afb7154-1ca8-4601-9527-54f1c35ae821
2026-05-13 17:03:28,098 [INFO] Scheduling entity extraction task for node_id=f061a364-5643-4851-a6bb-a1692d0ef10f
2026-05-13 17:03:28,104 [INFO] Scheduling entity extraction task for node_id=ccdd383b-5ff1-48b8-947b-d35fda04dfbf
2026-05-13 17:03:28,110 [INFO] Scheduling entity extraction task for node_id=388d8b0c-f77f-4514-a1b2-b1784b36cfdd
2026-05-13 17:03:28,115 [INFO] Scheduling entity extraction task for node_id=52c510ce-c2ed-4116-b2a5-86b9d5f328e4
2026-05-13 17:03:28,122 [INFO] Scheduling entity extraction task for node_id=815d85b3-078e-48ef-bc72-c2188ce60bb0
2026-05-13 17:03:28,127 [INFO] Scheduling entity extraction task for node_id=1a6ffd85-6a53-43af-adbe-bdb6576c30de
2026-05-13 17:03:28,131 [INFO] Scheduling entity extraction task for node_id=9f087881-3ade-40f1-841f-a41deb64cf41
2026-05-13 17:03:28,137 [INFO] Scheduling entity extraction task for node_id=fa68393e-b8ab-418c-aaa6-21aae8c4b983
2026-05-13 17:03:28,190 [INFO] Scheduling entity extraction task for node_id=3547dd4c-0e17-481a-96ee-ea79fcefe975
2026-05-13 17:03:28,197 [INFO] Scheduling entity extraction task for node_id=27b12097-d243-49bb-8a81-f5bda9f94581
2026-05-13 17:03:28,202 [INFO] Scheduling entity extraction task for node_id=1f70416d-7c98-4942-a902-abec15544230
2026-05-13 17:03:28,208 [INFO] Scheduling entity extraction task for node_id=f468c739-6941-436e-b038-e65e0c840fb3
2026-05-13 17:03:28,214 [INFO] Scheduling entity extraction task for node_id=4dfbbe3d-acde-4acb-8b9b-43210bf5feaf
2026-05-13 17:03:28,220 [INFO] Scheduling entity extraction task for node_id=471c85a7-0708-4c2f-9361-2ff80b8720da
2026-05-13 17:03:28,226 [INFO] Scheduling entity extraction task for node_id=cfb82c80-b383-43e4-af03-1c614721ade2
2026-05-13 17:03:28,232 [INFO] Scheduling entity extraction task for node_id=db24878c-4297-48de-9e5f-fcd6d3f5875d
2026-05-13 17:03:28,239 [INFO] Scheduling entity extraction task for node_id=317bc415-34d4-4a04-9827-1e3902b64ef6
2026-05-13 17:03:28,243 [INFO] Scheduling entity extraction task for node_id=dd9607d7-2989-43af-8f60-a5c5327e8826
2026-05-13 17:03:28,249 [INFO] Scheduling entity extraction task for node_id=eab0c798-ab78-4cda-b025-bb1d7c0ad887
2026-05-13 17:03:28,255 [INFO] Scheduling entity extraction task for node_id=e096b6b4-097f-48d8-97d0-95645b817663
2026-05-13 17:03:28,261 [INFO] Scheduling entity extraction task for node_id=ff3a74b9-8c21-4a9e-a11e-9a637714c439
2026-05-13 17:03:28,269 [INFO] Scheduling entity extraction task for node_id=611b3208-60d8-4f87-ae81-95017a30de51
2026-05-13 17:03:28,275 [INFO] Scheduling entity extraction task for node_id=ce308cca-6c41-4a91-8c81-a1f1124c4236
2026-05-13 17:03:28,282 [INFO] Scheduling entity extraction task for node_id=8c5cbeec-387d-432c-8e78-a14df9f39cc4
2026-05-13 17:03:28,287 [INFO] Scheduling entity extraction task for node_id=e28cf785-b41b-4850-b829-1f029e720dad
2026-05-13 17:03:28,291 [INFO] Scheduling entity extraction task for node_id=8d2d47a7-8c01-4634-8f14-367dbb8a8633
2026-05-13 17:03:28,296 [INFO] Scheduling entity extraction task for node_id=a914311f-38fb-4033-a1fb-5ccbe47757ad
2026-05-13 17:03:28,351 [INFO] Scheduling entity extraction task for node_id=55bbc794-51a7-4c40-a953-5549d5aa964f
2026-05-13 17:03:28,355 [INFO] Scheduling entity extraction task for node_id=6ce2e085-80dc-4105-b8f0-d50c4463b139
2026-05-13 17:03:28,359 [INFO] Scheduling entity extraction task for node_id=d231bf18-7a67-4234-a73b-f510ad2cf0a5
2026-05-13 17:03:28,364 [INFO] Scheduling entity extraction task for node_id=3b6aaf35-71a2-47df-812b-140b8f2d077f
2026-05-13 17:03:28,423 [INFO] Scheduling entity extraction task for node_id=7c88d21e-c712-483d-8be6-629afa668ffb
2026-05-13 17:03:28,431 [INFO] Scheduling entity extraction task for node_id=09af0efa-94e4-402e-bf2d-1931ad96a743
2026-05-13 17:03:28,439 [INFO] Scheduling entity extraction task for node_id=c89d9504-8a2b-4c09-b13b-2b881a6195cc
2026-05-13 17:03:28,448 [INFO] Scheduling entity extraction task for node_id=bfa66cb7-dd66-43cd-bb6e-28c84796f258
2026-05-13 17:03:28,457 [INFO] Scheduling entity extraction task for node_id=3fe189bb-a4a6-4667-9a06-58b65b8ca518
2026-05-13 17:03:28,465 [INFO] Scheduling entity extraction task for node_id=2c1b2a15-8a1b-4fe4-a36a-bcba5ae8919c
2026-05-13 17:03:28,473 [INFO] Scheduling entity extraction task for node_id=5873afe6-8d67-4766-8dad-db5747227eae
2026-05-13 17:03:28,479 [INFO] Scheduling entity extraction task for node_id=8c3f8151-7d0f-4051-ac24-d8e4b88471e0
2026-05-13 17:03:28,487 [INFO] Scheduling entity extraction task for node_id=fb56659d-718f-469e-aaf4-13e6cf5a1043
2026-05-13 17:03:28,492 [INFO] Scheduling entity extraction task for node_id=a9e09649-2b36-41b3-baab-a675f2cbf9ee
2026-05-13 17:03:28,496 [INFO] Scheduling entity extraction task for node_id=2525d08d-5c11-4599-9e8c-9bea22189468
2026-05-13 17:03:28,502 [INFO] Scheduling entity extraction task for node_id=d1cfd277-4ee1-4b36-bee4-021e4d1b50d8
2026-05-13 17:03:28,508 [INFO] Scheduling entity extraction task for node_id=b3f4a3ae-d79b-4f70-b928-7d894ee09afe
2026-05-13 17:03:28,515 [INFO] Scheduling entity extraction task for node_id=c3e696c1-0cce-4424-a552-2fd9fb568ec2
2026-05-13 17:03:28,520 [INFO] Scheduling entity extraction task for node_id=95a8bdf2-e790-4284-9618-389f750aba9f
2026-05-13 17:03:28,525 [INFO] Scheduling entity extraction task for node_id=6d4a85ba-bb06-42d1-b1bc-f39b3377d88f
2026-05-13 17:03:28,532 [INFO] Scheduling entity extraction task for node_id=42c30f1c-fb14-4c7f-94b1-8a6b7c601122
2026-05-13 17:03:28,540 [INFO] Scheduling entity extraction task for node_id=72e4466b-3cb1-43f7-a35c-a7a2141c1640
2026-05-13 17:03:28,548 [INFO] Scheduling entity extraction task for node_id=a6557999-d9b4-4cba-88d9-c2a1f70bbd13
2026-05-13 17:03:28,558 [INFO] Scheduling entity extraction task for node_id=69eaf2a8-6d87-4524-b490-4b426a35eacf
2026-05-13 17:03:28,569 [INFO] Scheduling entity extraction task for node_id=90f7c55b-f328-4b0e-bbb0-92f29d9cda9b
2026-05-13 17:03:28,578 [INFO] Scheduling entity extraction task for node_id=cfaeae33-1a2a-4349-91a2-67a6d0b4cb19
2026-05-13 17:03:28,604 [INFO] Scheduling entity extraction task for node_id=b0f7e004-d2ed-4bc7-924b-6d78f39a3c1e
2026-05-13 17:03:28,617 [INFO] Scheduling entity extraction task for node_id=d187b398-12af-44fa-81ea-99e484364c12
2026-05-13 17:03:28,625 [INFO] Scheduling entity extraction task for node_id=8ca06aeb-4c15-4122-bdf7-da773e5d7821
2026-05-13 17:03:28,630 [INFO] Scheduling entity extraction task for node_id=83d67866-5089-46ad-88be-d7bd1a67ce04
2026-05-13 17:03:28,639 [INFO] Scheduling entity extraction task for node_id=39a6cf41-06f5-4468-98e5-568b9322c1db
2026-05-13 17:03:28,646 [INFO] Scheduling entity extraction task for node_id=416faa56-a9c5-4ee3-a79e-58f834de91f5
2026-05-13 17:03:28,651 [INFO] Scheduling entity extraction task for node_id=6697c1ee-bbae-488b-a3d1-c4e0419768ed
2026-05-13 17:03:28,660 [INFO] Scheduling entity extraction task for node_id=a2985541-2e72-461c-b3da-de3ebbba0352
2026-05-13 17:03:28,665 [INFO] Scheduling entity extraction task for node_id=b06332b5-e788-466c-bff9-89d4adb981cc
2026-05-13 17:03:28,672 [INFO] Scheduling entity extraction task for node_id=ff352e79-74f5-410a-bb21-6763b35d0852
2026-05-13 17:03:28,680 [INFO] Scheduling entity extraction task for node_id=e5a4d349-93b2-4ab2-9ac8-d55405c76129
2026-05-13 17:03:28,687 [INFO] Scheduling entity extraction task for node_id=a293c654-c171-4c72-9baa-f5abe1957079
2026-05-13 17:03:28,693 [INFO] Scheduling entity extraction task for node_id=13bdeb3a-e334-4d5a-b9e3-111fa64ffac0
2026-05-13 17:03:28,700 [INFO] Scheduling entity extraction task for node_id=6714e95a-0727-4862-a7a0-47a0358dab5a
2026-05-13 17:03:28,707 [INFO] Scheduling entity extraction task for node_id=1dc4221c-ae15-4501-a0ae-d059f1b0c05e
2026-05-13 17:03:28,716 [INFO] Scheduling entity extraction task for node_id=928dc069-c223-448b-8eae-a75828db1512
2026-05-13 17:03:28,723 [INFO] Scheduling entity extraction task for node_id=eea97845-c90d-416a-9365-1ce016ac3f37
2026-05-13 17:03:28,729 [INFO] Scheduling entity extraction task for node_id=e1584e6f-784f-4966-b811-afd1e3e4a51e
2026-05-13 17:03:28,737 [INFO] Scheduling entity extraction task for node_id=101c4568-2051-4586-850f-1c26d8336fa6
2026-05-13 17:03:28,743 [INFO] Scheduling entity extraction task for node_id=1c1c68b3-e7bb-48b4-9f21-4eeae7de9b48
2026-05-13 17:03:28,752 [INFO] Scheduling entity extraction task for node_id=34fbb8b0-1cb4-4162-a8e7-1e5107677f40
2026-05-13 17:03:28,807 [INFO] Scheduling entity extraction task for node_id=2faf7fd2-cc66-4fe7-a896-3f3620971cbb
2026-05-13 17:03:28,817 [INFO] Scheduling entity extraction task for node_id=0e5611d4-efd6-420f-ac06-e05c2acfddb8
2026-05-13 17:03:28,826 [INFO] Scheduling entity extraction task for node_id=cf897e69-49ca-45d6-ad91-f07530cd6bc5
2026-05-13 17:03:28,834 [INFO] Scheduling entity extraction task for node_id=901d0eff-0c3a-46cd-86a9-c27050e7d51e
2026-05-13 17:03:28,844 [INFO] Scheduling entity extraction task for node_id=03f1b825-9d3f-4865-b2ba-18917352e5dd
2026-05-13 17:03:28,852 [INFO] Scheduling entity extraction task for node_id=fe414caf-d6c4-433c-a239-6b20e6a19fd8
2026-05-13 17:03:28,860 [INFO] Scheduling entity extraction task for node_id=dbfad79c-2ab6-498c-bf55-993d35b3f349
2026-05-13 17:03:28,867 [INFO] Scheduling entity extraction task for node_id=3995b3e7-f368-4986-bb2e-37152147f55d
2026-05-13 17:03:28,878 [INFO] Scheduling entity extraction task for node_id=bea9673c-ad15-4d40-9326-ef61779edcab
2026-05-13 17:03:28,887 [INFO] Scheduling entity extraction task for node_id=d24c8081-1336-4c72-ab3f-961f43e9881a
2026-05-13 17:03:28,895 [INFO] Scheduling entity extraction task for node_id=03a2df92-2d5a-483b-9716-6b0af1d8d7ca
2026-05-13 17:03:28,903 [INFO] Scheduling entity extraction task for node_id=c98213d7-ee0c-4cdc-ad73-fe22f7324f17
2026-05-13 17:03:28,910 [INFO] Scheduling entity extraction task for node_id=d946d339-b9a0-406a-b5a4-d0abf8a68cb2
2026-05-13 17:03:28,916 [INFO] Scheduling entity extraction task for node_id=35a673ae-32aa-4925-ab21-009cd28e57f2
2026-05-13 17:03:28,923 [INFO] Scheduling entity extraction task for node_id=b95e93b4-ec57-48ff-9b0e-433b5158cd14
2026-05-13 17:03:28,929 [INFO] Scheduling entity extraction task for node_id=ba7fcf01-fa05-4089-b373-16e782478ba6
2026-05-13 17:03:28,936 [INFO] Scheduling entity extraction task for node_id=f4868083-604f-4483-a7a5-8c8dcecb837e
2026-05-13 17:03:28,950 [INFO] Scheduling entity extraction task for node_id=c7411f10-57c6-4139-b193-09d85b504a43
2026-05-13 17:03:28,955 [INFO] Scheduling entity extraction task for node_id=c916dff3-7931-4ef3-aff3-e8a30bdacb5b
2026-05-13 17:03:28,964 [INFO] Scheduling entity extraction task for node_id=a8e57731-c8b7-426c-880b-30caf4239875
2026-05-13 17:03:28,970 [INFO] Scheduling entity extraction task for node_id=7a2d0c28-d62b-4d9d-b273-6280cc5734b7
2026-05-13 17:03:28,976 [INFO] Scheduling entity extraction task for node_id=0001fe67-8d0d-4e1f-adcb-91a413da539a
2026-05-13 17:03:28,983 [INFO] Scheduling entity extraction task for node_id=ecbbb6e2-d446-466b-b1b0-81e30578b9c6
2026-05-13 17:03:28,989 [INFO] Scheduling entity extraction task for node_id=41916b41-dbc1-4f9c-ac4f-d479b7088190
2026-05-13 17:03:28,995 [INFO] Scheduling entity extraction task for node_id=2a04dd88-8a49-4e05-ad0f-93290cd374f2
2026-05-13 17:03:29,003 [INFO] Scheduling entity extraction task for node_id=80a1e72a-33ee-4055-a068-ba76aa228953
2026-05-13 17:03:29,009 [INFO] Scheduling entity extraction task for node_id=915f5b07-9528-4bd6-8ab3-72de7c7f00a3
2026-05-13 17:03:29,016 [INFO] Scheduling entity extraction task for node_id=0f9e87f1-eed2-426a-8617-fc60db998d58
2026-05-13 17:03:29,024 [INFO] Scheduling entity extraction task for node_id=a6537b4d-354a-48cb-af91-666c60c185cb
2026-05-13 17:03:29,029 [INFO] Scheduling entity extraction task for node_id=66159202-35be-4134-acec-446666c6ac4d
2026-05-13 17:03:29,034 [INFO] Scheduling entity extraction task for node_id=fffcb334-78b7-4b24-b96d-3af100c335f1
2026-05-13 17:03:29,043 [INFO] Scheduling entity extraction task for node_id=39fd9a6b-ff3a-45a6-82ce-a0b3529b44c4
2026-05-13 17:03:29,048 [INFO] Scheduling entity extraction task for node_id=f8213530-1209-4744-84e8-a58ba187ff48
2026-05-13 17:03:29,053 [INFO] Scheduling entity extraction task for node_id=16e56358-abdc-4684-9942-2b810d98a663
2026-05-13 17:03:29,061 [INFO] Scheduling entity extraction task for node_id=564a4729-ca7e-4c18-b058-e904c1bddccb
2026-05-13 17:03:29,069 [INFO] Scheduling entity extraction task for node_id=919dd95d-ffe3-46ac-9117-a8e660ae3368
2026-05-13 17:03:29,074 [INFO] Scheduling entity extraction task for node_id=81475d91-cfb3-483f-a891-dba18a7aa733
2026-05-13 17:03:29,082 [INFO] Scheduling entity extraction task for node_id=e7b968e7-7521-4dfa-b211-565f4cef1ebf
2026-05-13 17:03:29,088 [INFO] Scheduling entity extraction task for node_id=14442330-abd3-42fc-95c9-07e7b6dea8c8
2026-05-13 17:03:29,094 [INFO] Scheduling entity extraction task for node_id=a952b8cd-7869-46f6-b82f-f906141ca9de
2026-05-13 17:03:29,100 [INFO] Scheduling entity extraction task for node_id=0e3e3a06-92ec-48f8-890b-2af9d49bc992
2026-05-13 17:03:29,106 [INFO] Scheduling entity extraction task for node_id=0e83a15b-eb70-4d12-b0f0-42786f709adc
2026-05-13 17:03:29,111 [INFO] Scheduling entity extraction task for node_id=b1fc57e6-38d3-4ccd-8567-7b33405304ea
2026-05-13 17:03:29,118 [INFO] Scheduling entity extraction task for node_id=665cc0ad-e388-4438-a084-c6d13a4bd79f
2026-05-13 17:03:29,124 [INFO] Scheduling entity extraction task for node_id=3d63636e-3c05-43bc-926e-f64430c4dce6
2026-05-13 17:03:29,129 [INFO] Scheduling entity extraction task for node_id=32d0be46-4282-4e31-9701-3900668056f2
2026-05-13 17:03:29,136 [INFO] Scheduling entity extraction task for node_id=a6a83269-ef96-4f1c-b979-992f6be89303
2026-05-13 17:03:29,142 [INFO] Scheduling entity extraction task for node_id=a0a6de2c-a64f-4f4b-9a72-9b04325b07b4
2026-05-13 17:03:29,149 [INFO] Scheduling entity extraction task for node_id=97e54d2c-b158-4bbe-a01e-135c3b627eb1
2026-05-13 17:03:29,154 [INFO] Scheduling entity extraction task for node_id=76b902ec-3907-4a23-a8fb-965c166de9c5
2026-05-13 17:03:29,162 [INFO] Scheduling entity extraction task for node_id=7bf0785f-bed9-4018-ba4d-89666a2a5a57
2026-05-13 17:03:29,170 [INFO] Scheduling entity extraction task for node_id=640afa1f-aa14-44ba-a6a6-3fa37407f2db
2026-05-13 17:03:29,174 [INFO] Scheduling entity extraction task for node_id=b19f084a-a627-40de-bf13-ceeecd82ed94
2026-05-13 17:03:29,180 [INFO] Scheduling entity extraction task for node_id=a44c07bd-99e0-43d6-a528-ade6172da03c
2026-05-13 17:03:29,187 [INFO] Scheduling entity extraction task for node_id=55dcf6db-15d6-42b7-8833-4aff91896800
2026-05-13 17:03:29,193 [INFO] Scheduling entity extraction task for node_id=2fb9b261-661f-4804-bf9a-5658afde129f
2026-05-13 17:03:29,199 [INFO] Scheduling entity extraction task for node_id=72fbdf6b-b5f0-4e23-a0c0-8410d4547176
2026-05-13 17:03:29,206 [INFO] Scheduling entity extraction task for node_id=d8e05d73-31e2-4907-8e4f-d5245a3040d4
2026-05-13 17:03:29,211 [INFO] Scheduling entity extraction task for node_id=19dc605c-8efa-4e1e-bb5f-2588804947c2
2026-05-13 17:03:29,268 [INFO] Scheduling entity extraction task for node_id=571c8845-ddbc-4e22-9b73-ff6e2ff39b09
2026-05-13 17:03:29,275 [INFO] Scheduling entity extraction task for node_id=9d752e11-546e-4ca5-9e06-5c4208f44e46
2026-05-13 17:03:29,334 [INFO] Scheduling entity extraction task for node_id=12d7bce9-0fea-404c-9488-c158e3d2c967
2026-05-13 17:03:29,340 [INFO] Scheduling entity extraction task for node_id=db6f95cd-2662-468a-bc9a-0926510ed634
2026-05-13 17:03:29,346 [INFO] Scheduling entity extraction task for node_id=fb305c59-258e-48b5-ade5-6e29f592906d
2026-05-13 17:03:29,354 [INFO] Scheduling entity extraction task for node_id=51944204-c9e1-4294-a47c-921aa26693c9
2026-05-13 17:03:29,361 [INFO] Scheduling entity extraction task for node_id=7e630ecf-7d91-4f8d-a315-e41db88d3bd1
2026-05-13 17:03:29,371 [INFO] Scheduling entity extraction task for node_id=54ac1d7f-cd5d-4979-882d-ae6ba0c6f61c
2026-05-13 17:03:29,377 [INFO] Scheduling entity extraction task for node_id=c0cd9f6f-d6b7-4e0d-84b1-43a2529e8ed5
2026-05-13 17:03:29,383 [INFO] Scheduling entity extraction task for node_id=51931c33-2257-48d0-b183-d0bc7aca1037
2026-05-13 17:03:29,389 [INFO] Scheduling entity extraction task for node_id=7ffe5839-2d10-4f13-bbaa-b9c3cc8dd3d5
2026-05-13 17:03:29,396 [INFO] Scheduling entity extraction task for node_id=632d67ee-c950-4e9a-b4a9-8da814dec850
2026-05-13 17:03:29,403 [INFO] Scheduling entity extraction task for node_id=f8d48c83-1134-4871-bb7e-659fc943752a
2026-05-13 17:03:29,408 [INFO] Scheduling entity extraction task for node_id=1853c0c5-537e-40f3-bce7-62970c83766c
2026-05-13 17:03:29,416 [INFO] Scheduling entity extraction task for node_id=5f1f7aa6-73b2-41a0-8c4f-5a0f29a2b45f
2026-05-13 17:03:29,423 [INFO] Scheduling entity extraction task for node_id=6545a1eb-6200-4371-8b84-42926ab79214
2026-05-13 17:03:29,429 [INFO] Scheduling entity extraction task for node_id=ca0744d1-c430-4af2-8524-44251cd15800
2026-05-13 17:03:29,436 [INFO] Scheduling entity extraction task for node_id=2a43430e-ff5d-49d5-8ade-475052351342
2026-05-13 17:03:29,444 [INFO] Scheduling entity extraction task for node_id=8d892b78-6807-4e6c-a975-104dd2b0286e
2026-05-13 17:03:29,449 [INFO] Scheduling entity extraction task for node_id=9224d782-485c-4802-a39c-0af102cd5449
2026-05-13 17:03:29,457 [INFO] Scheduling entity extraction task for node_id=03828461-3c3a-4636-a441-3c45cf0eea3b
2026-05-13 17:03:29,466 [INFO] Scheduling entity extraction task for node_id=a8cc4fa2-0da7-4457-b4c6-3add83facd83
2026-05-13 17:03:29,474 [INFO] Scheduling entity extraction task for node_id=221cb033-0b12-4137-a34c-c365d27e07db
2026-05-13 17:03:29,481 [INFO] Scheduling entity extraction task for node_id=5027098e-19d6-471b-ad23-4c75386dcde9
2026-05-13 17:03:29,488 [INFO] Scheduling entity extraction task for node_id=c14df319-4f58-4aac-b7a0-1b5fcaac8a19
2026-05-13 17:03:29,494 [INFO] Scheduling entity extraction task for node_id=232ebefc-f208-4da2-98e4-fb4fc45f7d43
2026-05-13 17:03:29,500 [INFO] Scheduling entity extraction task for node_id=606fc043-4318-48b2-adfa-dfb20b957da0
2026-05-13 17:03:29,505 [INFO] Scheduling entity extraction task for node_id=dc623356-fa02-4dc4-9235-710aaa35540b
2026-05-13 17:03:29,512 [INFO] Scheduling entity extraction task for node_id=6b74cd49-e023-4a54-8245-bcf7e960400a
2026-05-13 17:03:29,526 [INFO] Scheduling entity extraction task for node_id=c9cb5ee8-9453-4191-8a8b-9a3815a1e5ba
2026-05-13 17:03:29,533 [INFO] Scheduling entity extraction task for node_id=ecacd3f3-808d-48d7-a049-84e4960a67cc
2026-05-13 17:03:29,559 [INFO] Scheduling entity extraction task for node_id=0d70abbf-0ce0-46d9-b4e9-0ba87cf0d0bf
2026-05-13 17:03:29,611 [INFO] Scheduling entity extraction task for node_id=ace1a9be-4db0-444e-8993-96db9ed03c65
2026-05-13 17:03:29,617 [INFO] Scheduling entity extraction task for node_id=3a66cd7b-b51d-4429-9bfa-a75541e4fc5f
2026-05-13 17:03:29,625 [INFO] Scheduling entity extraction task for node_id=61048236-1609-46df-b439-3d938d2c5f33
2026-05-13 17:03:29,632 [INFO] Scheduling entity extraction task for node_id=741bf83a-b599-43c2-90eb-9706081678fa
2026-05-13 17:03:29,638 [INFO] Scheduling entity extraction task for node_id=2f4c8d00-f66c-420c-a3ec-5b64f5fb4fa5
2026-05-13 17:03:29,646 [INFO] Scheduling entity extraction task for node_id=ff907420-403c-43a8-8b7f-985ef70e2364
2026-05-13 17:03:29,655 [INFO] Scheduling entity extraction task for node_id=ea056097-adae-47f2-8cad-5377a236c6e9
2026-05-13 17:03:29,664 [INFO] Scheduling entity extraction task for node_id=10693fdd-11af-45f5-91ac-4d4e25901fcb
2026-05-13 17:03:29,670 [INFO] Scheduling entity extraction task for node_id=08298353-570d-4070-91b3-862998b5e9f9
2026-05-13 17:03:29,678 [INFO] Scheduling entity extraction task for node_id=2adbf587-5755-426a-8680-7e4a1236b1a2
2026-05-13 17:03:29,686 [INFO] Scheduling entity extraction task for node_id=7fc7ea24-b194-42e0-89d4-ca4314f65940
2026-05-13 17:03:29,694 [INFO] Scheduling entity extraction task for node_id=216875fd-3e5d-4ead-bf79-e6e623078906
2026-05-13 17:03:29,700 [INFO] Scheduling entity extraction task for node_id=e1a2458a-24bd-462e-86ea-f33c26034e80
2026-05-13 17:03:29,707 [INFO] Scheduling entity extraction task for node_id=ade8bfc8-7434-4fe7-a020-a8e29e3371ab
2026-05-13 17:03:29,714 [INFO] Scheduling entity extraction task for node_id=9b4ef18c-ae08-4430-991b-2a4f5274a23f
2026-05-13 17:03:29,724 [INFO] Scheduling entity extraction task for node_id=b1f14979-8efd-4c5f-8cde-1212e35c431e
2026-05-13 17:03:29,736 [INFO] Scheduling entity extraction task for node_id=396cb5d6-5fbd-40a2-96b1-b5ecccbc5fd1
2026-05-13 17:03:29,748 [INFO] Scheduling entity extraction task for node_id=5a209d35-188b-421b-90a6-2942deb0226c
2026-05-13 17:03:29,760 [INFO] Scheduling entity extraction task for node_id=d726504f-4291-49a4-9171-f23a12a528e4
2026-05-13 17:03:29,775 [INFO] Scheduling entity extraction task for node_id=5325effd-3a35-4b6c-8c75-26fd7d1e7dfa
2026-05-13 17:03:29,794 [INFO] Scheduling entity extraction task for node_id=60f585d8-728d-435a-811f-dcfabfbe3c7d
2026-05-13 17:03:29,809 [INFO] Scheduling entity extraction task for node_id=b9762416-d285-4dcb-ba5d-fba3a0554087
2026-05-13 17:03:29,827 [INFO] Scheduling entity extraction task for node_id=a8c35a04-4c1c-4911-8e9d-2a8771baa0ed
2026-05-13 17:03:29,840 [INFO] Scheduling entity extraction task for node_id=21f5d4ad-1594-40a9-959f-9df1b3ba0328
2026-05-13 17:03:29,849 [INFO] Scheduling entity extraction task for node_id=8dc3284b-722c-4856-aa9c-154a47593b79
2026-05-13 17:03:29,859 [INFO] Scheduling entity extraction task for node_id=dc13bb85-fee4-404a-adb4-0371540af63e
2026-05-13 17:03:29,923 [INFO] Scheduling entity extraction task for node_id=35e825dd-51ce-40e7-b893-bad7b7e8bc0d
2026-05-13 17:03:29,931 [INFO] Scheduling entity extraction task for node_id=22c6bcd2-5e65-420f-bca5-deb41b47e9ac
2026-05-13 17:03:29,939 [INFO] Scheduling entity extraction task for node_id=097dcc53-5f8a-420d-8a92-4ebca088d4ca
2026-05-13 17:03:29,947 [INFO] Scheduling entity extraction task for node_id=f2c5a6dc-8a67-46f6-9188-aa969c002ebd
2026-05-13 17:03:29,954 [INFO] Scheduling entity extraction task for node_id=2683266c-dc5d-412f-94d3-7b01f12718c2
2026-05-13 17:03:29,965 [INFO] Scheduling entity extraction task for node_id=80912a52-275c-471a-8fce-4e34000f2da9
2026-05-13 17:03:29,973 [INFO] Scheduling entity extraction task for node_id=d5ea5570-fb76-4359-99ff-daba5e9ea7ee
2026-05-13 17:03:29,978 [INFO] Scheduling entity extraction task for node_id=37f791de-1743-4f19-8869-f926534550ba
2026-05-13 17:03:29,986 [INFO] Scheduling entity extraction task for node_id=281d784e-5ba2-472e-90c3-6d0cc4d38297
2026-05-13 17:03:29,994 [INFO] Scheduling entity extraction task for node_id=1604fa3a-147e-46a3-89e3-9f79b6051e24
2026-05-13 17:03:30,002 [INFO] Scheduling entity extraction task for node_id=4fb167e5-f66b-4dcc-9b27-a986f0c281fb
2026-05-13 17:03:30,009 [INFO] Scheduling entity extraction task for node_id=02de962f-bb65-4a96-8388-077f73308347
2026-05-13 17:03:30,014 [INFO] Scheduling entity extraction task for node_id=48ee5717-8979-44af-965c-ee57e9a2219d
2026-05-13 17:03:30,020 [INFO] Scheduling entity extraction task for node_id=8b75b872-b5fd-45d3-8561-f7eabb500388
2026-05-13 17:03:30,025 [INFO] Scheduling entity extraction task for node_id=cc23d91e-6dfd-44c7-bd53-e09275d66da8
2026-05-13 17:03:30,032 [INFO] Scheduling entity extraction task for node_id=5bac6367-655e-4820-9667-d5f51794828f
2026-05-13 17:03:30,039 [INFO] Scheduling entity extraction task for node_id=d8c7f6cc-cb44-4b35-ad9b-c70380184b5f
2026-05-13 17:03:30,046 [INFO] Scheduling entity extraction task for node_id=7a2fbfda-85f5-46cb-a822-dffc9875ddcf
2026-05-13 17:03:30,052 [INFO] Scheduling entity extraction task for node_id=e3193705-ffc6-4342-9aea-ea25429ead9c
2026-05-13 17:03:30,060 [INFO] Scheduling entity extraction task for node_id=3ae7885d-8a92-4356-a286-7951c3aa2743
2026-05-13 17:03:30,120 [INFO] Scheduling entity extraction task for node_id=84aca69a-eed7-4fb4-8125-d9b35b1361a2
2026-05-13 17:03:30,126 [INFO] Scheduling entity extraction task for node_id=4517b53b-8fd5-4085-ac08-965e5d10b89e
2026-05-13 17:03:30,131 [INFO] Scheduling entity extraction task for node_id=e96481cf-b806-47ba-b08b-c29ad769f18e
2026-05-13 17:03:30,137 [INFO] Scheduling entity extraction task for node_id=56b88aa5-cd5c-465c-8527-04b3c45faef5
2026-05-13 17:03:30,143 [INFO] Scheduling entity extraction task for node_id=d350d197-af98-4922-8182-22a4450a141e
2026-05-13 17:03:30,149 [INFO] Scheduling entity extraction task for node_id=1f340369-7ba5-4dad-be88-0921a0b630c2
2026-05-13 17:03:30,155 [INFO] Scheduling entity extraction task for node_id=24512ad3-fb49-4b23-af40-ebe87b9e0eae
2026-05-13 17:03:30,162 [INFO] Scheduling entity extraction task for node_id=42b39b61-256b-4eb5-b9b7-fdf8b42f52ea
2026-05-13 17:03:30,167 [INFO] Scheduling entity extraction task for node_id=6fa9ce9a-9dc9-49fd-9c6a-a9f2079e9b44
2026-05-13 17:03:30,173 [INFO] Scheduling entity extraction task for node_id=565f5e92-555e-4a33-b1e1-1756e93c8f04
2026-05-13 17:03:30,179 [INFO] Scheduling entity extraction task for node_id=23dad6e3-94ca-4428-8318-1a8e6809675c
2026-05-13 17:03:30,185 [INFO] Scheduling entity extraction task for node_id=78949258-efa6-4421-b06b-ce5c8377bdcb
2026-05-13 17:03:30,191 [INFO] Scheduling entity extraction task for node_id=69f7af10-a9bd-453b-ab34-35d530ed1c8b
2026-05-13 17:03:30,201 [INFO] Scheduling entity extraction task for node_id=0bdf83a0-799b-4f8b-9034-9b99c155a1f6
2026-05-13 17:03:30,208 [INFO] Scheduling entity extraction task for node_id=36292066-d725-4c1d-873b-e5985705e3e8
2026-05-13 17:03:30,213 [INFO] Scheduling entity extraction task for node_id=d888b541-c508-4dac-bbde-a745c02f2d97
2026-05-13 17:03:30,220 [INFO] Scheduling entity extraction task for node_id=ff9998b1-05ca-4aad-8f67-de69583e796f
2026-05-13 17:03:30,225 [INFO] Scheduling entity extraction task for node_id=f1db3ebe-bc65-40ba-bbe0-c33d24920a89
2026-05-13 17:03:30,231 [INFO] Scheduling entity extraction task for node_id=e2060c73-2d67-4217-9662-91cd570d6e06
2026-05-13 17:03:30,236 [INFO] Scheduling entity extraction task for node_id=3c5093cf-6461-4cc2-964f-98a69e8436b7
2026-05-13 17:03:30,242 [INFO] Scheduling entity extraction task for node_id=7bbca4fa-7db8-4155-9596-8a07aa7faa8d
2026-05-13 17:03:30,252 [INFO] Scheduling entity extraction task for node_id=d1915a52-ca16-4133-80b9-91f71bd057f1
2026-05-13 17:03:30,259 [INFO] Scheduling entity extraction task for node_id=8684db8e-87e7-4d85-a0a6-c82dd410a2f0
2026-05-13 17:03:30,266 [INFO] Scheduling entity extraction task for node_id=9578700e-9b84-4a65-aff3-288a4d9059bd
2026-05-13 17:03:30,272 [INFO] Scheduling entity extraction task for node_id=436764f9-8db9-4c3d-89b2-61881d1f6404
2026-05-13 17:03:30,280 [INFO] Scheduling entity extraction task for node_id=2142a3a4-21a0-43b4-9e75-5ef632488604
2026-05-13 17:03:30,288 [INFO] Scheduling entity extraction task for node_id=b1590498-c734-4d3f-9f30-3c2bbf72c336
2026-05-13 17:03:30,293 [INFO] Scheduling entity extraction task for node_id=e197fa21-2ad3-4c76-8918-fa652c04a1a5
2026-05-13 17:03:30,301 [INFO] Scheduling entity extraction task for node_id=34d43f83-3fe4-448d-b51a-8f04eae294e9
2026-05-13 17:03:30,308 [INFO] Scheduling entity extraction task for node_id=da1922a8-7b55-42c8-b976-4e1d4b2f49ee
2026-05-13 17:03:30,314 [INFO] Scheduling entity extraction task for node_id=1551d553-b8fa-4255-9ece-42a82e064d5f
2026-05-13 17:03:30,324 [INFO] Scheduling entity extraction task for node_id=7b8188bc-cc9a-4efc-8575-5404e2ad8194
2026-05-13 17:03:30,331 [INFO] Scheduling entity extraction task for node_id=2c6b0f4e-285b-45c0-8abf-dbae49cf6871
2026-05-13 17:03:30,336 [INFO] Scheduling entity extraction task for node_id=adbd2de9-0dac-48f9-84d2-5c52267aa56f
2026-05-13 17:03:30,343 [INFO] Scheduling entity extraction task for node_id=6097cf9d-7e1e-463e-a9c0-f426ac93c685
2026-05-13 17:03:30,350 [INFO] Scheduling entity extraction task for node_id=fd157533-c567-4017-a06b-3809c751dd8e
2026-05-13 17:03:30,358 [INFO] Scheduling entity extraction task for node_id=14a2f14a-d917-4b63-b9e0-8cb80722a7ee
2026-05-13 17:03:30,364 [INFO] Scheduling entity extraction task for node_id=b5daa64b-770b-4ffc-b69e-d942951fed35
2026-05-13 17:03:30,370 [INFO] Scheduling entity extraction task for node_id=f028341d-10b5-4626-b05a-10f9908e1afe
2026-05-13 17:03:30,377 [INFO] Scheduling entity extraction task for node_id=487d4b17-f29e-40c0-ac36-d539f15989bb
2026-05-13 17:03:30,384 [INFO] Scheduling entity extraction task for node_id=b1c08ba4-4434-4824-9779-110c210cee9c
2026-05-13 17:03:30,392 [INFO] Scheduling entity extraction task for node_id=5ce9b47d-a84d-412c-ba4e-011b676f6325
2026-05-13 17:03:30,397 [INFO] Scheduling entity extraction task for node_id=fa5dd069-74c5-4a78-8296-bd908242e904
2026-05-13 17:03:30,406 [INFO] Scheduling entity extraction task for node_id=5726c39a-0167-4277-8318-5fa2aeed14ba
2026-05-13 17:03:30,411 [INFO] Scheduling entity extraction task for node_id=818994d4-6cc9-4801-ae0b-d07f568ff5e2
2026-05-13 17:03:30,419 [INFO] Scheduling entity extraction task for node_id=f042c2ec-4a44-4347-a0bc-83ac91c228de
2026-05-13 17:03:30,425 [INFO] Scheduling entity extraction task for node_id=c96be07e-54b1-42fd-ba81-2b18b26c6731
2026-05-13 17:03:30,432 [INFO] Scheduling entity extraction task for node_id=509505c8-2018-4f36-83e0-05cc0a198210
2026-05-13 17:03:30,439 [INFO] Scheduling entity extraction task for node_id=d83ac190-21ae-41b1-bc9f-122a77605276
2026-05-13 17:03:30,445 [INFO] Scheduling entity extraction task for node_id=edf7e37a-4953-4c4b-a184-05735a5f82a7
2026-05-13 17:03:30,452 [INFO] Scheduling entity extraction task for node_id=6a677d26-348f-45ce-b50c-25da42243946
2026-05-13 17:03:30,469 [INFO] Scheduling entity extraction task for node_id=075b4669-022d-4087-b634-220af5c95d26
2026-05-13 17:03:30,475 [INFO] Scheduling entity extraction task for node_id=beeff2f7-a690-492f-ae93-ee61bc2b3be1
2026-05-13 17:03:30,481 [INFO] Scheduling entity extraction task for node_id=11ceb369-38a4-4936-83dc-591f1f463879
2026-05-13 17:03:30,505 [INFO] Scheduling entity extraction task for node_id=aad75e83-0e95-4f24-82b5-3b8c21acc642
2026-05-13 17:03:30,563 [INFO] Scheduling entity extraction task for node_id=91719928-a0a6-4a5e-9f35-484e5acdac4f
2026-05-13 17:03:30,573 [INFO] Scheduling entity extraction task for node_id=a23eff87-8f3f-4d6c-afec-82cd075a71ca
2026-05-13 17:03:30,581 [INFO] Scheduling entity extraction task for node_id=b78e5b44-effc-44fc-b73f-5dce5ace736e
2026-05-13 17:03:30,587 [INFO] Scheduling entity extraction task for node_id=4f4a3db8-a68e-4b5d-bdb2-8302822ee03a
2026-05-13 17:03:30,595 [INFO] Scheduling entity extraction task for node_id=80a1ffbd-c432-4e33-b9c0-d3fbe7a7475c
2026-05-13 17:03:30,603 [INFO] Scheduling entity extraction task for node_id=2f07aaa1-655c-4289-b6a2-1ad9c6b1ed3a
2026-05-13 17:03:30,611 [INFO] Scheduling entity extraction task for node_id=1ffbeb90-04fa-4de4-b6bf-efe8b8e995fc
2026-05-13 17:03:30,619 [INFO] Scheduling entity extraction task for node_id=981205cb-3b89-4e15-b716-8beeeb9936c1
2026-05-13 17:03:30,627 [INFO] Scheduling entity extraction task for node_id=4c7de6d0-3fd1-4e67-8079-def486cb9bff
2026-05-13 17:03:30,633 [INFO] Scheduling entity extraction task for node_id=0ff0d479-a071-4013-b634-f3f2cb7d848c
2026-05-13 17:03:30,639 [INFO] Scheduling entity extraction task for node_id=1322335c-11f2-42d0-bb35-dbb5a0123f15
2026-05-13 17:03:30,645 [INFO] Scheduling entity extraction task for node_id=7a08c15c-d97b-49ad-9da2-d3a6b035ddb9
2026-05-13 17:03:30,710 [INFO] Scheduling entity extraction task for node_id=c3742382-293f-4915-ba14-2146d9a68f92
2026-05-13 17:03:30,715 [INFO] Scheduling entity extraction task for node_id=9d07c8d0-d1fe-40b0-bb64-804f37aea1c3
2026-05-13 17:03:30,774 [INFO] Scheduling entity extraction task for node_id=2e316e51-52f5-4be8-b0bb-37667cd628b2
2026-05-13 17:03:30,783 [INFO] Scheduling entity extraction task for node_id=c4ee9b61-ee61-4e42-9760-1fbefc0969cb
2026-05-13 17:03:30,790 [INFO] Scheduling entity extraction task for node_id=836c60a1-c9fd-4ead-abc3-60899ddd1fe4
2026-05-13 17:03:30,798 [INFO] Scheduling entity extraction task for node_id=2a9923de-9cce-43de-829f-7089bb71884e
2026-05-13 17:03:30,804 [INFO] Scheduling entity extraction task for node_id=563d7a33-fa8f-4d66-8b5a-34991dad2a81
2026-05-13 17:03:30,809 [INFO] Scheduling entity extraction task for node_id=06611a02-a456-4ddf-9fb2-2f800b5a1d5f
2026-05-13 17:03:30,816 [INFO] Scheduling entity extraction task for node_id=8be44ef7-d3e8-4159-8147-e2dcb61a6901
2026-05-13 17:03:30,822 [INFO] Scheduling entity extraction task for node_id=52e3684c-f770-4c91-acec-61250ff7f712
2026-05-13 17:03:30,827 [INFO] Scheduling entity extraction task for node_id=52e6fd21-9596-4f15-8e4c-68347abc5251
2026-05-13 17:03:30,835 [INFO] Scheduling entity extraction task for node_id=d087c728-1ceb-4d0f-a7a3-493fd80de6a7
2026-05-13 17:03:30,842 [INFO] Scheduling entity extraction task for node_id=d6095c71-d4ec-4602-a81a-613f6ab318e1
2026-05-13 17:03:30,849 [INFO] Scheduling entity extraction task for node_id=502facb0-98ff-4e64-bd9f-86eeef9107e1
2026-05-13 17:03:30,855 [INFO] Scheduling entity extraction task for node_id=9f16e390-1a7d-46f2-9d44-b2cadbe96981
2026-05-13 17:03:30,859 [INFO] Scheduling entity extraction task for node_id=9f64c074-252a-4969-991e-941904bfdfed
2026-05-13 17:03:30,865 [INFO] Scheduling entity extraction task for node_id=f1bf2787-3b6e-4da1-85cb-6d54e6e9ab75
2026-05-13 17:03:30,872 [INFO] Scheduling entity extraction task for node_id=8d7b0a7a-790c-4d50-8993-285269afc827
2026-05-13 17:03:30,878 [INFO] Scheduling entity extraction task for node_id=052fffe9-d6b2-40a3-94e9-d2921dc4c355
2026-05-13 17:03:30,885 [INFO] Scheduling entity extraction task for node_id=c3949b51-9487-44c4-9f4c-84d1b3ab302b
2026-05-13 17:03:30,890 [INFO] Scheduling entity extraction task for node_id=5adbb5d9-d89f-44f3-ae59-b8a0ce0e4d0b
2026-05-13 17:03:30,895 [INFO] Scheduling entity extraction task for node_id=2627cf0b-d437-459e-b6ae-492c4f5dec0d
2026-05-13 17:03:30,901 [INFO] Scheduling entity extraction task for node_id=7066686f-8d4b-4863-8c2f-827dc7c0bcaf
2026-05-13 17:03:30,907 [INFO] Scheduling entity extraction task for node_id=4c61d9e2-44ae-4a17-ad15-2a7ef0fe2895
2026-05-13 17:03:30,915 [INFO] Scheduling entity extraction task for node_id=10642c3a-34cc-4329-82ab-aaebfb9bd204
2026-05-13 17:03:30,922 [INFO] Scheduling entity extraction task for node_id=e58cc540-4862-489a-89bf-4ec0dd40dff7
2026-05-13 17:03:30,981 [INFO] Scheduling entity extraction task for node_id=30a9c3b2-c7c0-4fc8-aa65-7c631c654c8b
2026-05-13 17:03:30,985 [INFO] Scheduling entity extraction task for node_id=87b32f47-41b0-46a9-a38c-a06e1bc4e388
2026-05-13 17:03:30,990 [INFO] Scheduling entity extraction task for node_id=f692f879-438d-449d-9588-e812d44fc40d
2026-05-13 17:03:30,994 [INFO] Scheduling entity extraction task for node_id=731033b8-779d-4c65-8b8c-753f53a6fbb1
2026-05-13 17:03:31,046 [INFO] Scheduling entity extraction task for node_id=4f74d41b-1389-4f52-8a2c-4203a1b0dc6c
2026-05-13 17:03:31,052 [INFO] Scheduling entity extraction task for node_id=36fb8bca-aa38-49fd-989d-a8e4aea5d29f
2026-05-13 17:03:31,108 [INFO] Scheduling entity extraction task for node_id=fd19d183-90f4-46c4-97f1-91162fd9e6e5
2026-05-13 17:03:31,114 [INFO] Scheduling entity extraction task for node_id=207547c7-f62f-40cc-a92f-aaec6cf2e8fb
2026-05-13 17:03:31,122 [INFO] Scheduling entity extraction task for node_id=7335d9b9-152e-41db-afb8-a3ef34a5229a
2026-05-13 17:03:31,127 [INFO] Scheduling entity extraction task for node_id=71d8eee2-a0f0-457d-8faa-44203048d7e2
2026-05-13 17:03:31,133 [INFO] Scheduling entity extraction task for node_id=de748cab-e954-4f23-831e-58e1a07d318a
2026-05-13 17:03:31,139 [INFO] Scheduling entity extraction task for node_id=007072bd-b645-4383-be66-af9ca431fbe8
2026-05-13 17:03:31,150 [INFO] Scheduling entity extraction task for node_id=f6a11fab-34e1-46c2-92b7-5937a971bda7
2026-05-13 17:03:31,156 [INFO] Scheduling entity extraction task for node_id=ffd58a2d-0545-43c0-a121-84a822645854
2026-05-13 17:03:31,166 [INFO] Scheduling entity extraction task for node_id=cd04783a-723d-4b74-8283-dfe093f3ec54
2026-05-13 17:03:31,170 [INFO] Scheduling entity extraction task for node_id=21f0db7f-862a-47eb-bd5a-4745fb8b77ab
2026-05-13 17:03:31,176 [INFO] Scheduling entity extraction task for node_id=94073aa0-0bbc-4d3e-b88a-b24923d3f98f
2026-05-13 17:03:31,182 [INFO] Scheduling entity extraction task for node_id=fdf0768f-91ff-42a2-b96f-bc94dc2975ee
2026-05-13 17:03:31,187 [INFO] Scheduling entity extraction task for node_id=911feaf9-b28a-40e8-8343-964c81a623ba
2026-05-13 17:03:31,191 [INFO] Scheduling entity extraction task for node_id=c6d367c1-92be-4e39-866e-4c67d0c21178
2026-05-13 17:03:31,197 [INFO] Scheduling entity extraction task for node_id=ca7a6233-37d4-4f38-9a53-e8758f546055
2026-05-13 17:03:31,202 [INFO] Scheduling entity extraction task for node_id=afeafab0-5f1b-465c-b158-98adcf2b34ee
2026-05-13 17:03:31,207 [INFO] Scheduling entity extraction task for node_id=b71a3291-a05b-4443-aef6-df7e4dbdf148
2026-05-13 17:03:31,212 [INFO] Scheduling entity extraction task for node_id=62f382fb-8904-462e-b351-81a16801b771
2026-05-13 17:03:31,217 [INFO] Scheduling entity extraction task for node_id=df5fa94e-d142-48d0-95cd-c0390a0a01a9
2026-05-13 17:03:31,223 [INFO] Scheduling entity extraction task for node_id=39ba2750-df6c-4560-8c7b-4daf8967b924
2026-05-13 17:03:31,228 [INFO] Scheduling entity extraction task for node_id=85a5d06d-4649-4d55-b778-ebf4c039efc8
2026-05-13 17:03:31,233 [INFO] Scheduling entity extraction task for node_id=899b9e77-19b5-43ca-bd38-91c50b20ce61
2026-05-13 17:03:31,238 [INFO] Scheduling entity extraction task for node_id=b8ec0cf7-7d59-4c2e-9618-273b8f6f112c
2026-05-13 17:03:31,242 [INFO] Scheduling entity extraction task for node_id=ac322d94-49c8-427e-97b1-4c058d741b61
2026-05-13 17:03:31,247 [INFO] Scheduling entity extraction task for node_id=4b0e248a-1fc9-4e62-83ef-0bd6238f981e
2026-05-13 17:03:31,252 [INFO] Scheduling entity extraction task for node_id=57b250ea-b969-4e46-a538-4a09982a6671
2026-05-13 17:03:31,256 [INFO] Scheduling entity extraction task for node_id=8d1fca99-b57f-4aa1-ba40-357fe20053de
2026-05-13 17:03:31,260 [INFO] Scheduling entity extraction task for node_id=4f81387f-8b66-45e6-b488-98301907e724
2026-05-13 17:03:31,314 [INFO] Scheduling entity extraction task for node_id=6cd7b587-41ab-472d-9aaa-874a7f8d1cd8
2026-05-13 17:03:31,318 [INFO] Scheduling entity extraction task for node_id=804d428d-5f7d-4532-b006-37beb2728725
2026-05-13 17:03:31,325 [INFO] Scheduling entity extraction task for node_id=5495b94c-6661-4bc0-b171-552fa40d6bd1
2026-05-13 17:03:31,380 [INFO] Scheduling entity extraction task for node_id=b4c54528-93d7-45b7-b37f-6aa21c676af1
2026-05-13 17:03:31,386 [INFO] Scheduling entity extraction task for node_id=50e40e4b-aa26-4af1-9157-1bd16d1b1fe3
2026-05-13 17:03:31,440 [INFO] Scheduling entity extraction task for node_id=05997ce9-d32c-4b1c-8553-4c59e1eec8e7
2026-05-13 17:03:31,448 [INFO] Scheduling entity extraction task for node_id=dabc2cd7-0508-4876-b888-b55ec89a70ad
2026-05-13 17:03:31,456 [INFO] Scheduling entity extraction task for node_id=572a13e0-0125-40c6-b0ab-0092f88fa111
2026-05-13 17:03:31,462 [INFO] Scheduling entity extraction task for node_id=4fb27ff2-02f4-4755-8f16-b0d23e661ffa
2026-05-13 17:03:31,466 [INFO] Scheduling entity extraction task for node_id=ac700375-71a3-49c3-afc7-3cec84612324
2026-05-13 17:03:31,470 [INFO] Scheduling entity extraction task for node_id=4883c627-118a-433d-8dee-3446f19cbc8a
2026-05-13 17:03:31,475 [INFO] Scheduling entity extraction task for node_id=863342aa-8033-4976-8edc-4bc05f62d915
2026-05-13 17:03:31,479 [INFO] Scheduling entity extraction task for node_id=51b313b4-d645-4ebe-b621-8610aa1345a1
2026-05-13 17:03:31,484 [INFO] Scheduling entity extraction task for node_id=2465a7c9-7194-4c75-82f1-38b16051b30f
2026-05-13 17:03:31,489 [INFO] Scheduling entity extraction task for node_id=3aa684a2-aa02-4a65-b444-bd231444db81
2026-05-13 17:03:31,495 [INFO] Scheduling entity extraction task for node_id=d762b327-7ffc-4c6c-8d4d-2c35675fde74
2026-05-13 17:03:31,499 [INFO] Scheduling entity extraction task for node_id=5e2d71e0-3338-45e3-9008-08898a7ef6b8
2026-05-13 17:03:31,505 [INFO] Scheduling entity extraction task for node_id=61eb215b-40fd-4b91-9b64-f9d3dc2b55d9
2026-05-13 17:03:31,560 [INFO] Scheduling entity extraction task for node_id=3f91b88e-1e84-495a-bad6-dcbcf0e22a5f
2026-05-13 17:03:31,569 [INFO] Scheduling entity extraction task for node_id=6499dd05-66af-4cb0-aed9-d5426ac41b7d
2026-05-13 17:03:31,588 [INFO] Scheduling entity extraction task for node_id=130765f2-ab30-40ce-8661-50a4551461b8
2026-05-13 17:03:31,636 [INFO] Scheduling entity extraction task for node_id=7ea3a41f-cc19-4d87-bb31-10ee75a2df85
2026-05-13 17:03:31,643 [INFO] Scheduling entity extraction task for node_id=3fe1bc15-31c9-41d9-803d-e8c8233ed4a4
2026-05-13 17:03:31,649 [INFO] Scheduling entity extraction task for node_id=8316cd99-2937-49c7-bf31-cea8bf1686a8
2026-05-13 17:03:31,654 [INFO] Scheduling entity extraction task for node_id=33898893-4a97-442a-958e-0d4018d4614e
2026-05-13 17:03:31,658 [INFO] Scheduling entity extraction task for node_id=3afecf48-22af-4c8f-bd72-ce0a2f06e209
2026-05-13 17:03:31,662 [INFO] Scheduling entity extraction task for node_id=36230299-0d11-46aa-b7c5-4bb7cb8ce6a8
2026-05-13 17:03:31,667 [INFO] Scheduling entity extraction task for node_id=3513d31a-1722-4506-85b5-f1b23ad9bc19
2026-05-13 17:03:31,672 [INFO] Scheduling entity extraction task for node_id=0749fd05-a33f-47c9-b644-bfa95cb20e3d
2026-05-13 17:03:31,677 [INFO] Scheduling entity extraction task for node_id=afc1acf4-b87b-40c7-a5d9-ad3d4b3481a3
2026-05-13 17:03:31,682 [INFO] Scheduling entity extraction task for node_id=04ba8216-1b81-46d8-add3-3fdbaafb874b
2026-05-13 17:03:31,686 [INFO] Scheduling entity extraction task for node_id=45fd281e-2420-497a-b3ae-332872947f56
2026-05-13 17:03:31,692 [INFO] Scheduling entity extraction task for node_id=d829bd9b-3f49-481b-84f7-e024a8dc9e76
2026-05-13 17:03:31,696 [INFO] Scheduling entity extraction task for node_id=ac160b70-e45b-49fa-97c0-f728adda4815
2026-05-13 17:03:31,703 [INFO] Scheduling entity extraction task for node_id=db27a123-69a9-4b54-9c48-324cdd718564
2026-05-13 17:03:31,708 [INFO] Scheduling entity extraction task for node_id=7b1d5148-69b4-46dc-9f5c-16fcd22dc0a8
2026-05-13 17:03:31,712 [INFO] Scheduling entity extraction task for node_id=908a8525-4f19-4b17-b949-f42655be9c0a
2026-05-13 17:03:31,716 [INFO] Scheduling entity extraction task for node_id=ddb2cbcf-a8ba-415e-a4bd-cd9b0d3ad7b8
2026-05-13 17:03:31,722 [INFO] Scheduling entity extraction task for node_id=c6e3ef15-e467-4828-814a-c8829fa02e68
2026-05-13 17:03:31,727 [INFO] Scheduling entity extraction task for node_id=28872a38-67c1-4909-b962-7708bfe9e2f3
2026-05-13 17:03:31,731 [INFO] Scheduling entity extraction task for node_id=309f76d6-2fc7-4755-8a17-090a0816849e
2026-05-13 17:03:31,737 [INFO] Scheduling entity extraction task for node_id=02016dcf-a2c8-4610-8788-748224bc9418
2026-05-13 17:03:31,741 [INFO] Scheduling entity extraction task for node_id=68b6065d-3183-43f2-8bec-4d91138a2384
2026-05-13 17:03:31,747 [INFO] Scheduling entity extraction task for node_id=312d2f48-987f-4ef3-8f81-3e2c97332874
2026-05-13 17:03:31,751 [INFO] Scheduling entity extraction task for node_id=4e6def36-9caa-468a-9df0-de60b4730e18
2026-05-13 17:03:31,756 [INFO] Scheduling entity extraction task for node_id=29a2408a-c369-4a09-bb3d-4ad25a01e470
2026-05-13 17:03:31,761 [INFO] Scheduling entity extraction task for node_id=d8ffa048-05f8-4475-be61-37c059ce5a8f
2026-05-13 17:03:31,818 [INFO] Scheduling entity extraction task for node_id=2bf00424-8ff3-4bb3-9c5d-7b5af448e442
2026-05-13 17:03:31,827 [INFO] Scheduling entity extraction task for node_id=43c295d1-f6f6-419e-9250-fb90bc5071dc
2026-05-13 17:03:31,834 [INFO] Scheduling entity extraction task for node_id=5c5dcf1b-def5-4f2e-9b36-15e87a86ac4c
2026-05-13 17:03:31,840 [INFO] Scheduling entity extraction task for node_id=42e59a98-088f-4eba-8c92-7251b1266768
2026-05-13 17:03:31,847 [INFO] Scheduling entity extraction task for node_id=fc303aa1-7c3f-493e-99e3-552b123a6074
2026-05-13 17:03:31,854 [INFO] Scheduling entity extraction task for node_id=1caac3c2-085c-478f-ab1d-098e00cb0007
2026-05-13 17:03:31,860 [INFO] Scheduling entity extraction task for node_id=5e91d516-fb57-4a24-bc30-b1e8cbf86a30
2026-05-13 17:03:31,868 [INFO] Scheduling entity extraction task for node_id=04031a08-1fee-4238-96b7-39ce80c3067d
2026-05-13 17:03:31,872 [INFO] Scheduling entity extraction task for node_id=5cb410fb-abfe-4ffe-b561-1bf5ac1fcade
2026-05-13 17:03:31,876 [INFO] Scheduling entity extraction task for node_id=e0f07c93-ffc1-4405-9743-071f1cf2ed8c
2026-05-13 17:03:31,881 [INFO] Scheduling entity extraction task for node_id=4f8d548c-998b-4b35-b2c0-a9a265846717
2026-05-13 17:03:31,886 [INFO] Scheduling entity extraction task for node_id=b93dee54-2ec0-4a06-bacf-a1fa24096e9c
2026-05-13 17:03:31,890 [INFO] Scheduling entity extraction task for node_id=1c28ec7b-f8c1-413d-8b47-4df8e33a8e5c
2026-05-13 17:03:31,944 [INFO] Scheduling entity extraction task for node_id=bc858850-a0b4-4da6-904f-bf5b93eb2357
2026-05-13 17:03:31,949 [INFO] Scheduling entity extraction task for node_id=c0022831-dc65-4b56-be01-e4d264c6ea0d
2026-05-13 17:03:31,955 [INFO] Scheduling entity extraction task for node_id=daf0c308-acd7-4eed-95b0-ec07c0fe8ee7
2026-05-13 17:03:31,961 [INFO] Scheduling entity extraction task for node_id=5eaa838b-eaa3-4d47-95fd-de314462047b
2026-05-13 17:03:31,966 [INFO] Scheduling entity extraction task for node_id=b3078557-40df-4d79-9238-9302e8229085
2026-05-13 17:03:31,972 [INFO] Scheduling entity extraction task for node_id=0ac22cfb-c010-463c-8c1d-081259b63c5c
2026-05-13 17:03:31,977 [INFO] Scheduling entity extraction task for node_id=bed4edea-2ff7-46a6-8007-4890e503a802
2026-05-13 17:03:31,984 [INFO] Scheduling entity extraction task for node_id=68a47c3f-c3a5-496d-9a0d-e50a0cd75c31
2026-05-13 17:03:31,989 [INFO] Scheduling entity extraction task for node_id=9fd8c275-ef66-47b3-91bc-53b9f97a08bd
2026-05-13 17:03:31,995 [INFO] Scheduling entity extraction task for node_id=322a9178-61d7-44c4-8219-de3f6945bd0f
2026-05-13 17:03:32,000 [INFO] Scheduling entity extraction task for node_id=a7d11c40-72d9-401c-96a8-83328523132d
2026-05-13 17:03:32,006 [INFO] Scheduling entity extraction task for node_id=1f8429c4-e745-4f60-83be-31202e586df6
2026-05-13 17:03:32,011 [INFO] Scheduling entity extraction task for node_id=d8b3f01f-8532-4690-80b4-008f7f780de0
2026-05-13 17:03:32,017 [INFO] Scheduling entity extraction task for node_id=fa1589fe-098f-40ec-a3fb-bd1b2f3f6f1d
2026-05-13 17:03:32,022 [INFO] Scheduling entity extraction task for node_id=c37cafd2-b386-4531-bfdd-adc8d4c74676
2026-05-13 17:03:32,076 [INFO] Scheduling entity extraction task for node_id=94176e10-a5f3-4f3a-aff5-77292ee6364b
2026-05-13 17:03:32,083 [INFO] Scheduling entity extraction task for node_id=95414da9-f91b-46ef-b0da-d4d3ee67eafc
2026-05-13 17:03:32,091 [INFO] Scheduling entity extraction task for node_id=e820fb5a-0c53-4f2d-a0cf-da533bacbf31
2026-05-13 17:03:32,101 [INFO] Scheduling entity extraction task for node_id=cbb1fb8d-b463-405c-9150-eeb29119c4d6
2026-05-13 17:03:32,157 [INFO] Scheduling entity extraction task for node_id=e2b1d84d-04ac-4da9-a326-94316b158fba
2026-05-13 17:03:32,162 [INFO] Scheduling entity extraction task for node_id=748dad10-e907-433f-aef9-61c8fdd2e75c
2026-05-13 17:03:32,168 [INFO] Scheduling entity extraction task for node_id=afa29ce0-7574-428d-bf60-77d4400ea74d
2026-05-13 17:03:32,173 [INFO] Scheduling entity extraction task for node_id=8c495f6f-b77f-4f14-9b9c-a98979d60705
2026-05-13 17:03:32,179 [INFO] Scheduling entity extraction task for node_id=0d780408-3d6b-497f-98e6-ac81d795ea07
2026-05-13 17:03:32,183 [INFO] Scheduling entity extraction task for node_id=5e7b2aa0-1bcc-4a6f-b859-fac56c687f1a
2026-05-13 17:03:32,189 [INFO] Scheduling entity extraction task for node_id=917d89db-308c-444b-ac08-912df63957ef
2026-05-13 17:03:32,193 [INFO] Scheduling entity extraction task for node_id=53dfc5e4-ef7d-4491-a823-fb8c58628c37
2026-05-13 17:03:32,198 [INFO] Scheduling entity extraction task for node_id=1f46d520-6dcb-4a18-b8b9-8d8a5f6a6e3d
2026-05-13 17:03:32,203 [INFO] Scheduling entity extraction task for node_id=e810929d-89a0-4a64-bbca-a7cc38978bb8
2026-05-13 17:03:32,207 [INFO] Scheduling entity extraction task for node_id=ba18ea9c-6449-473b-a5b7-ba82788bb1b7
2026-05-13 17:03:32,214 [INFO] Scheduling entity extraction task for node_id=9bf342d9-82f7-4970-a660-03ff1f751c9d
2026-05-13 17:03:32,219 [INFO] Scheduling entity extraction task for node_id=14d61ab2-6e4a-407d-9483-b12a02426d96
2026-05-13 17:03:32,223 [INFO] Scheduling entity extraction task for node_id=33ced0c2-f07d-49f7-aa55-863e002841c3
2026-05-13 17:03:32,278 [INFO] Scheduling entity extraction task for node_id=ebf9c940-6e23-4d50-aef8-febc96c7f318
2026-05-13 17:03:32,283 [INFO] Scheduling entity extraction task for node_id=759b8818-ff7e-4543-9e60-75f14407b6b0
2026-05-13 17:03:32,335 [INFO] Scheduling entity extraction task for node_id=3a3e3477-5bec-4300-ab38-5559a631a130
2026-05-13 17:03:32,341 [INFO] Scheduling entity extraction task for node_id=44de5a8e-ac4f-4f29-84f0-1f57d465da52
2026-05-13 17:03:32,397 [INFO] Scheduling entity extraction task for node_id=340b858d-c14c-4de5-ac1c-3c38b567f137
2026-05-13 17:03:32,403 [INFO] Scheduling entity extraction task for node_id=ff491493-ea4d-4e01-8317-5c6bffd5e88f
2026-05-13 17:03:32,409 [INFO] Scheduling entity extraction task for node_id=495ab417-f329-4129-a624-a47eb70d6a96
2026-05-13 17:03:32,419 [INFO] Scheduling entity extraction task for node_id=d3573465-ecac-4eeb-9f17-502d1da4d4c3
2026-05-13 17:03:32,425 [INFO] Scheduling entity extraction task for node_id=87f9b585-75d7-47f7-b2c0-3e4b34ca5aa0
2026-05-13 17:03:32,432 [INFO] Scheduling entity extraction task for node_id=0a36e8a9-9e89-4717-9094-df0a85f80037
2026-05-13 17:03:32,446 [INFO] Scheduling entity extraction task for node_id=2a9b3deb-e1d5-45b8-8789-28e6fd25eea4
2026-05-13 17:03:32,454 [INFO] Scheduling entity extraction task for node_id=4603c15f-2770-4f4e-a348-1eabfab55feb
2026-05-13 17:03:32,462 [INFO] Scheduling entity extraction task for node_id=46fd52ff-4444-46b6-9462-7c567304446c
2026-05-13 17:03:32,468 [INFO] Scheduling entity extraction task for node_id=4f2fc7a3-dec2-451e-ac77-f4eff4e38c32
2026-05-13 17:03:32,483 [INFO] Scheduling entity extraction task for node_id=1620ba11-bc01-4d64-b70d-9e84e009f62b
2026-05-13 17:03:32,490 [INFO] Scheduling entity extraction task for node_id=b6b74ac8-b363-48ec-a44e-46d9a9e958eb
2026-05-13 17:03:32,500 [INFO] Scheduling entity extraction task for node_id=bd212291-a15d-41b9-a471-f0216eb28e76
2026-05-13 17:03:32,506 [INFO] Scheduling entity extraction task for node_id=8849d36e-aba8-4f2b-a482-d1ca350a6585
2026-05-13 17:03:32,514 [INFO] Scheduling entity extraction task for node_id=efea6c75-c284-482f-a4c8-90429e891461
2026-05-13 17:03:32,518 [INFO] Scheduling entity extraction task for node_id=701d0c11-fa93-46d7-8e5e-99838e4328cb
2026-05-13 17:03:32,526 [INFO] Scheduling entity extraction task for node_id=2856967b-6f29-4962-9aac-09c285dc95b4
2026-05-13 17:03:32,532 [INFO] Scheduling entity extraction task for node_id=7ede4668-1c9b-4bbb-ae09-e3d1b74cc66c
2026-05-13 17:03:32,537 [INFO] Scheduling entity extraction task for node_id=b55a9515-c60b-4887-9216-908dfd771742
2026-05-13 17:03:32,545 [INFO] Scheduling entity extraction task for node_id=75ea8556-642e-4c52-8822-2e8bf738a0d9
2026-05-13 17:03:32,551 [INFO] Scheduling entity extraction task for node_id=e02e62e3-bc26-4542-922a-813fea03ba45
2026-05-13 17:03:32,559 [INFO] Scheduling entity extraction task for node_id=8bea08d0-2c83-44c4-abe4-6193b02a8e66
2026-05-13 17:03:32,565 [INFO] Scheduling entity extraction task for node_id=20823673-64c2-4005-a05c-e0071f793858
2026-05-13 17:03:32,572 [INFO] Scheduling entity extraction task for node_id=b6c71bc9-b4d9-4edf-bddc-ffe7af94b1ee
2026-05-13 17:03:32,578 [INFO] Scheduling entity extraction task for node_id=752dbaec-0c0c-4492-a3fa-1c8161e91b1b
2026-05-13 17:03:32,635 [INFO] Scheduling entity extraction task for node_id=83210daa-0408-4ab0-beee-99e4936335ab
2026-05-13 17:03:32,641 [INFO] Scheduling entity extraction task for node_id=767aa176-23e5-4a30-94a2-b94bf38475f2
2026-05-13 17:03:32,648 [INFO] Scheduling entity extraction task for node_id=34f6e22b-4c8a-43e0-a362-9abfea9c192c
2026-05-13 17:03:32,656 [INFO] Scheduling entity extraction task for node_id=bebc3770-1ebd-4a2a-9832-385a58020503
2026-05-13 17:03:32,662 [INFO] Scheduling entity extraction task for node_id=79e2936c-060d-4cec-8f6c-5df9cdefe1ea
2026-05-13 17:03:32,670 [INFO] Scheduling entity extraction task for node_id=9add179a-0579-43ef-a2ee-8c40bccd20a3
2026-05-13 17:03:32,678 [INFO] Scheduling entity extraction task for node_id=a0b09085-718f-4104-9f3b-8b85d55024b1
2026-05-13 17:03:32,687 [INFO] Scheduling entity extraction task for node_id=59635675-4bd0-4045-abf2-09437e6916e4
2026-05-13 17:03:32,693 [INFO] Scheduling entity extraction task for node_id=76dc6e79-ffe3-4dc7-a3bf-a4ee128bde10
2026-05-13 17:03:32,698 [INFO] Scheduling entity extraction task for node_id=56c003da-183c-4428-a94e-d35600d4d3ed
2026-05-13 17:03:32,704 [INFO] Scheduling entity extraction task for node_id=c0a57252-f978-4d9c-9d68-5f33161f1a13
2026-05-13 17:03:32,714 [INFO] Scheduling entity extraction task for node_id=c60f9bbf-3ba7-48f7-9025-8ee4ac761f9b
2026-05-13 17:03:32,724 [INFO] Scheduling entity extraction task for node_id=e641148b-7194-4588-9ccd-546c61ea54ed
2026-05-13 17:03:32,731 [INFO] Scheduling entity extraction task for node_id=ae12b3af-5ffd-47d6-9539-0f882c54acce
2026-05-13 17:03:32,738 [INFO] Scheduling entity extraction task for node_id=951a6842-eadb-4202-a078-bd868e25bec2
2026-05-13 17:03:32,744 [INFO] Scheduling entity extraction task for node_id=578bfe05-f5b2-4b14-a700-d509500e63f1
2026-05-13 17:03:32,801 [INFO] Scheduling entity extraction task for node_id=01c6897e-60aa-49a3-a3c6-c58b2a982383
2026-05-13 17:03:32,808 [INFO] Scheduling entity extraction task for node_id=69901aff-52a8-473c-aa40-30c1cf2ab1af
2026-05-13 17:03:32,817 [INFO] Scheduling entity extraction task for node_id=d475f355-3f33-4233-ab5d-5f0cdc3cdc8b
2026-05-13 17:03:32,826 [INFO] Scheduling entity extraction task for node_id=178ee7dd-0198-491f-bada-84c6de942b35
2026-05-13 17:03:32,835 [INFO] Scheduling entity extraction task for node_id=3698f84f-affa-45f8-b1a2-306bcec94cdd
2026-05-13 17:03:32,845 [INFO] Scheduling entity extraction task for node_id=f0b82b69-030b-4359-99cd-2ee1103b41f7
2026-05-13 17:03:32,852 [INFO] Scheduling entity extraction task for node_id=7ac22bcd-16c7-4e2f-8b45-8840680bd40a
2026-05-13 17:03:32,859 [INFO] Scheduling entity extraction task for node_id=9d8a419b-2b74-4eb9-a94a-59a75b44d6ca
2026-05-13 17:03:32,865 [INFO] Scheduling entity extraction task for node_id=3fcdcb23-d7cf-4d5d-a760-6973f5a58598
2026-05-13 17:03:32,872 [INFO] Scheduling entity extraction task for node_id=43c31871-3b1d-47f7-b11c-975a880829b6
2026-05-13 17:03:32,878 [INFO] Scheduling entity extraction task for node_id=685fdb75-09d0-4ce6-a8dd-74dfe99ebf2b
2026-05-13 17:03:32,884 [INFO] Scheduling entity extraction task for node_id=a6473e74-f7f9-4940-82cd-6acc530b7429
2026-05-13 17:03:32,890 [INFO] Scheduling entity extraction task for node_id=d4aefbd6-25b6-4503-9738-e5ef49713fa1
2026-05-13 17:03:32,895 [INFO] Scheduling entity extraction task for node_id=9b15ec8c-a962-4ef0-84c9-1f306670b208
2026-05-13 17:03:32,902 [INFO] Scheduling entity extraction task for node_id=e4039859-23b2-4ca7-9ea2-b943ca6b421e
2026-05-13 17:03:32,910 [INFO] Scheduling entity extraction task for node_id=011dcee3-7224-4122-bf19-2aff0f00f37a
2026-05-13 17:03:32,918 [INFO] Scheduling entity extraction task for node_id=e76ddee2-cb72-4bad-b0ad-fadaeb67c46a
2026-05-13 17:03:32,927 [INFO] Scheduling entity extraction task for node_id=3ca894a3-95c4-4734-9d0b-cd7455d097db
2026-05-13 17:03:32,985 [INFO] Scheduling entity extraction task for node_id=966508ba-d38d-4d15-8422-d887ea93a227
2026-05-13 17:03:32,992 [INFO] Scheduling entity extraction task for node_id=2e7877bd-b41c-4520-a26c-4a6cbba59d82
2026-05-13 17:03:33,049 [INFO] Scheduling entity extraction task for node_id=88e11d47-9f2f-4f0f-a229-e767c031f3ba
2026-05-13 17:03:33,057 [INFO] Scheduling entity extraction task for node_id=15fc4489-18a0-4b87-afc4-d7583cf5d637
2026-05-13 17:03:33,065 [INFO] Scheduling entity extraction task for node_id=e49b43a7-27fc-48d8-aabd-45380fb0814b
2026-05-13 17:03:33,073 [INFO] Scheduling entity extraction task for node_id=ae644a1e-720b-4e33-a9c6-3271087d222d
2026-05-13 17:03:33,081 [INFO] Scheduling entity extraction task for node_id=9d0cca2d-3df3-4839-8a6a-d63e382232f1
2026-05-13 17:03:33,089 [INFO] Scheduling entity extraction task for node_id=b9ada5c4-5db9-43a4-8f7f-2afd800885bc
2026-05-13 17:03:33,096 [INFO] Scheduling entity extraction task for node_id=c4efc659-fcad-41a5-8165-0d6b2118c608
2026-05-13 17:03:33,103 [INFO] Scheduling entity extraction task for node_id=cb3f13c3-7a75-4b8b-833d-3bd5b3141e5f
2026-05-13 17:03:33,110 [INFO] Scheduling entity extraction task for node_id=1c19e9a7-5974-41cb-98e2-517047a0f0a9
2026-05-13 17:03:33,117 [INFO] Scheduling entity extraction task for node_id=7baebacf-712a-4e5c-a267-8d154615a957
2026-05-13 17:03:33,124 [INFO] Scheduling entity extraction task for node_id=20ba91ea-7bae-4ad6-8e14-9874579eb2a1
2026-05-13 17:03:33,132 [INFO] Scheduling entity extraction task for node_id=5cb07f83-0a23-4495-a3c8-d183f960be9d
2026-05-13 17:03:33,139 [INFO] Scheduling entity extraction task for node_id=84e5e28d-4ec0-4763-86a9-e5151af3e883
2026-05-13 17:03:33,145 [INFO] Scheduling entity extraction task for node_id=2a471b62-e7ef-4f23-a648-088b8b175233
2026-05-13 17:03:33,207 [INFO] Scheduling entity extraction task for node_id=4a9af515-2db3-43bc-a3bb-b755d1de0490
2026-05-13 17:03:33,267 [INFO] Scheduling entity extraction task for node_id=fb622016-2d48-4a2a-8461-5df1e2e8f3da
2026-05-13 17:03:33,274 [INFO] Scheduling entity extraction task for node_id=80aa79dc-1fa0-44eb-8dd8-20ed51be85f5
2026-05-13 17:03:33,284 [INFO] Scheduling entity extraction task for node_id=a7de37b7-5b7e-4634-86a6-c1ab6e1f75d3
2026-05-13 17:03:33,290 [INFO] Scheduling entity extraction task for node_id=97051fce-57ff-45df-9ffa-03ef5f88b2e0
2026-05-13 17:03:33,298 [INFO] Scheduling entity extraction task for node_id=2ceee9bc-5336-480b-8ac6-01b48b0593f5
2026-05-13 17:03:33,305 [INFO] Scheduling entity extraction task for node_id=9491224e-ff10-4b1f-bef1-668b16f80f76
2026-05-13 17:03:33,312 [INFO] Scheduling entity extraction task for node_id=7a72661b-5018-45aa-b7a6-55feae187390
2026-05-13 17:03:33,322 [INFO] Scheduling entity extraction task for node_id=ee127759-6d0b-4b15-a9d6-884707d8340c
2026-05-13 17:03:33,328 [INFO] Scheduling entity extraction task for node_id=76acc5d4-09ab-454d-baeb-09fd9631467b
2026-05-13 17:03:33,336 [INFO] Scheduling entity extraction task for node_id=9293fbfe-f00d-4091-a4c5-78613e27f360
2026-05-13 17:03:33,345 [INFO] Scheduling entity extraction task for node_id=d63f95c0-03f7-4344-a20f-c5f304aaca36
2026-05-13 17:03:33,368 [INFO] Scheduling entity extraction task for node_id=19f948cd-3870-476d-acd7-8d5f87ffb9ae
2026-05-13 17:03:33,420 [INFO] Scheduling entity extraction task for node_id=4b087a63-8e9b-4481-b091-2a9370f1c528
2026-05-13 17:03:33,426 [INFO] Scheduling entity extraction task for node_id=06b7a91c-0d3b-4405-a5c1-c2cc39bb9594
2026-05-13 17:03:33,435 [INFO] Scheduling entity extraction task for node_id=b807b760-4583-47fb-b2ee-3f5ac6ac1df5
2026-05-13 17:03:33,443 [INFO] Scheduling entity extraction task for node_id=90281ced-39c2-4645-81eb-bf82e670d670
2026-05-13 17:03:33,450 [INFO] Scheduling entity extraction task for node_id=645ef259-2ce6-40c0-907e-30ca84fdf0d5
2026-05-13 17:03:33,458 [INFO] Scheduling entity extraction task for node_id=dd7a5852-a090-4a98-9591-445d0cfe4f71
2026-05-13 17:03:33,465 [INFO] Scheduling entity extraction task for node_id=91bcc884-80d5-4802-830c-fa4c3f8776c0
2026-05-13 17:03:33,473 [INFO] Scheduling entity extraction task for node_id=11e3ab37-fe5b-49a2-ab76-0db800ef1999
2026-05-13 17:03:33,479 [INFO] Scheduling entity extraction task for node_id=5b7854b5-b0d4-4eb7-9adc-73844c7bd706
2026-05-13 17:03:33,487 [INFO] Scheduling entity extraction task for node_id=10409414-4e5b-42b6-9c31-be760afac64c
2026-05-13 17:03:33,496 [INFO] Scheduling entity extraction task for node_id=6ab20a0b-82c7-4c6c-8a44-e1a0668eb2d8
2026-05-13 17:03:33,501 [INFO] Scheduling entity extraction task for node_id=edc2f8bc-4ee4-4f6b-bf4b-d958fe674438
2026-05-13 17:03:33,508 [INFO] Scheduling entity extraction task for node_id=a54afd35-7bf7-43aa-b3d7-a7980f49616b
2026-05-13 17:03:33,517 [INFO] Scheduling entity extraction task for node_id=808e274e-98a4-4d9c-8b92-7a04060d997c
2026-05-13 17:03:33,524 [INFO] Scheduling entity extraction task for node_id=b9718bad-a467-444a-9991-b5fb24675da3
2026-05-13 17:03:33,530 [INFO] Scheduling entity extraction task for node_id=0070dc0f-75cc-48b4-a0b4-e18c4bcb90f1
2026-05-13 17:03:33,538 [INFO] Scheduling entity extraction task for node_id=38fa5236-9a6c-4b43-a7da-b69c86731304
2026-05-13 17:03:33,547 [INFO] Scheduling entity extraction task for node_id=4c639bda-c527-4ee3-8e8a-74dd770dc12e
2026-05-13 17:03:33,553 [INFO] Scheduling entity extraction task for node_id=774d5501-5aad-4898-be23-d091d60ad93b
2026-05-13 17:03:33,561 [INFO] Scheduling entity extraction task for node_id=453d9e40-9d09-4bf8-ab6b-8084cb249b97
2026-05-13 17:03:33,568 [INFO] Scheduling entity extraction task for node_id=5616ad83-cf53-444a-b15e-6c8834149988
2026-05-13 17:03:33,575 [INFO] Scheduling entity extraction task for node_id=f0fb9fed-28c2-4078-97d8-65ace7d300bb
2026-05-13 17:03:33,583 [INFO] Scheduling entity extraction task for node_id=cc96dcbc-03e1-4b04-a1b7-06a29dcf8fa6
2026-05-13 17:03:33,591 [INFO] Scheduling entity extraction task for node_id=8bb911f2-e63b-48e2-a743-0e91b827feb9
2026-05-13 17:03:33,597 [INFO] Scheduling entity extraction task for node_id=425e2c75-728c-4aee-8c37-33e103fe0a91
2026-05-13 17:03:33,605 [INFO] Scheduling entity extraction task for node_id=4d385885-7830-4eb7-86c9-a33b39d2f389
2026-05-13 17:03:33,611 [INFO] Scheduling entity extraction task for node_id=55c622a5-66fd-44c9-ad23-fb0189e82c84
2026-05-13 17:03:33,618 [INFO] Scheduling entity extraction task for node_id=25d05129-78b7-44b8-9cbd-8618f51db7c5
2026-05-13 17:03:33,623 [INFO] Scheduling entity extraction task for node_id=87a3b421-bf95-466f-a0e5-f8c15b36ea06
2026-05-13 17:03:33,631 [INFO] Scheduling entity extraction task for node_id=65f1a942-40e4-4eda-ba16-40520245fb88
2026-05-13 17:03:33,638 [INFO] Scheduling entity extraction task for node_id=f12f5fcc-3581-4b7d-8b1b-f5f9a900efca
2026-05-13 17:03:33,644 [INFO] Scheduling entity extraction task for node_id=3b9bfc94-3a3f-45f7-839f-a18ebf585844
2026-05-13 17:03:33,651 [INFO] Scheduling entity extraction task for node_id=386c66e6-ace6-4b4a-a4ab-746bec46c3d1
2026-05-13 17:03:33,659 [INFO] Scheduling entity extraction task for node_id=1e87a682-5ae7-4855-ad06-fc2103f0df78
2026-05-13 17:03:33,665 [INFO] Scheduling entity extraction task for node_id=c6048d97-1015-459c-8ca1-784a9a091bec
2026-05-13 17:03:33,671 [INFO] Scheduling entity extraction task for node_id=f1d3d369-01b1-478b-b3f0-e462dee15fbd
2026-05-13 17:03:33,681 [INFO] Scheduling entity extraction task for node_id=2ebaeb17-14c0-43c7-9574-dba4f4b6f5ab
2026-05-13 17:03:33,687 [INFO] Scheduling entity extraction task for node_id=9110749f-1807-4cf6-ad83-1c6f5762592b
2026-05-13 17:03:33,693 [INFO] Scheduling entity extraction task for node_id=4a458104-3320-4c0f-9539-8da01e044112
2026-05-13 17:03:33,699 [INFO] Scheduling entity extraction task for node_id=d8c3ceee-7a9a-416a-be5e-1fc5e178ce74
2026-05-13 17:03:33,706 [INFO] Scheduling entity extraction task for node_id=157dd503-e286-4b52-a85a-7758a215c8c0
2026-05-13 17:03:33,978 [INFO] Scheduling entity extraction task for node_id=e109ec67-26e2-434b-9b26-5abafb42ed28
2026-05-13 17:03:33,993 [INFO] Scheduling entity extraction task for node_id=653172bf-4422-4f6e-9e87-5df1dc6c697e
2026-05-13 17:03:34,001 [INFO] Scheduling entity extraction task for node_id=18c6d4f5-597d-459b-a845-50e5a742a357
2026-05-13 17:03:34,009 [INFO] Scheduling entity extraction task for node_id=983e8e6e-17b4-4fcc-a479-7c7aca209b95
2026-05-13 17:03:34,017 [INFO] Scheduling entity extraction task for node_id=6aa663a6-d0aa-4038-96f5-38774629e543
2026-05-13 17:03:34,026 [INFO] Scheduling entity extraction task for node_id=ede13514-d873-4556-9619-0ecb480a0191
2026-05-13 17:03:34,032 [INFO] Scheduling entity extraction task for node_id=aa003326-3bbd-45be-ab3d-6bfabdfff2ad
2026-05-13 17:03:34,040 [INFO] Scheduling entity extraction task for node_id=d45bef8a-ec1f-4b0f-8c62-2983460555ea
2026-05-13 17:03:34,047 [INFO] Scheduling entity extraction task for node_id=077d44ec-faa2-4125-8af9-5e4db6114b88
2026-05-13 17:03:34,053 [INFO] Scheduling entity extraction task for node_id=e1abf83c-9518-4570-914c-b912b52af532
2026-05-13 17:03:34,061 [INFO] Scheduling entity extraction task for node_id=65ade686-f20b-4c84-9af7-d0485bc0e003
2026-05-13 17:03:34,067 [INFO] Scheduling entity extraction task for node_id=1ccbb750-86c9-4359-a228-f1b00d12541b
2026-05-13 17:03:34,075 [INFO] Scheduling entity extraction task for node_id=f172d3e0-f597-4e6c-93d2-3ba29c09250b
2026-05-13 17:03:34,083 [INFO] Scheduling entity extraction task for node_id=718e4cbc-4c55-4657-a486-c9b3ab072f38
2026-05-13 17:03:34,090 [INFO] Scheduling entity extraction task for node_id=78d004f7-4c37-4f85-92a9-f48e8340554c
2026-05-13 17:03:34,095 [INFO] Scheduling entity extraction task for node_id=0f67e29e-a32e-4d59-84e5-9076567db287
2026-05-13 17:03:34,102 [INFO] Scheduling entity extraction task for node_id=6aac5db4-f2e3-4613-a452-e1654de148f3
2026-05-13 17:03:34,107 [INFO] Scheduling entity extraction task for node_id=8e90fbde-1408-4460-bb10-22ae4e82e252
2026-05-13 17:03:34,114 [INFO] Scheduling entity extraction task for node_id=8b19e8c4-5122-4b55-8858-3956f3052c71
2026-05-13 17:03:34,120 [INFO] Scheduling entity extraction task for node_id=ce65e4cf-dbdc-4a79-8b6b-6ea829c131ed
2026-05-13 17:03:34,126 [INFO] Scheduling entity extraction task for node_id=9dac7205-1381-482e-9f0d-e7102b24f756
2026-05-13 17:03:34,134 [INFO] Scheduling entity extraction task for node_id=0cdf0ab9-6c1f-47a8-ac8e-9bd33e8e4238
2026-05-13 17:03:34,140 [INFO] Scheduling entity extraction task for node_id=9f6b99be-6ffa-445d-98d6-2da935034545
2026-05-13 17:03:34,148 [INFO] Scheduling entity extraction task for node_id=2d09d078-bea1-4694-9e39-d42e81f3a85c
2026-05-13 17:03:34,155 [INFO] Scheduling entity extraction task for node_id=cf9e2c0d-6f75-488f-9dcc-4053803990a9
2026-05-13 17:03:34,162 [INFO] Scheduling entity extraction task for node_id=fe678324-6c32-47f7-abc8-6b28925369be
2026-05-13 17:03:34,169 [INFO] Scheduling entity extraction task for node_id=a6f39b2c-5449-4e9f-96e2-662049598384
2026-05-13 17:03:34,175 [INFO] Scheduling entity extraction task for node_id=8f6975bd-6165-4598-b7c8-c440df0d8728
2026-05-13 17:03:34,182 [INFO] Scheduling entity extraction task for node_id=b1552c8b-b998-48d9-9a8c-0cc2b5276bd3
2026-05-13 17:03:34,187 [INFO] Scheduling entity extraction task for node_id=61417039-7052-4496-a861-7ee1be5e5216
2026-05-13 17:03:34,194 [INFO] Scheduling entity extraction task for node_id=7f423713-4055-48eb-8c89-ec1c05167ba3
2026-05-13 17:03:34,202 [INFO] Scheduling entity extraction task for node_id=d86827f7-1504-48ef-ac84-48a829618f2f
2026-05-13 17:03:34,210 [INFO] Scheduling entity extraction task for node_id=ead4a610-d033-42d9-915c-34b0a5788bb4
2026-05-13 17:03:34,222 [INFO] Scheduling entity extraction task for node_id=fdf8c438-c8c9-48d7-a2ab-204cc70d416e
2026-05-13 17:03:34,244 [INFO] Scheduling entity extraction task for node_id=2cda0c90-5522-4b6a-9d9d-15df75fb1830
2026-05-13 17:03:34,296 [INFO] Scheduling entity extraction task for node_id=a7b10f32-c07b-4b6a-8121-d1c7e3e251a5
2026-05-13 17:03:34,303 [INFO] Scheduling entity extraction task for node_id=720ebdd5-b3f3-43b9-8e83-a0a50ff96588
2026-05-13 17:03:34,312 [INFO] Scheduling entity extraction task for node_id=99164517-6a4a-4bcf-9c2e-98b54b9501c1
2026-05-13 17:03:34,317 [INFO] Scheduling entity extraction task for node_id=609bc810-1ab4-4a1d-bdfd-e403e26f8ecb
2026-05-13 17:03:34,323 [INFO] Scheduling entity extraction task for node_id=3361dd69-b11b-47db-975a-fe80268855b3
2026-05-13 17:03:34,328 [INFO] Scheduling entity extraction task for node_id=b68cc4d3-d997-4786-a1bc-250a744f6d50
2026-05-13 17:03:34,334 [INFO] Scheduling entity extraction task for node_id=d7b70a39-9676-49f9-9d1e-13e1fca326ba
2026-05-13 17:03:34,396 [INFO] Scheduling entity extraction task for node_id=5470aada-740e-4b43-ade0-3db1646294e4
2026-05-13 17:03:34,405 [INFO] Scheduling entity extraction task for node_id=10aa21c4-0c29-4ed0-b1f0-5a369de201b2
2026-05-13 17:03:34,411 [INFO] Scheduling entity extraction task for node_id=8145c2b0-2a61-4092-9bb5-863c2018e2a9
2026-05-13 17:03:34,417 [INFO] Scheduling entity extraction task for node_id=017dfe9d-b3bc-462f-b8d1-fb9f5c4864d3
2026-05-13 17:03:34,426 [INFO] Scheduling entity extraction task for node_id=d47759eb-c0b9-490a-ba3b-0e1cf3777104
2026-05-13 17:03:34,488 [INFO] Scheduling entity extraction task for node_id=157bb48a-4bda-4d0a-8455-997843df8921
2026-05-13 17:03:34,496 [INFO] Scheduling entity extraction task for node_id=6f322c87-9d60-4b67-aaff-51a1dd8d485b
2026-05-13 17:03:34,503 [INFO] Scheduling entity extraction task for node_id=fadb0f7d-e4c0-41de-8ed0-1b3f738d1b4d
2026-05-13 17:03:34,510 [INFO] Scheduling entity extraction task for node_id=8678e81a-bc41-4d0d-8667-16ae5a7bf595
2026-05-13 17:03:34,519 [INFO] Scheduling entity extraction task for node_id=cbdb7017-411e-4c98-8664-89f25909e131
2026-05-13 17:03:34,576 [INFO] Scheduling entity extraction task for node_id=17ea44f6-3325-43f2-a20e-ef1dee9d5d39
2026-05-13 17:03:34,584 [INFO] Scheduling entity extraction task for node_id=4d7cbd25-d37e-4352-819f-49051859d2f0
2026-05-13 17:03:34,591 [INFO] Scheduling entity extraction task for node_id=56c11f0c-71a8-4d26-b1e1-f02e79b97ee0
2026-05-13 17:03:34,598 [INFO] Scheduling entity extraction task for node_id=1d35939c-ca04-46b2-98e8-00d3565d3791
2026-05-13 17:03:34,660 [INFO] Scheduling entity extraction task for node_id=1943040c-5c25-4b16-a178-6f938939c534
2026-05-13 17:03:34,669 [INFO] Scheduling entity extraction task for node_id=d83af4b4-b901-4ca6-a647-ebb043b7e971
2026-05-13 17:03:34,675 [INFO] Scheduling entity extraction task for node_id=237c89fe-afc9-4064-b946-b7da28260e21
2026-05-13 17:03:34,681 [INFO] Scheduling entity extraction task for node_id=e2981183-9b60-47bf-9c1e-c58c3ba6071c
2026-05-13 17:03:34,690 [INFO] Scheduling entity extraction task for node_id=f97fe520-7765-40ae-a412-d2b0918f9e79
2026-05-13 17:03:34,697 [INFO] Scheduling entity extraction task for node_id=565c2d38-49c7-4471-bfae-acec4acb19a3
2026-05-13 17:03:34,704 [INFO] Scheduling entity extraction task for node_id=8a89bbc2-faac-4454-aaa2-6efea7667e92
2026-05-13 17:03:34,711 [INFO] Scheduling entity extraction task for node_id=93776360-0129-421b-b6c4-15bfa5a09a27
2026-05-13 17:03:34,718 [INFO] Scheduling entity extraction task for node_id=68617936-5ba0-4c7a-abe5-758062b42ce1
2026-05-13 17:03:34,723 [INFO] Scheduling entity extraction task for node_id=2c349980-575d-4392-89c7-c4d01e647a4e
2026-05-13 17:03:34,731 [INFO] Scheduling entity extraction task for node_id=a3aa2d9d-d737-4832-bbc2-4d68255c7e14
2026-05-13 17:03:34,737 [INFO] Scheduling entity extraction task for node_id=887e748c-8b41-44d4-8ec9-c7f809377ad1
2026-05-13 17:03:34,744 [INFO] Scheduling entity extraction task for node_id=28680573-cf86-4ea0-bea9-c48d1abe1841
2026-05-13 17:03:34,756 [INFO] Scheduling entity extraction task for node_id=fdf7bc75-d4f7-4d2a-a5b4-c3b3280c830c
2026-05-13 17:03:34,764 [INFO] Scheduling entity extraction task for node_id=5bd7429c-a995-4f7b-8cf0-d5a4b783dc85
2026-05-13 17:03:34,772 [INFO] Scheduling entity extraction task for node_id=a7940756-9c3f-4795-9442-68429ef981b5
2026-05-13 17:03:34,778 [INFO] Scheduling entity extraction task for node_id=9dbbc73c-1b50-4dff-841d-e57ef6573783
2026-05-13 17:03:34,783 [INFO] Scheduling entity extraction task for node_id=4076bffd-a24f-4422-9081-52676567739c
2026-05-13 17:03:34,791 [INFO] Scheduling entity extraction task for node_id=c6a652bd-a2b5-42ab-9646-6eb65cbf3b61
2026-05-13 17:03:34,798 [INFO] Scheduling entity extraction task for node_id=e96d6b85-4bdf-4dff-b5a7-07e330a0a1ba
2026-05-13 17:03:34,806 [INFO] Scheduling entity extraction task for node_id=16a473e8-fb72-4ecd-9f12-5a1a5c796a16
2026-05-13 17:03:34,812 [INFO] Scheduling entity extraction task for node_id=5de59d06-bdf8-4301-a646-e4eedb68314c
2026-05-13 17:03:34,818 [INFO] Scheduling entity extraction task for node_id=45fc8d9f-914f-4b39-916a-c33ab25de945
2026-05-13 17:03:34,824 [INFO] Scheduling entity extraction task for node_id=0ec34b80-ef49-455a-9763-885d80ce4bc7
2026-05-13 17:03:34,831 [INFO] Scheduling entity extraction task for node_id=ac8c85c5-6047-425c-80cc-ab35298d08e0
2026-05-13 17:03:34,836 [INFO] Scheduling entity extraction task for node_id=01aa56a7-7d50-4314-90f3-11e21ecc92d3
2026-05-13 17:03:34,845 [INFO] Scheduling entity extraction task for node_id=1fb434f3-304e-412d-b0e4-b3ca202409ae
2026-05-13 17:03:34,865 [INFO] Scheduling entity extraction task for node_id=60bc383e-67bb-420d-b539-ee6be3f1428b
2026-05-13 17:03:34,922 [INFO] Scheduling entity extraction task for node_id=3111bfa4-6685-4237-93d7-30eb90103c68
2026-05-13 17:03:34,927 [INFO] Scheduling entity extraction task for node_id=68f4ca53-0a0e-43a3-8ee6-8a18d56025f3
2026-05-13 17:03:34,936 [INFO] Scheduling entity extraction task for node_id=5ff6740b-dd96-4a9c-acc5-b8542157aa12
2026-05-13 17:03:34,942 [INFO] Scheduling entity extraction task for node_id=c1f82833-8cc8-4a85-85cb-82c9218cedb3
2026-05-13 17:03:35,001 [INFO] Scheduling entity extraction task for node_id=8911094f-cdde-4563-be85-5b81da1314fa
2026-05-13 17:03:35,009 [INFO] Scheduling entity extraction task for node_id=ea744202-b4a5-46f0-935d-9ab87a2569b9
2026-05-13 17:03:35,016 [INFO] Scheduling entity extraction task for node_id=bf2a8dbd-63be-4321-999f-6ce5c26c383b
2026-05-13 17:03:35,023 [INFO] Scheduling entity extraction task for node_id=865f17af-b9fa-46ac-8d7a-2d81728baa95
2026-05-13 17:03:35,029 [INFO] Scheduling entity extraction task for node_id=6ed1cbd4-0b6f-4e0d-a4c2-cd2ed37fabc0
2026-05-13 17:03:35,035 [INFO] Scheduling entity extraction task for node_id=98651b55-1850-4f4f-8902-cb0184d3835b
2026-05-13 17:03:35,040 [INFO] Scheduling entity extraction task for node_id=4882e77b-03f1-4a66-8016-2e4bf24e1ca8
2026-05-13 17:03:35,046 [INFO] Scheduling entity extraction task for node_id=0e5d3cd1-0511-4629-9b95-3893b592cee8
2026-05-13 17:03:35,054 [INFO] Scheduling entity extraction task for node_id=67fc6a7e-30a3-4896-bbca-2c8b0183e81e
2026-05-13 17:03:35,060 [INFO] Scheduling entity extraction task for node_id=33e5177e-0094-4538-b3cb-d0f8586916e1
2026-05-13 17:03:35,068 [INFO] Scheduling entity extraction task for node_id=d2b79908-3961-4ca0-8e3f-c086842a65a6
2026-05-13 17:03:35,074 [INFO] Scheduling entity extraction task for node_id=3d91a45f-5431-4944-b767-fc3a1ffb9674
2026-05-13 17:03:35,079 [INFO] Scheduling entity extraction task for node_id=299d294a-f4b6-402a-ab2a-2323c8d71351
2026-05-13 17:03:35,135 [INFO] Scheduling entity extraction task for node_id=28f50dd9-661a-4ff9-bda0-be65794808f5
2026-05-13 17:03:35,141 [INFO] Scheduling entity extraction task for node_id=ef0cf22a-0994-47d2-8f57-21cb8f85f38c
2026-05-13 17:03:35,147 [INFO] Scheduling entity extraction task for node_id=22d0920d-46cf-477f-bfd8-f1f172305c1b
2026-05-13 17:03:35,154 [INFO] Scheduling entity extraction task for node_id=f6ea41c5-0727-4f96-871f-5f4379969802
2026-05-13 17:03:35,161 [INFO] Scheduling entity extraction task for node_id=4652243a-4585-4be6-a7d4-679a202803bb
2026-05-13 17:03:35,168 [INFO] Scheduling entity extraction task for node_id=719e7ff5-dfcb-4747-8550-8a909b2bfc3a
2026-05-13 17:03:35,174 [INFO] Scheduling entity extraction task for node_id=3ee61cf8-5dfd-4b35-acf1-075430027f25
2026-05-13 17:03:35,181 [INFO] Scheduling entity extraction task for node_id=37988f67-4ac7-4ddd-a3a2-84dbc77bfa65
2026-05-13 17:03:35,187 [INFO] Scheduling entity extraction task for node_id=0bb52760-3f1f-4256-98ae-1dda9e8b99e0
2026-05-13 17:03:35,193 [INFO] Scheduling entity extraction task for node_id=3e8c4e31-cf1c-4d6f-9f63-43701723fda3
2026-05-13 17:03:35,198 [INFO] Scheduling entity extraction task for node_id=e94eaf12-3bea-4432-bc19-5c0065aa5425
2026-05-13 17:03:35,204 [INFO] Scheduling entity extraction task for node_id=9040c888-a1d2-41d7-8abf-1591691f9b3d
2026-05-13 17:03:35,226 [INFO] Scheduling entity extraction task for node_id=e74c2720-4ac2-42d2-9191-80becc5fd315
2026-05-13 17:03:35,243 [INFO] Scheduling entity extraction task for node_id=a6bd4b97-4400-43db-98ce-7353e330bc21
2026-05-13 17:03:35,257 [INFO] Scheduling entity extraction task for node_id=da1ca34e-99dd-4187-a002-4e9152dcdb24
2026-05-13 17:03:35,310 [INFO] Scheduling entity extraction task for node_id=a5819632-c4f8-45ca-8758-8be1698dbcb3
2026-05-13 17:03:35,335 [INFO] Scheduling entity extraction task for node_id=d4fa37c4-b825-45c5-8187-d3be29171fbe
2026-05-13 17:03:35,343 [INFO] Scheduling entity extraction task for node_id=7366411d-a0c9-4aeb-852c-12f067e1cb7a
2026-05-13 17:03:35,353 [INFO] Scheduling entity extraction task for node_id=e784d7f0-fba2-41a3-ba14-8973bec5ba0b
2026-05-13 17:03:35,372 [INFO] Scheduling entity extraction task for node_id=07ce5382-8c33-4bd0-9695-c593cb70df13
2026-05-13 17:03:35,386 [INFO] Scheduling entity extraction task for node_id=5997b917-0fbb-4bc6-907f-9d29bf6f3a3d
2026-05-13 17:03:35,394 [INFO] Scheduling entity extraction task for node_id=fdedbd12-4b7f-4da8-852d-18f0ba8fbe5f
2026-05-13 17:03:35,400 [INFO] Scheduling entity extraction task for node_id=505abc3e-50ab-4d3e-adbd-dc66c8c1cade
2026-05-13 17:03:35,424 [INFO] Scheduling entity extraction task for node_id=12ffff8b-0853-493f-93cb-9fad5dbd7cf4
2026-05-13 17:03:35,493 [INFO] Scheduling entity extraction task for node_id=a3ec64d7-05a4-4dd4-af89-5f42270a9360
2026-05-13 17:03:35,502 [INFO] Scheduling entity extraction task for node_id=027ba525-bc58-4682-80d4-9553cace004d
2026-05-13 17:03:35,510 [INFO] Scheduling entity extraction task for node_id=51a31899-f088-446f-8855-53112a2f015f
2026-05-13 17:03:35,518 [INFO] Scheduling entity extraction task for node_id=50d2181d-1ea5-4daf-a4ef-437dc51270ba
2026-05-13 17:03:35,525 [INFO] Scheduling entity extraction task for node_id=1a228569-e98d-43c0-97c5-bc6b5c2c9f28
2026-05-13 17:03:35,532 [INFO] Scheduling entity extraction task for node_id=0c63b297-996a-4637-928b-f93194f25c73
2026-05-13 17:03:35,537 [INFO] Scheduling entity extraction task for node_id=bea9f89e-287e-42ca-901c-bc5e84e074f5
2026-05-13 17:03:35,543 [INFO] Scheduling entity extraction task for node_id=b4c4b155-7ce2-45b5-8e2b-b3ac57a07ea9
2026-05-13 17:03:35,548 [INFO] Scheduling entity extraction task for node_id=1ddd5d38-5247-42ad-9e7c-1781795b0a79
2026-05-13 17:03:35,557 [INFO] Scheduling entity extraction task for node_id=b96deda3-024e-43bd-8467-95caa17b4a8a
2026-05-13 17:03:35,562 [INFO] Scheduling entity extraction task for node_id=595a4ec9-f5d8-4206-ba1d-1a9d1ecc5e7b
2026-05-13 17:03:35,622 [INFO] Scheduling entity extraction task for node_id=f92226c6-e9e9-4f5d-8e36-340c166d2166
2026-05-13 17:03:35,628 [INFO] Scheduling entity extraction task for node_id=53174701-6086-49dd-a3c6-ba096047cc02
2026-05-13 17:03:35,688 [INFO] Scheduling entity extraction task for node_id=f7d02809-abcc-4caa-8e81-7b0b32c5fc71
2026-05-13 17:03:35,695 [INFO] Scheduling entity extraction task for node_id=91c689e6-2f8c-44f7-9147-ab20f364116d
2026-05-13 17:03:35,702 [INFO] Scheduling entity extraction task for node_id=214944a2-edc5-443d-9af4-e6dc26176d64
2026-05-13 17:03:35,763 [INFO] Scheduling entity extraction task for node_id=3f772a1d-0e94-40b2-aafc-e65bb7aacab5
2026-05-13 17:03:35,770 [INFO] Scheduling entity extraction task for node_id=8b35c99d-dd00-4307-bb68-c4a05e9ce5c3
2026-05-13 17:03:35,777 [INFO] Scheduling entity extraction task for node_id=744aec5f-c632-40f4-af67-bf7a23100071
2026-05-13 17:03:35,783 [INFO] Scheduling entity extraction task for node_id=30fec298-f5f8-4ea0-99f6-30ed8954afe1
2026-05-13 17:03:35,790 [INFO] Scheduling entity extraction task for node_id=ce640e0b-7496-4200-bdc4-ab458ba41fee
2026-05-13 17:03:35,799 [INFO] Scheduling entity extraction task for node_id=2ac34f0c-0733-4df0-a383-f332c037300e
2026-05-13 17:03:35,806 [INFO] Scheduling entity extraction task for node_id=bb8881cc-d999-4d52-88d5-9d6bc324c033
2026-05-13 17:03:35,812 [INFO] Scheduling entity extraction task for node_id=a3c7d70f-deb4-4c07-8fbf-c0f30459bc6b
2026-05-13 17:03:35,819 [INFO] Scheduling entity extraction task for node_id=a2964a3c-5652-437a-ae7b-725ac6929a9f
2026-05-13 17:03:35,825 [INFO] Scheduling entity extraction task for node_id=1b46b592-dc42-4c1d-bf05-60aa5d58496f
2026-05-13 17:03:35,832 [INFO] Scheduling entity extraction task for node_id=93026aff-19af-41a7-bc12-e01535fca878
2026-05-13 17:03:35,839 [INFO] Scheduling entity extraction task for node_id=87ee762f-4e77-46ca-bb0b-e503ba25dd35
2026-05-13 17:03:35,845 [INFO] Scheduling entity extraction task for node_id=71de1351-7a53-4230-8337-8d8288535b14
2026-05-13 17:03:35,852 [INFO] Scheduling entity extraction task for node_id=ad622aae-0541-4548-bbe9-00437a5a0f87
2026-05-13 17:03:35,858 [INFO] Scheduling entity extraction task for node_id=18283dbb-1b44-4e1d-8b90-9315ff64db2e
2026-05-13 17:03:35,867 [INFO] Scheduling entity extraction task for node_id=92c8672b-4fad-4b44-b5ef-9968da70ae51
2026-05-13 17:03:35,873 [INFO] Scheduling entity extraction task for node_id=faab6d65-59f7-4bf3-9112-c1e867c408ca
2026-05-13 17:03:35,880 [INFO] Scheduling entity extraction task for node_id=a5743755-4e48-42d1-b0c3-9d63b2c285a7
2026-05-13 17:03:35,886 [INFO] Scheduling entity extraction task for node_id=f5909a5f-e79e-4bcc-8e71-abef6ec88373
2026-05-13 17:03:35,893 [INFO] Scheduling entity extraction task for node_id=27026ede-1919-40fd-872b-d1f40f9825ce
2026-05-13 17:03:35,899 [INFO] Scheduling entity extraction task for node_id=6891f45f-85f1-47fc-8f5f-0f5b44fc71de
2026-05-13 17:03:35,906 [INFO] Scheduling entity extraction task for node_id=3fb35614-c86c-44ca-8988-9f12018e43a6
2026-05-13 17:03:35,912 [INFO] Scheduling entity extraction task for node_id=8b628a15-0b5e-4a75-9c85-0e7136277a3c
2026-05-13 17:03:35,918 [INFO] Scheduling entity extraction task for node_id=1dacf89f-ee50-4dd9-9226-bef9be63a98b
2026-05-13 17:03:35,925 [INFO] Scheduling entity extraction task for node_id=c09bc281-daf8-4cd9-a464-4d896afd5403
2026-05-13 17:03:35,931 [INFO] Scheduling entity extraction task for node_id=c89ab265-14b2-47d5-87b2-b2293031015b
2026-05-13 17:03:35,937 [INFO] Scheduling entity extraction task for node_id=fb56f711-63aa-4be8-a695-72ee002222e0
2026-05-13 17:03:35,944 [INFO] Scheduling entity extraction task for node_id=931370e3-98bd-459e-a614-63b01f3cb2bb
2026-05-13 17:03:35,950 [INFO] Scheduling entity extraction task for node_id=e35d2cb8-0c1b-4041-855d-a62e213cd2f9
2026-05-13 17:03:35,957 [INFO] Scheduling entity extraction task for node_id=92687bde-7246-4440-b03e-09004dede481
2026-05-13 17:03:35,964 [INFO] Scheduling entity extraction task for node_id=1cd8dd0f-6478-41c7-8cb1-de9e6dfe6355
2026-05-13 17:03:35,968 [INFO] Scheduling entity extraction task for node_id=aa1f4031-7ab2-45c1-98d7-fa448290abbe
2026-05-13 17:03:35,974 [INFO] Scheduling entity extraction task for node_id=6861f87c-850d-499d-8c18-93ee60c7d170
2026-05-13 17:03:35,980 [INFO] Scheduling entity extraction task for node_id=297de6e5-1116-40ca-ab59-f89417945f6d
2026-05-13 17:03:35,987 [INFO] Scheduling entity extraction task for node_id=fffbb054-2124-4c3c-97ca-f10f3ade7b1e
2026-05-13 17:03:35,995 [INFO] Scheduling entity extraction task for node_id=de54f717-edf5-4a5a-9fbb-31c14b50ff3c
2026-05-13 17:03:36,002 [INFO] Scheduling entity extraction task for node_id=4a52ba62-87a4-4732-b855-fa3a9eda4e4a
2026-05-13 17:03:36,010 [INFO] Scheduling entity extraction task for node_id=5d00ebcb-8b05-4581-921b-b88cd055fe17
2026-05-13 17:03:36,015 [INFO] Scheduling entity extraction task for node_id=86de8585-64a2-4e09-a58f-f73cde23f623
2026-05-13 17:03:36,023 [INFO] Scheduling entity extraction task for node_id=8e1a7ef6-ebe6-4fce-88cb-2ac994269b06
2026-05-13 17:03:36,028 [INFO] Scheduling entity extraction task for node_id=4b827f0a-a7dd-4004-8dc4-4ba33a0c69d8
2026-05-13 17:03:36,034 [INFO] Scheduling entity extraction task for node_id=c1573e13-5801-4180-ac8d-343ec62911b5
2026-05-13 17:03:36,039 [INFO] Scheduling entity extraction task for node_id=f6e2a884-8196-4b69-8201-1e83129d0ce3
2026-05-13 17:03:36,047 [INFO] Scheduling entity extraction task for node_id=43803419-fc85-4c1b-a2a9-c6ed3855d2ea
2026-05-13 17:03:36,053 [INFO] Scheduling entity extraction task for node_id=b83b852f-e0b9-429f-b6b6-3a01d5bca77f
2026-05-13 17:03:36,068 [INFO] Scheduling entity extraction task for node_id=e45d2802-7553-4c89-909c-5675f85add21
2026-05-13 17:03:36,074 [INFO] Scheduling entity extraction task for node_id=705766e0-286f-4d4e-8a8b-7647397fe869
2026-05-13 17:03:36,091 [INFO] Scheduling entity extraction task for node_id=b1a255a5-4773-4718-94de-e4c640b9468d
2026-05-13 17:03:36,097 [INFO] Scheduling entity extraction task for node_id=431c14ed-9632-4245-b542-23f23e87fcbd
2026-05-13 17:03:36,104 [INFO] Scheduling entity extraction task for node_id=64ec6344-2139-4423-a6a2-1ddfa57985ab
2026-05-13 17:03:36,110 [INFO] Scheduling entity extraction task for node_id=b4a25bfb-73d3-41a8-a012-2a02e6de8cfe
2026-05-13 17:03:36,116 [INFO] Scheduling entity extraction task for node_id=5dab2dd1-8a82-43ac-857d-5be526a8049c
2026-05-13 17:03:36,123 [INFO] Scheduling entity extraction task for node_id=653b1484-1137-44f0-9237-e08d9c4bbc6d
2026-05-13 17:03:36,129 [INFO] Scheduling entity extraction task for node_id=f90cd711-8720-43d1-b4d6-732e44a8cf56
2026-05-13 17:03:36,136 [INFO] Scheduling entity extraction task for node_id=3a36c488-25ca-466e-9c10-76d256462631
2026-05-13 17:03:36,143 [INFO] Scheduling entity extraction task for node_id=29ac8d61-f104-408c-8964-6a942352fa58
2026-05-13 17:03:36,148 [INFO] Scheduling entity extraction task for node_id=e403b582-8da3-4b7b-a0c2-19279c54ced3
2026-05-13 17:03:36,154 [INFO] Scheduling entity extraction task for node_id=c367372e-fba9-4f28-be40-c41b2321850c
2026-05-13 17:03:36,160 [INFO] Scheduling entity extraction task for node_id=b61f7daa-f171-42e9-877a-53ea48a6de97
2026-05-13 17:03:36,167 [INFO] Scheduling entity extraction task for node_id=2f9f5777-fd2e-486f-b30f-c496295b9afc
2026-05-13 17:03:36,174 [INFO] Scheduling entity extraction task for node_id=e3ea392f-b659-4972-bd3d-57eb3213a573
2026-05-13 17:03:36,180 [INFO] Scheduling entity extraction task for node_id=40875338-3884-4004-a01c-1ae2f2fb9d04
2026-05-13 17:03:36,186 [INFO] Scheduling entity extraction task for node_id=1e6bac97-4c21-4fa4-840c-50d4da558134
2026-05-13 17:03:36,198 [INFO] Scheduling entity extraction task for node_id=cda7ef87-e7f3-4e8d-bb5f-66b0d476eef7
2026-05-13 17:03:36,203 [INFO] Scheduling entity extraction task for node_id=b6e7b471-07d8-4e9c-bc42-df85a0230942
2026-05-13 17:03:36,212 [INFO] Scheduling entity extraction task for node_id=51effd13-f5e1-41a2-abc2-bdaf3bd87cea
2026-05-13 17:03:36,220 [INFO] Scheduling entity extraction task for node_id=ca164ef5-1b4c-49b2-901b-23a4e3c4ae85
2026-05-13 17:03:36,227 [INFO] Scheduling entity extraction task for node_id=b7df93aa-1ef6-417f-afdf-3b50e29d35f7
2026-05-13 17:03:36,233 [INFO] Scheduling entity extraction task for node_id=2ce50ac4-3941-4721-8598-0bd77b11e067
2026-05-13 17:03:36,239 [INFO] Scheduling entity extraction task for node_id=b39cd4f7-f908-46f0-9fea-2ffec4aad8bc
2026-05-13 17:03:36,245 [INFO] Scheduling entity extraction task for node_id=e2cf9ebf-4800-4e53-8a3c-37f99c961ea3
2026-05-13 17:03:36,254 [INFO] Scheduling entity extraction task for node_id=68b92d1e-d3cd-4483-8869-20f5a11fdbae
2026-05-13 17:03:36,262 [INFO] Scheduling entity extraction task for node_id=b17a38dc-ef0f-49ce-bc55-1e95d91692f6
2026-05-13 17:03:36,267 [INFO] Scheduling entity extraction task for node_id=169f7318-b0d5-402b-a4e3-c484a6a0a84f
2026-05-13 17:03:36,273 [INFO] Scheduling entity extraction task for node_id=311378c0-a50a-4827-b535-0df284929005
2026-05-13 17:03:36,278 [INFO] Scheduling entity extraction task for node_id=e7ddea32-7d13-4493-9734-1538fb5ca277
2026-05-13 17:03:36,284 [INFO] Scheduling entity extraction task for node_id=daefab5b-d4af-47f4-959a-f1f5ec874f89
2026-05-13 17:03:36,291 [INFO] Scheduling entity extraction task for node_id=8e9059ee-44e3-4c2a-9f50-ce6c8008ff12
2026-05-13 17:03:36,299 [INFO] Scheduling entity extraction task for node_id=dbd39e3b-c286-409b-91be-112d91378d3c
2026-05-13 17:03:36,304 [INFO] Scheduling entity extraction task for node_id=308599f9-9f8b-427b-a67a-fc97091c0708
2026-05-13 17:03:36,312 [INFO] Scheduling entity extraction task for node_id=ea734dcb-007b-4838-b985-7128ddf7508b
2026-05-13 17:03:36,319 [INFO] Scheduling entity extraction task for node_id=7aef733e-9c74-4539-bf29-6fe4db16aa4b
2026-05-13 17:03:36,325 [INFO] Scheduling entity extraction task for node_id=73db57b3-6791-4d35-b0d6-17f97c1f026d
2026-05-13 17:03:36,331 [INFO] Scheduling entity extraction task for node_id=c660b45d-01d5-4044-ac25-429c8eeb0fb1
2026-05-13 17:03:36,338 [INFO] Scheduling entity extraction task for node_id=ed72cca0-0f17-4afd-a6cf-a22c58a47ea0
2026-05-13 17:03:36,344 [INFO] Scheduling entity extraction task for node_id=21bc8e06-6ec0-45c5-ab2c-340ad5ddafcb
2026-05-13 17:03:36,349 [INFO] Scheduling entity extraction task for node_id=4de900d6-a2c4-4ac1-9790-ccf8201292b9
2026-05-13 17:03:36,358 [INFO] Scheduling entity extraction task for node_id=bdb6515e-cf3f-484c-bf20-4eeeff6bf60a
2026-05-13 17:03:36,363 [INFO] Scheduling entity extraction task for node_id=efe039e7-5ba1-4fa0-9d6b-ca83e2c6fd76
2026-05-13 17:03:36,369 [INFO] Scheduling entity extraction task for node_id=ff6a5640-9354-4309-9875-50c987fb1719
2026-05-13 17:03:36,376 [INFO] Scheduling entity extraction task for node_id=bfa26e18-05a2-4f02-9d84-1ec3f397094e
2026-05-13 17:03:36,381 [INFO] Scheduling entity extraction task for node_id=f4ce5f58-51ca-477b-97a2-623d9052ae4f
2026-05-13 17:03:36,398 [INFO] Scheduling entity extraction task for node_id=54668f32-8497-4156-beaa-9ba05b9986fc
2026-05-13 17:03:36,416 [INFO] Scheduling entity extraction task for node_id=2584b7a1-ea56-49f0-951b-0d525acc2049
2026-05-13 17:03:36,434 [INFO] Scheduling entity extraction task for node_id=0ccd132a-8792-43df-b456-859951ec3a97
2026-05-13 17:03:36,443 [INFO] Scheduling entity extraction task for node_id=594a745e-9dce-4c39-a1e5-b713f67a97ea
2026-05-13 17:03:36,457 [INFO] Scheduling entity extraction task for node_id=296ce0f5-cdcc-4817-b6e6-b9af2d7dd1d2
2026-05-13 17:03:36,475 [INFO] Scheduling entity extraction task for node_id=0d6bd2d5-aa53-4565-b5b6-c8ebc350af6e
2026-05-13 17:03:36,481 [INFO] Scheduling entity extraction task for node_id=9a6d6dbf-2262-4651-b8ae-a6d350c639c8
2026-05-13 17:03:36,518 [INFO] Scheduling entity extraction task for node_id=d38a8138-1848-445b-bdfe-ea28b175d8e6
2026-05-13 17:03:36,532 [INFO] Scheduling entity extraction task for node_id=bbf89500-0364-4800-ac05-cd139ec47c6f
2026-05-13 17:03:36,542 [INFO] Scheduling entity extraction task for node_id=909ec864-6a31-4434-a428-3baaba01294f
2026-05-13 17:03:36,550 [INFO] Scheduling entity extraction task for node_id=8efb61df-dab4-49b1-9fba-769a59fd75ac
2026-05-13 17:03:36,559 [INFO] Scheduling entity extraction task for node_id=21525904-0740-48d8-a8c5-f882d98e3ea4
2026-05-13 17:03:36,567 [INFO] Scheduling entity extraction task for node_id=a7e8dfa2-7495-4e58-bbfc-897928bd644d
2026-05-13 17:03:36,575 [INFO] Scheduling entity extraction task for node_id=88098b7f-2672-4499-b95c-e660456bcf44
2026-05-13 17:03:36,589 [INFO] Scheduling entity extraction task for node_id=a19ac46b-fbcc-4c4b-8759-e3a4db1e6e94
2026-05-13 17:03:36,601 [INFO] Scheduling entity extraction task for node_id=84fca622-d830-47a7-b067-dee916123421
2026-05-13 17:03:36,614 [INFO] Scheduling entity extraction task for node_id=0411ac9f-82f6-43ef-9159-6378a75c64da
2026-05-13 17:03:36,625 [INFO] Scheduling entity extraction task for node_id=747aeb33-6686-4ca6-b5e8-7af1ad77e8c8
2026-05-13 17:03:36,637 [INFO] Scheduling entity extraction task for node_id=9eede49d-535c-46b8-91ce-0a695532af32
2026-05-13 17:03:36,644 [INFO] Scheduling entity extraction task for node_id=63decaf0-6e80-4ba5-a8ea-da653a7fb6ea
2026-05-13 17:03:36,652 [INFO] Scheduling entity extraction task for node_id=5c61cc44-4284-483e-83b0-b5d367901cb5
2026-05-13 17:03:36,657 [INFO] Scheduling entity extraction task for node_id=ee9a24e6-cb87-42a3-8d8e-4270802765cd
2026-05-13 17:03:36,665 [INFO] Scheduling entity extraction task for node_id=4972b7fa-9fd4-483e-9d7e-81567b4f1ba4
2026-05-13 17:03:36,673 [INFO] Scheduling entity extraction task for node_id=5fbbd6fd-d466-4204-8d22-9f8895c49641
2026-05-13 17:03:36,678 [INFO] Scheduling entity extraction task for node_id=f956fc3c-e136-4c17-b986-1036416d33c0
2026-05-13 17:03:36,733 [INFO] Scheduling entity extraction task for node_id=f6ded0f4-69ed-4234-9b0b-4246c0f2fa60
2026-05-13 17:03:36,738 [INFO] Scheduling entity extraction task for node_id=ec38642f-8e71-4da4-9956-72e2378a61c3
2026-05-13 17:03:36,744 [INFO] Scheduling entity extraction task for node_id=f500d91b-e729-4558-832a-34fa14894da9
2026-05-13 17:03:36,748 [INFO] Scheduling entity extraction task for node_id=babda609-9a6f-4160-8b18-55b7d3fd3df7
2026-05-13 17:03:36,753 [INFO] Scheduling entity extraction task for node_id=2cb382da-fe72-49d0-be92-c6ed75e34e8c
2026-05-13 17:03:36,757 [INFO] Scheduling entity extraction task for node_id=cb415b70-3c9f-45c5-a081-8bf7a4d5ec58
2026-05-13 17:03:36,762 [INFO] Scheduling entity extraction task for node_id=69731d03-fccd-4eb8-822e-7fd0b3c5aa77
2026-05-13 17:03:36,766 [INFO] Scheduling entity extraction task for node_id=e5c3d3a9-3cc1-474b-b65b-9d43a0e23355
2026-05-13 17:03:36,772 [INFO] Scheduling entity extraction task for node_id=83bddc9b-5fc4-4486-b8c7-e4c83f36c2d6
2026-05-13 17:03:36,777 [INFO] Scheduling entity extraction task for node_id=e03c7d92-c2ec-42db-9131-8b62c09f9f99
2026-05-13 17:03:36,781 [INFO] Scheduling entity extraction task for node_id=2df561c7-b07e-4cc3-9549-722f4221f762
2026-05-13 17:03:36,786 [INFO] Scheduling entity extraction task for node_id=16489809-ae25-46f7-b0ff-e6d7e52d5e31
2026-05-13 17:03:36,790 [INFO] Scheduling entity extraction task for node_id=412a7759-f55d-4571-9841-b0f064b83d37
2026-05-13 17:03:36,797 [INFO] Scheduling entity extraction task for node_id=9fa77fa8-d19f-4270-a30a-70f19169d810
2026-05-13 17:03:36,801 [INFO] Scheduling entity extraction task for node_id=d629313e-5be4-4827-84c1-18edd8194374
2026-05-13 17:03:36,808 [INFO] Scheduling entity extraction task for node_id=e7a8b0f8-f49c-4d8d-b52b-9c29d885f983
2026-05-13 17:03:36,812 [INFO] Scheduling entity extraction task for node_id=49cc29f3-2adc-4aec-9a6a-dee33f6df36f
2026-05-13 17:03:36,817 [INFO] Scheduling entity extraction task for node_id=45462e22-8aa8-489a-b157-0e5133ca23ba
2026-05-13 17:03:36,823 [INFO] Scheduling entity extraction task for node_id=4a572502-20fb-4e39-b558-a02e2544aae8
2026-05-13 17:03:36,827 [INFO] Scheduling entity extraction task for node_id=2448d5fd-0f0e-4634-911d-049d93b7c1fa
2026-05-13 17:03:36,832 [INFO] Scheduling entity extraction task for node_id=bdc2cb37-78eb-4b41-aa31-eb0f9c5ab575
2026-05-13 17:03:36,836 [INFO] Scheduling entity extraction task for node_id=9310cf16-29e7-4a1e-bf23-209ddc3f7a22
2026-05-13 17:03:36,840 [INFO] Scheduling entity extraction task for node_id=b402e011-64b3-451e-b6d6-049b23192f9e
2026-05-13 17:03:36,845 [INFO] Scheduling entity extraction task for node_id=dd88d88c-d197-4192-bd25-af5eaa24b590
2026-05-13 17:03:36,849 [INFO] Scheduling entity extraction task for node_id=fae65201-8100-4f05-ba36-57827fe4ad47
2026-05-13 17:03:36,853 [INFO] Scheduling entity extraction task for node_id=4278d06e-1727-4589-9b4d-a1861d7d5a1d
2026-05-13 17:03:36,858 [INFO] Scheduling entity extraction task for node_id=6a2d319c-7e82-469f-9546-a58dd5e21e00
2026-05-13 17:03:36,862 [INFO] Scheduling entity extraction task for node_id=06cbd059-3768-4819-b0ab-06e7e9edc97d
2026-05-13 17:03:36,866 [INFO] Scheduling entity extraction task for node_id=832c1525-daf7-4e0f-9369-b3a2fb61248f
2026-05-13 17:03:36,871 [INFO] Scheduling entity extraction task for node_id=93afa36a-7dd8-407f-bc84-124a0db50dac
2026-05-13 17:03:36,875 [INFO] Scheduling entity extraction task for node_id=c9755df5-618d-47c8-91fc-7472040b307a
2026-05-13 17:03:36,879 [INFO] Scheduling entity extraction task for node_id=4438606b-2bd3-4207-9fc8-eb56ebc4c10c
2026-05-13 17:03:36,883 [INFO] Scheduling entity extraction task for node_id=365d4be3-1806-4946-b303-d7546539c824
2026-05-13 17:03:36,888 [INFO] Scheduling entity extraction task for node_id=180cec49-1986-4cac-a4ba-b340686448bb
2026-05-13 17:03:36,941 [INFO] Scheduling entity extraction task for node_id=b314a442-e2f0-44dd-a31b-1c868a1854a8
2026-05-13 17:03:36,947 [INFO] Scheduling entity extraction task for node_id=deadd86a-acdc-49b7-85ce-915c09ae182b
2026-05-13 17:03:36,966 [INFO] Scheduling entity extraction task for node_id=42e47dfc-60e9-4a84-9b76-664bb3ba49d5
2026-05-13 17:03:37,021 [INFO] Scheduling entity extraction task for node_id=b4eee325-8249-49b3-80c5-0bfdaac2ffcd
2026-05-13 17:03:37,287 [INFO] Scheduling entity extraction task for node_id=8876d865-ecbb-49f4-9837-8443e97dad9f
2026-05-13 17:03:37,339 [INFO] Scheduling entity extraction task for node_id=dad4f539-4f53-4a1d-9496-8f1a4825398c
2026-05-13 17:03:37,344 [INFO] Scheduling entity extraction task for node_id=52a3e4b9-c946-460b-b22a-48dbf2927dcc
2026-05-13 17:03:37,348 [INFO] Scheduling entity extraction task for node_id=9e02aec2-851b-4f8a-94f0-0bbaac94b128
2026-05-13 17:03:37,353 [INFO] Scheduling entity extraction task for node_id=bb55a6da-6f9d-415a-97b7-a96f011c1a97
2026-05-13 17:03:37,357 [INFO] Scheduling entity extraction task for node_id=95623663-9f53-4c3b-8a3a-4505ab247ea2
2026-05-13 17:03:37,362 [INFO] Scheduling entity extraction task for node_id=5b97d9b2-b7d2-4e0a-a822-af3189fa2971
2026-05-13 17:03:37,366 [INFO] Scheduling entity extraction task for node_id=b313c4cb-e7a3-4eed-bd94-57b973d4854d
2026-05-13 17:03:37,371 [INFO] Scheduling entity extraction task for node_id=21a556ab-773c-4690-a334-b79974c793d8
2026-05-13 17:03:37,375 [INFO] Scheduling entity extraction task for node_id=6ef124b8-7e41-4148-b755-5d5d5b31355f
2026-05-13 17:03:37,380 [INFO] Scheduling entity extraction task for node_id=dbcb43bb-b005-43d1-bf86-15b120f90878
2026-05-13 17:03:37,384 [INFO] Scheduling entity extraction task for node_id=4ef31040-9d99-4c8f-ae6c-c14784557a71
2026-05-13 17:03:37,388 [INFO] Scheduling entity extraction task for node_id=5e88b2cd-4519-491e-a7a3-ca2589473357
2026-05-13 17:03:37,393 [INFO] Scheduling entity extraction task for node_id=99e96372-b6f1-4b0f-809c-fbbdad977a98
2026-05-13 17:03:37,399 [INFO] Scheduling entity extraction task for node_id=c1be8f0d-0ee4-4a8f-b011-30971b020dde
2026-05-13 17:03:37,406 [INFO] Scheduling entity extraction task for node_id=50faa66d-0edc-4737-84e6-db239070d322
2026-05-13 17:03:37,411 [INFO] Scheduling entity extraction task for node_id=8952b0ef-b761-4b0b-8134-69d757a11dbf
2026-05-13 17:03:37,464 [INFO] Scheduling entity extraction task for node_id=19421586-2bcc-4938-a591-8cda4809bc10
2026-05-13 17:03:37,469 [INFO] Scheduling entity extraction task for node_id=cb685651-0496-4e64-923d-84f9d616677c
2026-05-13 17:03:37,475 [INFO] Scheduling entity extraction task for node_id=86383c91-3405-4220-8945-441804b2a556
2026-05-13 17:03:37,532 [INFO] Scheduling entity extraction task for node_id=fd735e36-931e-4cc6-9491-1ac7b86d5684
2026-05-13 17:03:37,539 [INFO] Scheduling entity extraction task for node_id=25d9cf89-38a8-4ba4-acfa-c9e91bf1a840
2026-05-13 17:03:37,543 [INFO] Scheduling entity extraction task for node_id=26804956-07a6-4483-b21f-95893abc3695
2026-05-13 17:03:37,547 [INFO] Scheduling entity extraction task for node_id=967fd79d-b6da-4ceb-ae6e-66dd4942664f
2026-05-13 17:03:37,551 [INFO] Scheduling entity extraction task for node_id=c92a3037-cf63-4620-b19b-a83abb20e195
2026-05-13 17:03:37,555 [INFO] Scheduling entity extraction task for node_id=aa7d33d5-b210-48e0-89f6-6100eb2c274e
2026-05-13 17:03:37,559 [INFO] Scheduling entity extraction task for node_id=3a546b17-902a-4b46-aad2-21ee1f3549a6
2026-05-13 17:03:37,565 [INFO] Scheduling entity extraction task for node_id=2522ed55-5d6a-4774-9a7f-c9e8cdc7e8dc
2026-05-13 17:03:37,583 [INFO] Scheduling entity extraction task for node_id=291c1af3-a40e-444b-ba4f-4097d9f4267e
2026-05-13 17:03:37,587 [INFO] Scheduling entity extraction task for node_id=7294ac5e-3d41-4dec-bb8b-00a530f61ee8
2026-05-13 17:03:37,592 [INFO] Scheduling entity extraction task for node_id=d5f2d5b0-d353-40d1-ac28-0f90098bf039
2026-05-13 17:03:37,596 [INFO] Scheduling entity extraction task for node_id=7eb1e48f-c8f2-413a-9381-1643e40e61e6
2026-05-13 17:03:37,601 [INFO] Scheduling entity extraction task for node_id=a7a58fd7-6a36-4863-bcec-7cf657f05dcf
2026-05-13 17:03:37,607 [INFO] Scheduling entity extraction task for node_id=c9f0d1e8-b086-4903-bc2f-f5d1245a08c2
2026-05-13 17:03:37,610 [INFO] Scheduling entity extraction task for node_id=4e65d46d-7b87-41be-987c-d7d779871bfc
2026-05-13 17:03:37,661 [INFO] Scheduling entity extraction task for node_id=3019b4c1-f2e6-4ccc-b5f4-1cb13657b27a
2026-05-13 17:03:37,667 [INFO] Scheduling entity extraction task for node_id=5eec3022-fbda-4d8c-bdb7-9edbb64ab283
2026-05-13 17:03:37,723 [INFO] Scheduling entity extraction task for node_id=ace141c8-ebe1-404a-aecb-c080fddbaad2
2026-05-13 17:03:37,730 [INFO] Scheduling entity extraction task for node_id=5eba3efc-37a5-4895-afc1-bdac5110a698
2026-05-13 17:03:37,736 [INFO] Scheduling entity extraction task for node_id=c7719351-1605-4f7d-b882-1df0cad0ac42
2026-05-13 17:03:37,742 [INFO] Scheduling entity extraction task for node_id=aa2f4777-58fe-4316-9579-ec1445c23398
2026-05-13 17:03:37,798 [INFO] Scheduling entity extraction task for node_id=35017ce2-5d5b-49e8-9c26-e5482a7cab07
2026-05-13 17:03:37,803 [INFO] Scheduling entity extraction task for node_id=384da07d-db47-496c-aa9f-2b874bf30e4f
2026-05-13 17:03:37,860 [INFO] Scheduling entity extraction task for node_id=31cf3e20-c747-4300-ba54-72682f75982c
2026-05-13 17:03:37,868 [INFO] Scheduling entity extraction task for node_id=19229ec0-f54f-46eb-ad78-dc31601ac2c7
2026-05-13 17:03:37,875 [INFO] Scheduling entity extraction task for node_id=3efc2bb0-529b-4b6c-b965-7a188df51759
2026-05-13 17:03:37,885 [INFO] Scheduling entity extraction task for node_id=f92d301f-9ab1-4526-a3b5-48fb9009e904
2026-05-13 17:03:37,950 [INFO] Scheduling entity extraction task for node_id=31eeb18a-c70b-4fa7-ab0c-5fd2de6c9616
2026-05-13 17:03:37,956 [INFO] Scheduling entity extraction task for node_id=3325da41-d2ea-4587-85a5-e44ba6d96311
2026-05-13 17:03:37,962 [INFO] Scheduling entity extraction task for node_id=40b96a2c-b0aa-489f-ba2f-9c55068143cd
2026-05-13 17:03:37,970 [INFO] Scheduling entity extraction task for node_id=d116764c-c7f1-424f-80ca-9acd1266cedd
2026-05-13 17:03:37,977 [INFO] Scheduling entity extraction task for node_id=92dbe6f1-f666-47e2-94d2-751b5dbd230d
2026-05-13 17:03:37,983 [INFO] Scheduling entity extraction task for node_id=f4f4b478-752d-4bb2-ae7e-122f856828dc
2026-05-13 17:03:37,988 [INFO] Scheduling entity extraction task for node_id=bc4973d8-8e12-48bb-9c51-d80477d1d430
2026-05-13 17:03:37,994 [INFO] Scheduling entity extraction task for node_id=9cfa29e4-21fa-47a4-9f38-fb1d84ae7684
2026-05-13 17:03:37,999 [INFO] Scheduling entity extraction task for node_id=54968cc1-ac05-426c-a6d6-b64ec5f78816
2026-05-13 17:03:38,004 [INFO] Scheduling entity extraction task for node_id=8c167b94-bfb9-47ec-9666-efd49188e58b
2026-05-13 17:03:38,007 [INFO] Scheduling entity extraction task for node_id=973118f5-07c8-4b2d-b6b9-818ecd477ed2
2026-05-13 17:03:38,012 [INFO] Scheduling entity extraction task for node_id=7371b444-7dc3-4585-b659-78e5ed23a3b1
2026-05-13 17:03:38,017 [INFO] Scheduling entity extraction task for node_id=3b767391-4d49-4c37-b87a-7ed5a930103e
2026-05-13 17:03:38,023 [INFO] Scheduling entity extraction task for node_id=d5208653-04fb-4c1a-8641-ed857f47bbf0
2026-05-13 17:03:38,028 [INFO] Scheduling entity extraction task for node_id=ce95ee72-97b5-4799-80e0-649cf4cd4e38
2026-05-13 17:03:38,034 [INFO] Scheduling entity extraction task for node_id=913df732-48ef-441e-91f5-1584839afd72
2026-05-13 17:03:38,039 [INFO] Scheduling entity extraction task for node_id=ca976a7c-c482-4943-82c6-212e7d4641f8
2026-05-13 17:03:38,043 [INFO] Scheduling entity extraction task for node_id=e01c59e3-1551-45aa-8dac-e5fe21b91e9f
2026-05-13 17:03:38,048 [INFO] Scheduling entity extraction task for node_id=2cdb3037-b6a4-4140-bfcb-f9e9c5b8d3d2
2026-05-13 17:03:38,053 [INFO] Scheduling entity extraction task for node_id=e8dd7f30-101a-4920-8476-53ed26b1fd6e
2026-05-13 17:03:38,058 [INFO] Scheduling entity extraction task for node_id=ead51c46-0fe8-4ac9-a00c-dabf5042e5d8
2026-05-13 17:03:38,062 [INFO] Scheduling entity extraction task for node_id=6e122754-de62-4e5b-a45c-bb847a7ba247
2026-05-13 17:03:38,067 [INFO] Scheduling entity extraction task for node_id=f577f6ab-d20c-440d-8455-606b7cc856f8
2026-05-13 17:03:38,071 [INFO] Scheduling entity extraction task for node_id=6251e050-e3bd-45aa-b87f-5f757997a4ee
2026-05-13 17:03:38,077 [INFO] Scheduling entity extraction task for node_id=9d13a201-d5b6-4663-9d6e-6c67278e161d
2026-05-13 17:03:38,083 [INFO] Scheduling entity extraction task for node_id=825d6bd2-0630-4569-a66f-c294c260d067
2026-05-13 17:03:38,088 [INFO] Scheduling entity extraction task for node_id=7df17c56-aad8-4d61-99f4-a0100ccf231e
2026-05-13 17:03:38,094 [INFO] Scheduling entity extraction task for node_id=af0b0a27-890b-4546-86cb-42f8c9eaa269
2026-05-13 17:03:38,100 [INFO] Scheduling entity extraction task for node_id=3ca690f2-29e7-4730-a9d0-6b4ecab7cf07
2026-05-13 17:03:38,105 [INFO] Scheduling entity extraction task for node_id=1f2dd12d-c0c2-4ea4-b937-3e4b5d796189
2026-05-13 17:03:38,112 [INFO] Scheduling entity extraction task for node_id=51c520d8-b0c8-49ee-9a46-a340c0326986
2026-05-13 17:03:38,119 [INFO] Scheduling entity extraction task for node_id=9347f86e-b536-4b3e-aad8-bd40ac2f1fbf
2026-05-13 17:03:38,125 [INFO] Scheduling entity extraction task for node_id=757ef16c-b13b-45d8-ba16-1be3b2764119
2026-05-13 17:03:38,130 [INFO] Scheduling entity extraction task for node_id=cdd037e5-ed2c-446e-aa19-8f79aa624768
2026-05-13 17:03:38,155 [INFO] Scheduling entity extraction task for node_id=9b06d7c9-10e6-4069-b5d6-c6affc02840c
2026-05-13 17:03:38,160 [INFO] Scheduling entity extraction task for node_id=0597b95e-cf2f-4ebc-9f45-fddb4afe2c8e
2026-05-13 17:03:38,164 [INFO] Scheduling entity extraction task for node_id=87635a9a-813e-4b2f-b196-9b4add4e3184
2026-05-13 17:03:38,169 [INFO] Scheduling entity extraction task for node_id=654ca3ab-1a38-4ffe-8bcd-1577ea95f130
2026-05-13 17:03:38,173 [INFO] Scheduling entity extraction task for node_id=e740cf90-ccff-4201-8dd2-11983bf17600
2026-05-13 17:03:38,177 [INFO] Scheduling entity extraction task for node_id=20d9bcd3-dddd-4263-875a-3d01552a1086
2026-05-13 17:03:38,183 [INFO] Scheduling entity extraction task for node_id=f4f10185-8b38-4dfe-918b-a861e685369a
2026-05-13 17:03:38,187 [INFO] Scheduling entity extraction task for node_id=e4a18110-dd42-4843-96ad-881e9089cad1
2026-05-13 17:03:38,191 [INFO] Scheduling entity extraction task for node_id=b92d6807-c2ff-46dd-9eb8-127df480c12d
2026-05-13 17:03:38,196 [INFO] Scheduling entity extraction task for node_id=26d3a458-e67e-451f-90c0-167713f3f866
2026-05-13 17:03:38,248 [INFO] Scheduling entity extraction task for node_id=22a82516-7936-4865-a991-3baf8331f3a5
2026-05-13 17:03:38,252 [INFO] Scheduling entity extraction task for node_id=ed48b3a1-3874-4079-91ee-e98e5faa63fc
2026-05-13 17:03:38,256 [INFO] Scheduling entity extraction task for node_id=a384390d-3701-45af-bdd6-011ba5271a48
2026-05-13 17:03:38,262 [INFO] Scheduling entity extraction task for node_id=4f038f27-915b-419f-ab65-0fd5cdf9e637
2026-05-13 17:03:38,266 [INFO] Scheduling entity extraction task for node_id=04265834-4b8e-46c1-97cb-ed0034075876
2026-05-13 17:03:38,271 [INFO] Scheduling entity extraction task for node_id=ce44a36f-91cd-4d66-99bd-1292ae482ee6
2026-05-13 17:03:38,321 [INFO] Scheduling entity extraction task for node_id=81c7e419-f117-4d87-ad2a-0f3c5cdf947f
2026-05-13 17:03:38,324 [INFO] Scheduling entity extraction task for node_id=5729eb9a-17f4-4184-8d5c-9162156e534d
2026-05-13 17:03:38,329 [INFO] Scheduling entity extraction task for node_id=d20e3ee9-c637-419a-a812-8236eaa258f0
2026-05-13 17:03:38,334 [INFO] Scheduling entity extraction task for node_id=0929986a-bbb1-459f-aba9-4b8d640226d8
2026-05-13 17:03:38,338 [INFO] Scheduling entity extraction task for node_id=0c859cee-5c02-4949-83e0-c16f44940249
2026-05-13 17:03:38,342 [INFO] Scheduling entity extraction task for node_id=eb4be6c6-8d45-4b52-b9a4-ca5d649c8902
2026-05-13 17:03:38,346 [INFO] Scheduling entity extraction task for node_id=669f010a-f345-4a56-a5cb-f668a0246ef1
2026-05-13 17:03:38,351 [INFO] Scheduling entity extraction task for node_id=99b2efe0-3504-476f-86b3-cb5b5845636f
2026-05-13 17:03:38,355 [INFO] Scheduling entity extraction task for node_id=6640e78a-e9b0-4d5f-8ff1-e5ae5100c657
2026-05-13 17:03:38,360 [INFO] Scheduling entity extraction task for node_id=f35de5ea-9dfa-43af-a842-415a27947a71
2026-05-13 17:03:38,364 [INFO] Scheduling entity extraction task for node_id=dd34bd65-0aa0-4b8d-9ce9-b8f957a7b95e
2026-05-13 17:03:38,369 [INFO] Scheduling entity extraction task for node_id=de573ebe-931f-47b3-989e-a9f2d37ca40d
2026-05-13 17:03:38,373 [INFO] Scheduling entity extraction task for node_id=9ea13d29-76db-4683-b09b-b863a758eb07
2026-05-13 17:03:38,378 [INFO] Scheduling entity extraction task for node_id=81a74842-eb60-4b67-ac30-1cf991a8472d
2026-05-13 17:03:38,382 [INFO] Scheduling entity extraction task for node_id=e7905df3-1437-4a9c-880e-9de865461eae
2026-05-13 17:03:38,387 [INFO] Scheduling entity extraction task for node_id=00224a39-be3d-48db-a756-6788eb881e8f
2026-05-13 17:03:38,441 [INFO] Scheduling entity extraction task for node_id=c717f5e0-1c67-4125-b67d-cf16d0d6291b
2026-05-13 17:03:38,445 [INFO] Scheduling entity extraction task for node_id=2a42ccf3-7bf6-42fc-8812-c6a6fa083fe1
2026-05-13 17:03:38,449 [INFO] Scheduling entity extraction task for node_id=7d1e14f0-f5f7-424f-9e3f-35f5eb857d31
2026-05-13 17:03:38,454 [INFO] Scheduling entity extraction task for node_id=50be40c2-48db-46ca-94fb-4c7db8c0e0de
2026-05-13 17:03:38,458 [INFO] Scheduling entity extraction task for node_id=8dc83d90-eb73-45b4-afe2-f110757dc426
2026-05-13 17:03:38,462 [INFO] Scheduling entity extraction task for node_id=63ce3b0b-50f7-4364-8daa-2d17359d622a
2026-05-13 17:03:38,467 [INFO] Scheduling entity extraction task for node_id=c1310380-8e92-4c8e-ad04-6f7847ab0ea1
2026-05-13 17:03:38,471 [INFO] Scheduling entity extraction task for node_id=e922a9d0-a23b-4a61-b843-a6ba9ff864c1
2026-05-13 17:03:38,476 [INFO] Scheduling entity extraction task for node_id=0f89abd0-00bc-4435-b47f-bb7595527667
2026-05-13 17:03:38,480 [INFO] Scheduling entity extraction task for node_id=112e1922-1e96-49ee-8059-6bfd1a4cf5d3
2026-05-13 17:03:38,484 [INFO] Scheduling entity extraction task for node_id=b9a4b61a-bce5-48ca-89f0-b2bfa230c7fa
2026-05-13 17:03:38,489 [INFO] Scheduling entity extraction task for node_id=f693f822-010a-4060-80f4-663ec09542a9
2026-05-13 17:03:38,493 [INFO] Scheduling entity extraction task for node_id=e7a7598d-8e3f-46c9-9610-de8cd02c2f96
2026-05-13 17:03:38,497 [INFO] Scheduling entity extraction task for node_id=c50bf830-b56e-4a5a-a7cc-6c836e0f9843
2026-05-13 17:03:38,502 [INFO] Scheduling entity extraction task for node_id=48867550-a9f2-4aea-9abd-b498d9eacd9b
2026-05-13 17:03:38,507 [INFO] Scheduling entity extraction task for node_id=7720693b-7c58-4c4c-9d47-96ffccce6d90
2026-05-13 17:03:38,513 [INFO] Scheduling entity extraction task for node_id=b2bb1fa1-837b-46a6-bc6b-9120a37f8cb9
2026-05-13 17:03:38,518 [INFO] Scheduling entity extraction task for node_id=9df3da21-c90e-4ecc-ae56-513116cfad49
2026-05-13 17:03:38,521 [INFO] Scheduling entity extraction task for node_id=64de1205-0423-4a3f-9f56-48760d8893f0
2026-05-13 17:03:38,525 [INFO] Scheduling entity extraction task for node_id=ade7e82d-a75f-4ef9-b298-8a75793353ad
2026-05-13 17:03:38,530 [INFO] Scheduling entity extraction task for node_id=7bb90c77-808b-4406-a164-f1016a3519b2
2026-05-13 17:03:38,535 [INFO] Scheduling entity extraction task for node_id=36e8602f-db5a-4e71-bd63-5e03ff4870e7
2026-05-13 17:03:38,539 [INFO] Scheduling entity extraction task for node_id=61dcc41e-c27b-4a33-a6a7-30104389b611
2026-05-13 17:03:38,543 [INFO] Scheduling entity extraction task for node_id=ac7f64e5-9bed-40f9-b887-884c3d1d385a
2026-05-13 17:03:38,547 [INFO] Scheduling entity extraction task for node_id=2f6cfa7d-2a2c-4ad2-a841-abd636b52677
2026-05-13 17:03:38,552 [INFO] Scheduling entity extraction task for node_id=2bdfa66f-49b2-4f93-a881-2a0fe796f932
2026-05-13 17:03:38,556 [INFO] Scheduling entity extraction task for node_id=5a3db4fa-0581-4486-977d-919ccff83e18
2026-05-13 17:03:38,559 [INFO] Scheduling entity extraction task for node_id=c1de9045-00a0-4b03-8ad6-9e1c346a17cf
2026-05-13 17:03:38,563 [INFO] Scheduling entity extraction task for node_id=f4777a7b-2213-4e4d-add6-725b95ae072f
2026-05-13 17:03:38,567 [INFO] Scheduling entity extraction task for node_id=7d890e67-174d-4395-8684-9f2630b5e1cb
2026-05-13 17:03:38,571 [INFO] Scheduling entity extraction task for node_id=0e7ad804-c61f-4a45-867c-1b6fdf2a7527
2026-05-13 17:03:38,622 [INFO] Scheduling entity extraction task for node_id=3074cf72-92f4-4308-9aea-f581e566d3f0
2026-05-13 17:03:38,627 [INFO] Scheduling entity extraction task for node_id=e4c05b1b-030d-4f0f-925a-bada75e99199
2026-05-13 17:03:38,677 [INFO] Scheduling entity extraction task for node_id=22169b01-0157-4795-9c71-4f5bb6a1bf86
2026-05-13 17:03:38,681 [INFO] Scheduling entity extraction task for node_id=42c825d2-0127-4999-aad9-db33f0ff0b54
2026-05-13 17:03:38,686 [INFO] Scheduling entity extraction task for node_id=8a4cd312-3a96-45bc-8969-08b8370e4c5a
2026-05-13 17:03:38,690 [INFO] Scheduling entity extraction task for node_id=ad76baec-745f-4918-b246-7d2e3ab21a9a
2026-05-13 17:03:38,696 [INFO] Scheduling entity extraction task for node_id=92d61228-d16c-4e4d-a245-07b422f270b7
2026-05-13 17:03:38,700 [INFO] Scheduling entity extraction task for node_id=b1b31090-e4c5-46da-9cdc-a628adb845a7
2026-05-13 17:03:38,705 [INFO] Scheduling entity extraction task for node_id=516cd0d4-be87-4b49-b70c-4abdadc3b28f
2026-05-13 17:03:38,709 [INFO] Scheduling entity extraction task for node_id=57beac31-0764-43e6-b4f6-d80a100dedab
2026-05-13 17:03:38,714 [INFO] Scheduling entity extraction task for node_id=65dc0c48-e57c-4d63-926f-abb996e0ce30
2026-05-13 17:03:38,718 [INFO] Scheduling entity extraction task for node_id=1f1cb0f0-deb0-416c-a819-3fb6fd639ff3
2026-05-13 17:03:38,722 [INFO] Scheduling entity extraction task for node_id=ca75388d-aae1-4515-a9fe-1c5f0049648e
2026-05-13 17:03:38,727 [INFO] Scheduling entity extraction task for node_id=c23f4f4c-f680-490e-af31-f11902e0325d
2026-05-13 17:03:38,731 [INFO] Scheduling entity extraction task for node_id=e053afc0-cee3-4c30-8686-6c5c96bb6f34
2026-05-13 17:03:38,736 [INFO] Scheduling entity extraction task for node_id=a0b24707-1f2b-4206-aa8e-4c86048a6ebd
2026-05-13 17:03:38,740 [INFO] Scheduling entity extraction task for node_id=ad0c7c40-4eec-42c5-9204-d882f63665a8
2026-05-13 17:03:38,744 [INFO] Scheduling entity extraction task for node_id=fec4ce93-4870-40dd-85a7-47d1400b3faf
2026-05-13 17:03:38,749 [INFO] Scheduling entity extraction task for node_id=4f5f1c61-0def-43e2-8fe8-e02d05b532fa
2026-05-13 17:03:38,753 [INFO] Scheduling entity extraction task for node_id=823165d6-0029-4e93-9ddb-9c3a5d6cf220
2026-05-13 17:03:38,757 [INFO] Scheduling entity extraction task for node_id=75f2d5de-156c-4c34-869b-0cb41624b084
2026-05-13 17:03:38,762 [INFO] Scheduling entity extraction task for node_id=b356588d-1f39-4065-b6dc-cd92db7f6e19
2026-05-13 17:03:38,766 [INFO] Scheduling entity extraction task for node_id=407a58b1-1efd-4c13-a125-73f918b66361
2026-05-13 17:03:38,771 [INFO] Scheduling entity extraction task for node_id=860fbfa9-e39a-4a0a-94df-fa5e29db6e9e
2026-05-13 17:03:38,775 [INFO] Scheduling entity extraction task for node_id=61145c5a-f371-4a86-bb23-fead88f3686f
2026-05-13 17:03:38,780 [INFO] Scheduling entity extraction task for node_id=ce09e33e-84f8-485d-908e-5ce0e9dc427f
2026-05-13 17:03:38,784 [INFO] Scheduling entity extraction task for node_id=4e7944a1-b0bf-4e38-ab03-a641a5a0b72a
2026-05-13 17:03:38,788 [INFO] Scheduling entity extraction task for node_id=ae70797a-b1b9-490f-badf-696138b705cd
2026-05-13 17:03:38,792 [INFO] Scheduling entity extraction task for node_id=eee15153-d090-4444-828b-783e4e527055
2026-05-13 17:03:38,844 [INFO] Scheduling entity extraction task for node_id=215882bc-e2d7-4b31-acb6-2c5d43b374a8
2026-05-13 17:03:38,850 [INFO] Scheduling entity extraction task for node_id=0abe115b-d364-4eb1-af87-9a2a28db4d57
2026-05-13 17:03:38,854 [INFO] Scheduling entity extraction task for node_id=b907877d-1ff1-4899-bff1-6e275ba5f005
2026-05-13 17:03:38,859 [INFO] Scheduling entity extraction task for node_id=410c0172-bd70-4b8d-9148-9e9a66a19018
2026-05-13 17:03:38,863 [INFO] Scheduling entity extraction task for node_id=544c63f1-e5a5-47b3-90f6-ff2da2108e9d
2026-05-13 17:03:38,867 [INFO] Scheduling entity extraction task for node_id=6032f433-2efe-416b-a5a2-4979b1932fbe
2026-05-13 17:03:38,872 [INFO] Scheduling entity extraction task for node_id=d1831bab-ce9c-4ca2-9d74-6dccf3099e13
2026-05-13 17:03:38,877 [INFO] Scheduling entity extraction task for node_id=1ec73941-b6ea-4f9c-b4f4-331cc889ea2b
2026-05-13 17:03:38,881 [INFO] Scheduling entity extraction task for node_id=f30c0351-5b2e-4832-b002-f2c9383c4ad5
2026-05-13 17:03:38,886 [INFO] Scheduling entity extraction task for node_id=fb5a855d-0a3d-42e5-b938-051a18c50c95
2026-05-13 17:03:38,890 [INFO] Scheduling entity extraction task for node_id=9b92029e-68e3-4dc6-87ca-485dc987abeb
2026-05-13 17:03:38,945 [INFO] Scheduling entity extraction task for node_id=86f8c61d-4a6e-4cb4-987b-3e81a84eb354
2026-05-13 17:03:38,951 [INFO] Scheduling entity extraction task for node_id=c8e39138-67a4-4aad-be5e-06399309dc6b
2026-05-13 17:03:38,956 [INFO] Scheduling entity extraction task for node_id=c210a8b2-9eff-435c-92f9-6cc137c80e6d
2026-05-13 17:03:39,008 [INFO] Scheduling entity extraction task for node_id=8e11a6b5-3152-4e79-915b-7cca42ed2366
2026-05-13 17:03:39,012 [INFO] Scheduling entity extraction task for node_id=8311033c-2621-4011-bf31-6bf8db09d574
2026-05-13 17:03:39,018 [INFO] Scheduling entity extraction task for node_id=68d09875-04b5-42d1-b373-4fd7a348b527
2026-05-13 17:03:39,022 [INFO] Scheduling entity extraction task for node_id=21315055-9bed-434b-ac3f-d6d28e257ede
2026-05-13 17:03:39,026 [INFO] Scheduling entity extraction task for node_id=3530a945-c33c-4edc-a77a-48d70d490cdf
2026-05-13 17:03:39,031 [INFO] Scheduling entity extraction task for node_id=e9a0a994-93b6-46d1-99f8-9fb55f19d8a0
2026-05-13 17:03:39,035 [INFO] Scheduling entity extraction task for node_id=5280ded5-85ce-424a-85ab-718baceabeb7
2026-05-13 17:03:39,039 [INFO] Scheduling entity extraction task for node_id=ec1c93de-c64c-4141-9691-d01e4d49e799
2026-05-13 17:03:39,044 [INFO] Scheduling entity extraction task for node_id=66a68d08-6588-408c-b291-579951099dec
2026-05-13 17:03:39,048 [INFO] Scheduling entity extraction task for node_id=dcc00bf8-9f18-44ae-b1ba-da60f13bed00
2026-05-13 17:03:39,053 [INFO] Scheduling entity extraction task for node_id=8bd2842a-86bd-4039-8c61-e88f2b20cc8e
2026-05-13 17:03:39,058 [INFO] Scheduling entity extraction task for node_id=c65dd470-4f9a-4750-ba3d-a11b7dcbe71e
2026-05-13 17:03:39,062 [INFO] Scheduling entity extraction task for node_id=9d1658a7-613c-4f3f-9e69-d58874110f58
2026-05-13 17:03:39,068 [INFO] Scheduling entity extraction task for node_id=2e7c8e3a-28fa-43fa-91cd-18bedf7d7873
2026-05-13 17:03:39,073 [INFO] Scheduling entity extraction task for node_id=84d9c9f9-ff4f-4b8c-9c0e-96740a7b038c
2026-05-13 17:03:39,078 [INFO] Scheduling entity extraction task for node_id=d0dffb97-e263-46ab-82d0-55d97cc862c6
2026-05-13 17:03:39,082 [INFO] Scheduling entity extraction task for node_id=2942d970-f00e-47ed-a18c-2ca6b021a17f
2026-05-13 17:03:39,086 [INFO] Scheduling entity extraction task for node_id=efbe0e3a-e8bf-430b-a300-4bdcf65a0c44
2026-05-13 17:03:39,092 [INFO] Scheduling entity extraction task for node_id=7a39ef7e-1447-4d30-ab24-82af246dcd63
2026-05-13 17:03:39,096 [INFO] Scheduling entity extraction task for node_id=3cb37ff6-1190-4097-9ded-a9a85c59b19e
2026-05-13 17:03:39,100 [INFO] Scheduling entity extraction task for node_id=fdf02bf9-5629-4804-93e7-baded9da7074
2026-05-13 17:03:39,105 [INFO] Scheduling entity extraction task for node_id=1571a98c-7c71-4798-bba1-2e46bdbbdf29
2026-05-13 17:03:39,109 [INFO] Scheduling entity extraction task for node_id=f4de506f-1df6-4d2f-9a1d-e8b526813830
2026-05-13 17:03:39,114 [INFO] Scheduling entity extraction task for node_id=8ffb93a2-cd59-4d0d-9eb6-6a80b2df807b
2026-05-13 17:03:39,117 [INFO] Scheduling entity extraction task for node_id=b91b61e7-2c74-4ccf-ac72-fe46e11ec539
2026-05-13 17:03:39,122 [INFO] Scheduling entity extraction task for node_id=0adce062-6c3d-49b6-b0b0-81c4bac1aece
2026-05-13 17:03:39,126 [INFO] Scheduling entity extraction task for node_id=f7cd88d6-6188-4c3b-bc6f-0f268985f2c9
2026-05-13 17:03:39,130 [INFO] Scheduling entity extraction task for node_id=a56a7935-62e4-4b5e-a753-7734683a4a09
2026-05-13 17:03:39,134 [INFO] Scheduling entity extraction task for node_id=51718d9a-2ca2-4e74-9a95-08cafa470cd9
2026-05-13 17:03:39,138 [INFO] Scheduling entity extraction task for node_id=56266cbd-55be-4884-94d7-06846262960a
2026-05-13 17:03:39,143 [INFO] Scheduling entity extraction task for node_id=a5923bfb-30cd-4989-bad1-5bedb616019b
2026-05-13 17:03:39,147 [INFO] Scheduling entity extraction task for node_id=1473668e-ed64-4c2d-b8ed-ae02b360ef0e
2026-05-13 17:03:39,152 [INFO] Scheduling entity extraction task for node_id=6044720f-4ed7-498f-896c-e124ba6dc395
2026-05-13 17:03:39,156 [INFO] Scheduling entity extraction task for node_id=1b1c89e6-7a71-46b4-b19a-69e08b181f56
2026-05-13 17:03:39,160 [INFO] Scheduling entity extraction task for node_id=7e2d299b-5697-490e-9d16-e629ee4f81ed
2026-05-13 17:03:39,165 [INFO] Scheduling entity extraction task for node_id=b7e5aa3a-1c0f-419d-a8e2-ab00eeb00555
2026-05-13 17:03:39,170 [INFO] Scheduling entity extraction task for node_id=3310b84c-69ad-4e72-95ab-f21feab7cca4
2026-05-13 17:03:39,175 [INFO] Scheduling entity extraction task for node_id=d13c8d36-eaf1-43dc-b534-b272691dee3f
2026-05-13 17:03:39,181 [INFO] Scheduling entity extraction task for node_id=31848bc4-fb77-4f5e-9ec6-3b9b65288073
2026-05-13 17:03:39,187 [INFO] Scheduling entity extraction task for node_id=9caf5f1e-793c-4604-8817-da8f44bbb094
2026-05-13 17:03:39,191 [INFO] Scheduling entity extraction task for node_id=eb8128e6-7c2b-47db-90e3-091e43e031ae
2026-05-13 17:03:39,196 [INFO] Scheduling entity extraction task for node_id=735ded36-03f3-48f3-9c37-f25e0491df80
2026-05-13 17:03:39,200 [INFO] Scheduling entity extraction task for node_id=6c04558a-1fa8-48f0-8bbc-757fd161566f
2026-05-13 17:03:39,204 [INFO] Scheduling entity extraction task for node_id=77e64747-4567-4182-97d3-98f7584e4382
2026-05-13 17:03:39,259 [INFO] Scheduling entity extraction task for node_id=272c7a96-11cf-4c9d-b0c3-ebd6851fe534
2026-05-13 17:03:39,263 [INFO] Scheduling entity extraction task for node_id=39d9474b-672c-44c8-995f-a6d05707f759
2026-05-13 17:03:39,269 [INFO] Scheduling entity extraction task for node_id=c88dd995-9f2b-43d6-a2d3-3f4dc30aba2b
2026-05-13 17:03:39,276 [INFO] Scheduling entity extraction task for node_id=3462f1e4-20c4-497c-adf4-972e74d1c74f
2026-05-13 17:03:39,281 [INFO] Scheduling entity extraction task for node_id=4bb3f9fc-dc08-435e-ac78-bbc4aea825a2
2026-05-13 17:03:39,284 [INFO] Scheduling entity extraction task for node_id=06c29252-7a8f-47e1-89f0-d5b297185e70
2026-05-13 17:03:39,287 [INFO] Scheduling entity extraction task for node_id=41c50e1e-01f3-49a7-a9f7-6d6dace09bd0
2026-05-13 17:03:39,340 [INFO] Scheduling entity extraction task for node_id=ec335aa5-c723-49d6-aa2c-d26a5b84ca78
2026-05-13 17:03:39,346 [INFO] Scheduling entity extraction task for node_id=4fb89d30-faca-44a8-93b7-b1c19d09d0da
2026-05-13 17:03:39,350 [INFO] Scheduling entity extraction task for node_id=8d57df4b-bab9-44c6-8e09-165e4acde882
2026-05-13 17:03:39,401 [INFO] Scheduling entity extraction task for node_id=204b45da-005a-4af4-8aee-1b28c2ac7f8e
2026-05-13 17:03:39,406 [INFO] Scheduling entity extraction task for node_id=b918bcb7-2842-4b19-a714-ff48a3d9b526
2026-05-13 17:03:39,412 [INFO] Scheduling entity extraction task for node_id=bff4137f-d69d-45ae-8028-fe4215130b98
2026-05-13 17:03:39,417 [INFO] Scheduling entity extraction task for node_id=b2024864-c906-4323-89b4-927f6eb73ba1
2026-05-13 17:03:39,425 [INFO] Scheduling entity extraction task for node_id=3ac0df9d-4f87-482a-add4-c9bd5f4c997c
2026-05-13 17:03:39,436 [INFO] Scheduling entity extraction task for node_id=186469be-d31b-4eb3-bfb3-a8baffec338d
2026-05-13 17:03:39,441 [INFO] Scheduling entity extraction task for node_id=35dae606-1f4e-4213-8bdf-2e4ae9d5e55d
2026-05-13 17:03:39,446 [INFO] Scheduling entity extraction task for node_id=d14bec5e-c7e4-415f-a78a-88d5a5bb153f
2026-05-13 17:03:39,450 [INFO] Scheduling entity extraction task for node_id=b59c82c2-6a69-4733-82a5-cbea86562a74
2026-05-13 17:03:39,455 [INFO] Scheduling entity extraction task for node_id=c9b13d02-7c13-4883-96b7-0d5ff3e63dad
2026-05-13 17:03:39,460 [INFO] Scheduling entity extraction task for node_id=5ecef1a3-ee1a-4316-8bee-879830b9c780
2026-05-13 17:03:39,465 [INFO] Scheduling entity extraction task for node_id=4366ba15-51e9-4954-a1ae-c9270b05be9f
2026-05-13 17:03:39,469 [INFO] Scheduling entity extraction task for node_id=51982b2f-1458-4e36-b8c0-e579d8a283f3
2026-05-13 17:03:39,474 [INFO] Scheduling entity extraction task for node_id=805bbd3b-bc3d-4b49-9854-dab3e85d42bd
2026-05-13 17:03:39,479 [INFO] Scheduling entity extraction task for node_id=7a1df60e-cfe3-4147-801a-2ef8e883b673
2026-05-13 17:03:39,583 [INFO] Scheduling entity extraction task for node_id=7f0e4ff5-8b54-4782-aa0b-cd9c5a56ece4
2026-05-13 17:03:39,588 [INFO] Scheduling entity extraction task for node_id=42e21468-7547-44b5-8d2d-6182996b5f3a
2026-05-13 17:03:39,592 [INFO] Scheduling entity extraction task for node_id=115622b6-7ae6-426a-99eb-5288d771f03a
2026-05-13 17:03:39,597 [INFO] Scheduling entity extraction task for node_id=1749832f-29cf-4b6d-8a5e-c4080f2fb572
2026-05-13 17:03:39,602 [INFO] Scheduling entity extraction task for node_id=9e132dd0-876f-4c01-bf82-88612db1bcc2
2026-05-13 17:03:39,608 [INFO] Scheduling entity extraction task for node_id=24a347f3-4bab-4c47-9f01-5bba45887586
2026-05-13 17:03:39,615 [INFO] Scheduling entity extraction task for node_id=7144811d-58bc-4754-9cc9-46dddc64e0a7
2026-05-13 17:03:39,619 [INFO] Scheduling entity extraction task for node_id=9251934e-cd98-4e8e-82bd-b81f9132b949
2026-05-13 17:03:39,623 [INFO] Scheduling entity extraction task for node_id=32ff91e8-160f-45f1-9176-cdd602657463
2026-05-13 17:03:39,629 [INFO] Scheduling entity extraction task for node_id=cedba816-d534-4c6a-9160-ed661d23c36b
2026-05-13 17:03:39,634 [INFO] Scheduling entity extraction task for node_id=52827e6f-9d65-4c20-9840-92d98b52a710
2026-05-13 17:03:39,638 [INFO] Scheduling entity extraction task for node_id=d5c38829-e5bb-474f-a700-b702c47e9bc1
2026-05-13 17:03:39,642 [INFO] Scheduling entity extraction task for node_id=efb52bbf-a159-4d5e-93cc-15002788b116
2026-05-13 17:03:39,647 [INFO] Scheduling entity extraction task for node_id=f6c75903-0c05-4925-a646-516e20ab214e
2026-05-13 17:03:39,651 [INFO] Scheduling entity extraction task for node_id=3b9a1e72-1792-472c-be46-77ed732ce73c
2026-05-13 17:03:39,702 [INFO] Scheduling entity extraction task for node_id=e6ea039e-8e98-4b5d-95b0-afc54b0f6e33
2026-05-13 17:03:39,706 [INFO] Scheduling entity extraction task for node_id=fa318c19-fede-4dbd-ba13-6c7ee6d74881
2026-05-13 17:03:39,711 [INFO] Scheduling entity extraction task for node_id=c7339cca-9b09-4e52-9d6e-07a4b7cd9032
2026-05-13 17:03:39,715 [INFO] Scheduling entity extraction task for node_id=f39a0fa4-4cf0-4878-bd6f-48684e24d987
2026-05-13 17:03:39,720 [INFO] Scheduling entity extraction task for node_id=56f702cb-97d9-4c58-9c46-f99a31fb8e1a
2026-05-13 17:03:39,724 [INFO] Scheduling entity extraction task for node_id=9178124b-60d2-475c-bfa4-2f54c7c0b830
2026-05-13 17:03:39,729 [INFO] Scheduling entity extraction task for node_id=16479618-4cb9-4fa6-b7a4-16ab7168f667
2026-05-13 17:03:39,733 [INFO] Scheduling entity extraction task for node_id=54ecc726-8a11-4280-b338-1ce8cabd381c
2026-05-13 17:03:39,737 [INFO] Scheduling entity extraction task for node_id=7021b171-6097-4083-a88d-13020224c049
2026-05-13 17:03:39,742 [INFO] Scheduling entity extraction task for node_id=99d39edd-7f4f-4bec-bb31-c22d282f19c8
2026-05-13 17:03:39,746 [INFO] Scheduling entity extraction task for node_id=1b6dfdbe-b7af-4818-a79f-aff4c2418e57
2026-05-13 17:03:39,750 [INFO] Scheduling entity extraction task for node_id=265c9a47-fab8-4197-bed5-2a975b17b02e
2026-05-13 17:03:39,755 [INFO] Scheduling entity extraction task for node_id=2a4ae321-c136-48ef-9b11-322dcc8f802a
2026-05-13 17:03:39,759 [INFO] Scheduling entity extraction task for node_id=878d35c7-3054-4c21-b915-48f4a28f0821
2026-05-13 17:03:39,763 [INFO] Scheduling entity extraction task for node_id=8724f981-03cd-48b2-b14c-10973b418496
2026-05-13 17:03:39,768 [INFO] Scheduling entity extraction task for node_id=01c0ba99-a1e4-400e-9893-f9f1132e2ab1
2026-05-13 17:03:39,772 [INFO] Scheduling entity extraction task for node_id=d0f965a4-7435-4b6a-92c4-7ff3087655b8
2026-05-13 17:03:39,776 [INFO] Scheduling entity extraction task for node_id=202960d1-c209-49c0-9691-dea0b3c5fbfb
2026-05-13 17:03:39,780 [INFO] Scheduling entity extraction task for node_id=a74f137a-a0d9-4a09-8ea9-28ff3ba5ce41
2026-05-13 17:03:39,785 [INFO] Scheduling entity extraction task for node_id=c82b84a2-a95b-404f-af5e-c832ff792faf
2026-05-13 17:03:39,788 [INFO] Scheduling entity extraction task for node_id=6774be8d-ace7-4de5-ad01-776cb498e830
2026-05-13 17:03:39,793 [INFO] Scheduling entity extraction task for node_id=3268e273-710e-4347-841a-ffa87cf4dd88
2026-05-13 17:03:39,797 [INFO] Scheduling entity extraction task for node_id=5e8d6449-c3bb-4d83-9ed5-9a33d8741dc5
2026-05-13 17:03:39,802 [INFO] Scheduling entity extraction task for node_id=06211ad4-c77f-4bab-9738-6c73f28498f4
2026-05-13 17:03:39,806 [INFO] Scheduling entity extraction task for node_id=3abf8c57-07e6-477d-aaa5-e43853515976
2026-05-13 17:03:39,814 [INFO] Scheduling entity extraction task for node_id=c26d2204-cf4e-47bf-b0b6-a0d6ff218316
2026-05-13 17:03:39,818 [INFO] Scheduling entity extraction task for node_id=3febc243-7c6f-47fc-9cc1-2e01c32b6c2a
2026-05-13 17:03:39,823 [INFO] Scheduling entity extraction task for node_id=4517ca93-e802-43f7-9e66-538652b0b6e3
2026-05-13 17:03:39,827 [INFO] Scheduling entity extraction task for node_id=19342eee-9ac6-43a7-a3b5-aabb7b0836c4
2026-05-13 17:03:39,831 [INFO] Scheduling entity extraction task for node_id=9d986699-488b-4c27-ba7c-e05b320808c6
2026-05-13 17:03:39,836 [INFO] Scheduling entity extraction task for node_id=ccd55a7e-96e0-4b91-ac0d-60e7315097dc
2026-05-13 17:03:39,840 [INFO] Scheduling entity extraction task for node_id=32308fad-46c3-441f-b120-87ed352db533
2026-05-13 17:03:39,844 [INFO] Scheduling entity extraction task for node_id=521a879e-55aa-4676-9f01-323a64525461
2026-05-13 17:03:39,848 [INFO] Scheduling entity extraction task for node_id=adbcac96-4b10-4954-85e2-f7ea1bb96dd1
2026-05-13 17:03:39,852 [INFO] Scheduling entity extraction task for node_id=f668b77f-dba2-4aa0-9501-843a0837f5f4
2026-05-13 17:03:39,857 [INFO] Scheduling entity extraction task for node_id=d9cb2022-b25c-4879-8ef7-31183fe99aab
2026-05-13 17:03:39,861 [INFO] Scheduling entity extraction task for node_id=e5d4cd91-6b57-4d72-b64b-2bc9aebe84dd
2026-05-13 17:03:39,865 [INFO] Scheduling entity extraction task for node_id=85712c49-56ab-45da-b77c-f38e45662c76
2026-05-13 17:03:39,869 [INFO] Scheduling entity extraction task for node_id=bf101d46-c9e3-4f7a-ba3c-ad403c68bf4c
2026-05-13 17:03:39,874 [INFO] Scheduling entity extraction task for node_id=e0111505-796d-4857-aaa6-a970470c4e76
2026-05-13 17:03:39,877 [INFO] Scheduling entity extraction task for node_id=3b997fed-0ab3-4be0-bac3-8fc5737120ca
2026-05-13 17:03:39,881 [INFO] Scheduling entity extraction task for node_id=d05d7a49-8ad9-4941-950f-0383121ca6ba
2026-05-13 17:03:39,886 [INFO] Scheduling entity extraction task for node_id=be6044f7-5e84-420b-81a8-5502ecce184b
2026-05-13 17:03:39,890 [INFO] Scheduling entity extraction task for node_id=edeaf810-2a26-41ef-90dc-ab6f0fb9468b
2026-05-13 17:03:39,894 [INFO] Scheduling entity extraction task for node_id=6b34d15a-d657-42f0-af50-f343fde63a87
2026-05-13 17:03:39,899 [INFO] Scheduling entity extraction task for node_id=96353283-bd7b-4059-ada5-fac765cd0065
2026-05-13 17:03:39,903 [INFO] Scheduling entity extraction task for node_id=918e05d6-cd32-4324-996e-d0783ef2be16
2026-05-13 17:03:39,909 [INFO] Scheduling entity extraction task for node_id=6ccc069f-2535-407c-8466-0c267905b57d
2026-05-13 17:03:39,914 [INFO] Scheduling entity extraction task for node_id=e7977a25-bce3-45de-bfb1-fed5831f0da7
2026-05-13 17:03:39,917 [INFO] Scheduling entity extraction task for node_id=a7df8aea-419b-4c86-8f5f-415302ef39c3
2026-05-13 17:03:39,922 [INFO] Scheduling entity extraction task for node_id=8a5b3130-956c-44c3-b303-e45172932dd0
2026-05-13 17:03:39,927 [INFO] Scheduling entity extraction task for node_id=8523bb4d-b33d-46c3-a005-ab09b4f33ec6
2026-05-13 17:03:39,984 [INFO] Scheduling entity extraction task for node_id=ec89bc0e-b283-4bb0-8769-308ca85cfa7f
2026-05-13 17:03:39,989 [INFO] Scheduling entity extraction task for node_id=9fd406ec-4694-4649-971d-3df21d110d4e
2026-05-13 17:03:40,044 [INFO] Scheduling entity extraction task for node_id=cec3462f-94c9-47d9-bc73-c3c4275edbd3
2026-05-13 17:03:40,051 [INFO] Scheduling entity extraction task for node_id=02c86ab2-da81-4729-8b7c-bb8ee9070eda
2026-05-13 17:03:40,055 [INFO] Scheduling entity extraction task for node_id=e458e9a1-05b7-48ab-a30f-46064d51b723
2026-05-13 17:03:40,060 [INFO] Scheduling entity extraction task for node_id=f5c84bdd-d2a8-4a2f-87b7-8049da658e59
2026-05-13 17:03:40,064 [INFO] Scheduling entity extraction task for node_id=80fe82c1-1c41-4d7d-a00e-24c18b8b6100
2026-05-13 17:03:40,068 [INFO] Scheduling entity extraction task for node_id=02c26e63-2dd5-4b45-b6e7-5da1fc17f20b
2026-05-13 17:03:40,072 [INFO] Scheduling entity extraction task for node_id=6d50c9b5-ed88-4795-933d-21bcab87091b
2026-05-13 17:03:40,076 [INFO] Scheduling entity extraction task for node_id=1525c86d-533f-4879-a55e-08a6bb01b133
2026-05-13 17:03:40,080 [INFO] Scheduling entity extraction task for node_id=b7cd1021-1cb6-4c5c-b9c9-2cb46d5478d5
2026-05-13 17:03:40,131 [INFO] Scheduling entity extraction task for node_id=3fedd532-9c50-48af-a956-498b1e152ff0
2026-05-13 17:03:40,136 [INFO] Scheduling entity extraction task for node_id=63be5a64-d597-4790-967d-76981a722b30
2026-05-13 17:03:40,140 [INFO] Scheduling entity extraction task for node_id=ceb2fe8e-7a77-442b-a1cb-4c7607a6d84d
2026-05-13 17:03:40,145 [INFO] Scheduling entity extraction task for node_id=a41c8167-f5a2-4dd3-8db6-e18301a2d514
2026-05-13 17:03:40,149 [INFO] Scheduling entity extraction task for node_id=ece75e1d-a3f0-4f31-b510-a5d130296ffa
2026-05-13 17:03:40,154 [INFO] Scheduling entity extraction task for node_id=1d181742-368e-4bdf-bee5-74996cd43093
2026-05-13 17:03:40,159 [INFO] Scheduling entity extraction task for node_id=f88e735a-ec28-4b49-8ef4-6764be1e5afe
2026-05-13 17:03:40,163 [INFO] Scheduling entity extraction task for node_id=b47591f9-53ff-48aa-90b7-9b90c376856a
2026-05-13 17:03:40,168 [INFO] Scheduling entity extraction task for node_id=d4603890-cead-4ff4-9fbd-4ab270a2941b
2026-05-13 17:03:40,173 [INFO] Scheduling entity extraction task for node_id=679cd832-122f-45c1-8576-a4d3fd879662
2026-05-13 17:03:40,179 [INFO] Scheduling entity extraction task for node_id=d074db05-54a7-42a9-9897-dbaf4f8d04f8
2026-05-13 17:03:40,183 [INFO] Scheduling entity extraction task for node_id=30215a2b-08ac-4e5e-851e-dfd508be61af
2026-05-13 17:03:40,187 [INFO] Scheduling entity extraction task for node_id=84040ee2-cb30-4100-a416-53758aa6a01d
2026-05-13 17:03:40,192 [INFO] Scheduling entity extraction task for node_id=7104142b-209a-476c-ba78-b3f5f7c4eb66
2026-05-13 17:03:40,196 [INFO] Scheduling entity extraction task for node_id=6b9d52da-f2ae-4773-bccb-e3f9082c0c0d
2026-05-13 17:03:40,202 [INFO] Scheduling entity extraction task for node_id=1070beb2-6611-4e5b-9adc-1a94b86bdb0f
2026-05-13 17:03:40,206 [INFO] Scheduling entity extraction task for node_id=b745ca1d-fc98-4e6f-9423-9f77456971d3
2026-05-13 17:03:40,214 [INFO] Scheduling entity extraction task for node_id=8368876f-9d80-492f-996c-7549e432c3ce
2026-05-13 17:03:40,221 [INFO] Scheduling entity extraction task for node_id=66f88c46-7a59-4837-b736-1d880fafbf9a
2026-05-13 17:03:40,227 [INFO] Scheduling entity extraction task for node_id=e4bd15db-0215-4cd1-b193-cec18e63cb3b
2026-05-13 17:03:40,232 [INFO] Scheduling entity extraction task for node_id=46cbef00-07d9-4fb0-aa1e-7fe36e272442
2026-05-13 17:03:40,238 [INFO] Scheduling entity extraction task for node_id=4ef5ec5a-3334-4df3-9815-5c8c7b9cb207
2026-05-13 17:03:40,242 [INFO] Scheduling entity extraction task for node_id=7c61a7eb-9c67-44df-a9ea-90085e4eb65f
2026-05-13 17:03:40,247 [INFO] Scheduling entity extraction task for node_id=b77eb276-6916-4d5e-a787-495df45e5558
2026-05-13 17:03:40,252 [INFO] Scheduling entity extraction task for node_id=93b3c2f2-95f1-4106-9d5e-e40f3ba732cb
2026-05-13 17:03:40,256 [INFO] Scheduling entity extraction task for node_id=d60dac28-c32d-41a9-bb87-c5dff20077b4
2026-05-13 17:03:40,261 [INFO] Scheduling entity extraction task for node_id=8baf0e67-a6f4-42ba-95ea-18d6eba163b0
2026-05-13 17:03:40,266 [INFO] Scheduling entity extraction task for node_id=daced619-e4dd-4b6d-8c49-cb8afe6a160f
2026-05-13 17:03:40,271 [INFO] Scheduling entity extraction task for node_id=4dab4e90-b557-4398-a517-442b6a55529a
2026-05-13 17:03:40,275 [INFO] Scheduling entity extraction task for node_id=84e3c001-0763-4df5-975b-13d240666f44
2026-05-13 17:03:40,279 [INFO] Scheduling entity extraction task for node_id=97458860-8c4c-40ce-81d8-59fcbb452bc1
2026-05-13 17:03:40,283 [INFO] Scheduling entity extraction task for node_id=15fa682a-e72a-41e4-b799-5ccf17d4da0c
2026-05-13 17:03:40,289 [INFO] Scheduling entity extraction task for node_id=2406d1ac-7a0c-4578-8cd3-9a0386a5f7a0
2026-05-13 17:03:40,293 [INFO] Scheduling entity extraction task for node_id=8a399b84-b939-43d9-b0c4-6fcdbc49309f
2026-05-13 17:03:40,298 [INFO] Scheduling entity extraction task for node_id=acb3a532-b981-4fbe-ba58-00956c81e1ad
2026-05-13 17:03:40,303 [INFO] Scheduling entity extraction task for node_id=e22c5d87-fc0f-4dbd-a8c8-69bdade21b54
2026-05-13 17:03:40,307 [INFO] Scheduling entity extraction task for node_id=82156e9c-088d-4164-b9ce-8d2659558762
2026-05-13 17:03:40,311 [INFO] Scheduling entity extraction task for node_id=b61f9690-71be-4b4d-b73e-700b2ffd6242
2026-05-13 17:03:40,317 [INFO] Scheduling entity extraction task for node_id=1ae93855-ef0a-4bdb-8691-a2b5db8703f5
2026-05-13 17:03:40,321 [INFO] Scheduling entity extraction task for node_id=2c3e6e48-5f58-490d-bf03-47f838e501b3
2026-05-13 17:03:40,325 [INFO] Scheduling entity extraction task for node_id=c3a2d78f-100f-42d6-83ec-cb52e344eb17
2026-05-13 17:03:40,377 [INFO] Scheduling entity extraction task for node_id=c9e34654-200d-4ff6-9ad0-c5dae1b11f3a
2026-05-13 17:03:40,381 [INFO] Scheduling entity extraction task for node_id=54e8d03e-2b73-43c0-a21f-bba2fde174f7
2026-05-13 17:03:40,385 [INFO] Scheduling entity extraction task for node_id=28167d0f-d49e-47bd-9d10-f5e8cbc46beb
2026-05-13 17:03:40,390 [INFO] Scheduling entity extraction task for node_id=bc56f050-b6ef-4652-b434-0190ba2469ae
2026-05-13 17:03:40,396 [INFO] Scheduling entity extraction task for node_id=cd15283e-dfe5-4aa1-ad1a-428c75e89325
2026-05-13 17:03:40,400 [INFO] Scheduling entity extraction task for node_id=5c604889-55d6-401f-949f-4d7c2d48a51e
2026-05-13 17:03:40,405 [INFO] Scheduling entity extraction task for node_id=3e21e14e-eadf-44ca-a309-cc9c0f8577ae
2026-05-13 17:03:40,409 [INFO] Scheduling entity extraction task for node_id=af60d804-9b3d-425c-b438-286aee01ee3e
2026-05-13 17:03:40,418 [INFO] Scheduling entity extraction task for node_id=8404416c-018d-41a7-872e-beaa0c500098
2026-05-13 17:03:40,422 [INFO] Scheduling entity extraction task for node_id=8406239e-8579-428e-9404-61d2c15348e5
2026-05-13 17:03:40,426 [INFO] Scheduling entity extraction task for node_id=022cfd48-3e9b-4099-a72d-dd3108a530fa
2026-05-13 17:03:40,430 [INFO] Scheduling entity extraction task for node_id=a3cee757-9c6a-490d-b9db-b121926ac6e5
2026-05-13 17:03:40,434 [INFO] Scheduling entity extraction task for node_id=363d67c6-06f1-4a08-a33e-8de91ed036c5
2026-05-13 17:03:40,438 [INFO] Scheduling entity extraction task for node_id=6decbfa9-bdd9-41ae-8884-727683febfeb
2026-05-13 17:03:40,443 [INFO] Scheduling entity extraction task for node_id=a5f1ecb9-6258-4687-ac0f-6aed1b749eaa
2026-05-13 17:03:40,449 [INFO] Scheduling entity extraction task for node_id=36a48618-ffa2-47bb-978d-7727bf251b14
2026-05-13 17:03:40,454 [INFO] Scheduling entity extraction task for node_id=3a215b62-4b98-4ceb-bf4a-9441646b6c93
2026-05-13 17:03:40,458 [INFO] Scheduling entity extraction task for node_id=b5c5808e-b3c5-4911-b58f-3d8bde3e0194
2026-05-13 17:03:40,463 [INFO] Scheduling entity extraction task for node_id=3d8e68b4-881d-49f1-8293-ad073a172779
2026-05-13 17:03:40,467 [INFO] Scheduling entity extraction task for node_id=e85cd92c-6371-49e7-b5db-17f9af29f617
2026-05-13 17:03:40,472 [INFO] Scheduling entity extraction task for node_id=5234b222-c026-40fc-9cac-7db4dcb75c5b
2026-05-13 17:03:40,478 [INFO] Scheduling entity extraction task for node_id=e22ce5a8-681c-41a4-9218-0ae74e6f1222
2026-05-13 17:03:40,485 [INFO] Scheduling entity extraction task for node_id=9b51f1af-011e-4ded-bc57-d17ebce5af4d
2026-05-13 17:03:40,490 [INFO] Scheduling entity extraction task for node_id=5fa0e1f1-793b-42ae-aa5d-ed0716f3b8f1
2026-05-13 17:03:40,495 [INFO] Scheduling entity extraction task for node_id=32b4be05-302b-4b60-8ade-2b79b1934a2d
2026-05-13 17:03:40,500 [INFO] Scheduling entity extraction task for node_id=759cb354-6e18-4041-9d44-d490ec04d6ca
2026-05-13 17:03:40,505 [INFO] Scheduling entity extraction task for node_id=d61713d3-16bf-4735-a8a7-af7d4fe61b08
2026-05-13 17:03:40,509 [INFO] Scheduling entity extraction task for node_id=33241df7-e0f3-4837-83db-606d0c727f81
2026-05-13 17:03:40,515 [INFO] Scheduling entity extraction task for node_id=d86dc420-6114-4665-b029-54cf26b10a6f
2026-05-13 17:03:40,568 [INFO] Scheduling entity extraction task for node_id=865ae13b-9d2f-476b-9dcb-6c5b7d6a2f38
2026-05-13 17:03:40,572 [INFO] Scheduling entity extraction task for node_id=e770216b-8e92-4177-b049-91c0f7738bbb
2026-05-13 17:03:40,624 [INFO] Scheduling entity extraction task for node_id=d49d333a-3ea7-4339-8043-5c8cee53c855
2026-05-13 17:03:40,629 [INFO] Scheduling entity extraction task for node_id=8edb3246-66d2-433b-9e27-b4e504020ddf
2026-05-13 17:03:40,635 [INFO] Scheduling entity extraction task for node_id=c5baf968-1ecb-4e3a-a7fa-a0809de8a650
2026-05-13 17:03:40,642 [INFO] Scheduling entity extraction task for node_id=44487c69-8e23-4a98-a12e-a4948f81ef26
2026-05-13 17:03:40,651 [INFO] Scheduling entity extraction task for node_id=2cbf9a2a-b695-450f-9990-3075cc3c659b
2026-05-13 17:03:40,657 [INFO] Scheduling entity extraction task for node_id=191806fb-f971-4f24-bae5-7718f0afa4d2
2026-05-13 17:03:40,661 [INFO] Scheduling entity extraction task for node_id=3e449479-c340-4fe5-9590-b5a0e20b9268
2026-05-13 17:03:40,666 [INFO] Scheduling entity extraction task for node_id=7ee8925f-101c-455a-a4d1-c832e842a1c8
2026-05-13 17:03:40,670 [INFO] Scheduling entity extraction task for node_id=4f168611-bd9a-4755-becd-7e89b893eafa
2026-05-13 17:03:40,675 [INFO] Scheduling entity extraction task for node_id=9b2cef19-c99c-42c1-ab37-c43442d07fe9
2026-05-13 17:03:40,680 [INFO] Scheduling entity extraction task for node_id=f9d2a9a3-c8f7-4719-899c-2f37781421ff
2026-05-13 17:03:40,694 [INFO] Scheduling entity extraction task for node_id=0906c2ef-290a-44c5-80bc-3aab0bc22639
2026-05-13 17:03:40,699 [INFO] Scheduling entity extraction task for node_id=292899d0-b5cb-46d5-bd62-9e225000f0dd
2026-05-13 17:03:40,703 [INFO] Scheduling entity extraction task for node_id=8497598a-77c7-4971-851c-7f54b58f4861
2026-05-13 17:03:40,707 [INFO] Scheduling entity extraction task for node_id=717623f5-1c7e-440c-9f3f-3d8e07f24d95
2026-05-13 17:03:40,712 [INFO] Scheduling entity extraction task for node_id=b690edfe-37d7-48b8-aa64-d102d1e496b9
2026-05-13 17:03:40,719 [INFO] Scheduling entity extraction task for node_id=9a0bdd3b-a873-4fab-a557-c1fe8f43e309
2026-05-13 17:03:40,724 [INFO] Scheduling entity extraction task for node_id=03969fe6-3dbb-47d6-83a8-ae3af9732ca1
2026-05-13 17:03:40,729 [INFO] Scheduling entity extraction task for node_id=b191663f-a12b-4565-8788-ca30de0ed9ca
2026-05-13 17:03:40,735 [INFO] Scheduling entity extraction task for node_id=d4835f1a-8531-435b-941a-d451ed84a81e
2026-05-13 17:03:40,740 [INFO] Scheduling entity extraction task for node_id=635c8d32-da85-4057-b595-47cebb57eb90
2026-05-13 17:03:40,744 [INFO] Scheduling entity extraction task for node_id=be3508ab-79e8-404c-a4b1-c2c4685e1d72
2026-05-13 17:03:40,749 [INFO] Scheduling entity extraction task for node_id=cec1e4e7-e4a9-42ea-b609-530a35e2329b
2026-05-13 17:03:40,753 [INFO] Scheduling entity extraction task for node_id=a860d9a4-cb10-4af0-aa82-7b2e3cb2e23d
2026-05-13 17:03:40,758 [INFO] Scheduling entity extraction task for node_id=b41f2227-14e3-4c64-87d6-ed2d511b8b68
2026-05-13 17:03:40,762 [INFO] Scheduling entity extraction task for node_id=46e7eca0-8bed-448e-9f9f-9bb79d983f6c
2026-05-13 17:03:40,768 [INFO] Scheduling entity extraction task for node_id=1cc3c69a-00c2-4a12-83e8-5ff75d64e43f
2026-05-13 17:03:40,772 [INFO] Scheduling entity extraction task for node_id=6feb50f2-f3ad-4d8a-8f6f-289d54700730
2026-05-13 17:03:40,777 [INFO] Scheduling entity extraction task for node_id=02395eb4-1c98-498d-93cc-879494a7a57c
2026-05-13 17:03:40,782 [INFO] Scheduling entity extraction task for node_id=ff17a5ee-c526-484f-8605-34cee8926bc5
2026-05-13 17:03:40,787 [INFO] Scheduling entity extraction task for node_id=50f6d263-50a4-4367-be3e-f16c7f61f7d5
2026-05-13 17:03:40,791 [INFO] Scheduling entity extraction task for node_id=c1b4e077-f00d-40e5-871d-363db6d84986
2026-05-13 17:03:40,799 [INFO] Scheduling entity extraction task for node_id=b52af04f-e737-4e62-addf-5f691b4edd2f
2026-05-13 17:03:40,803 [INFO] Scheduling entity extraction task for node_id=b467c5d7-7e34-4769-bde4-64d42c764e86
2026-05-13 17:03:40,807 [INFO] Scheduling entity extraction task for node_id=84f961a1-34d5-4f42-84ff-f3f60d6810d3
2026-05-13 17:03:40,811 [INFO] Scheduling entity extraction task for node_id=e6f2e8ba-e168-4eaa-a10a-be0ca2b2d15e
2026-05-13 17:03:40,816 [INFO] Scheduling entity extraction task for node_id=eb7533ff-a4bb-4b13-b829-62d6a25bc8d0
2026-05-13 17:03:40,869 [INFO] Scheduling entity extraction task for node_id=085a240d-7f76-40fa-9082-bb7a42835fc0
2026-05-13 17:03:40,875 [INFO] Scheduling entity extraction task for node_id=1ad087e5-8fa8-41dd-ae92-b23e440d3f97
2026-05-13 17:03:40,880 [INFO] Scheduling entity extraction task for node_id=a6b35200-7fcf-4588-b610-16c28e4369d0
2026-05-13 17:03:40,885 [INFO] Scheduling entity extraction task for node_id=56e3d20d-cf43-4028-b1d4-c3e9b7c589f5
2026-05-13 17:03:40,889 [INFO] Scheduling entity extraction task for node_id=72409d88-b1ed-472d-8c9c-c03322cedbfe
2026-05-13 17:03:40,894 [INFO] Scheduling entity extraction task for node_id=c917a064-1b56-49d9-a410-7bb41495183b
2026-05-13 17:03:40,947 [INFO] Scheduling entity extraction task for node_id=9746a600-6214-48d7-a79c-c3ee8fc01070
2026-05-13 17:03:40,952 [INFO] Scheduling entity extraction task for node_id=5da75354-d800-43e4-b886-f30c1f8832be
2026-05-13 17:03:40,957 [INFO] Scheduling entity extraction task for node_id=c0ab7c18-50a3-418c-a6a3-0644fd04f725
2026-05-13 17:03:40,963 [INFO] Scheduling entity extraction task for node_id=3fec5d98-b939-4bef-a05f-07d7dca8b48a
2026-05-13 17:03:40,968 [INFO] Scheduling entity extraction task for node_id=cc8b4b5d-3c69-49ad-8b26-619f8e476984
2026-05-13 17:03:40,972 [INFO] Scheduling entity extraction task for node_id=4368760d-e157-47de-91b3-1b088c9b8aed
2026-05-13 17:03:40,976 [INFO] Scheduling entity extraction task for node_id=d4420bcb-1807-4af1-906e-60012d46becb
2026-05-13 17:03:40,980 [INFO] Scheduling entity extraction task for node_id=dfda5775-7f5d-4165-a72c-d7159e96cc2c
2026-05-13 17:03:40,984 [INFO] Scheduling entity extraction task for node_id=5865cfee-7e4c-4ac2-bdc6-3f2411a12de4
2026-05-13 17:03:41,035 [INFO] Scheduling entity extraction task for node_id=30cfd61b-c79b-4467-aab2-1676cd98a74f
2026-05-13 17:03:41,041 [INFO] Scheduling entity extraction task for node_id=367b6cd6-2c77-471b-b152-36a3ce64861a
2026-05-13 17:03:41,045 [INFO] Scheduling entity extraction task for node_id=c327873d-e332-4433-9b7b-d00a9a6bdbef
2026-05-13 17:03:41,050 [INFO] Scheduling entity extraction task for node_id=1447c617-cba2-4acb-8094-057a6dc04b4b
2026-05-13 17:03:41,054 [INFO] Scheduling entity extraction task for node_id=eaeb7b3b-7b26-436f-8a87-da75fa33fbde
2026-05-13 17:03:41,058 [INFO] Scheduling entity extraction task for node_id=68b9832d-d55f-406f-a412-a52dbff4f325
2026-05-13 17:03:41,064 [INFO] Scheduling entity extraction task for node_id=c1b3b3f6-e1fc-4b2f-a2c0-397bd6782a56
2026-05-13 17:03:41,068 [INFO] Scheduling entity extraction task for node_id=aec09089-ec1b-4bd9-b7b7-f281f0b58d34
2026-05-13 17:03:41,072 [INFO] Scheduling entity extraction task for node_id=5a1d7c14-8850-4ceb-b488-9cefc3df455b
2026-05-13 17:03:41,077 [INFO] Scheduling entity extraction task for node_id=211c5f20-f354-4acf-b4e6-016bf5d7c72c
2026-05-13 17:03:41,081 [INFO] Scheduling entity extraction task for node_id=4ec13f6f-0e3d-45f1-88c5-74fa3a9cb8c0
2026-05-13 17:03:41,087 [INFO] Scheduling entity extraction task for node_id=28ad2d1e-f2fa-4d7a-97f4-475188a1eb3c
2026-05-13 17:03:41,092 [INFO] Scheduling entity extraction task for node_id=04803ef5-af43-4ce3-902c-82a324140854
2026-05-13 17:03:41,098 [INFO] Scheduling entity extraction task for node_id=2bafd94d-e0af-4554-ad8b-07d5201b5a8e
2026-05-13 17:03:41,103 [INFO] Scheduling entity extraction task for node_id=39926ad5-b7b3-4471-a234-4a70eab6386e
2026-05-13 17:03:41,107 [INFO] Scheduling entity extraction task for node_id=3ca639dc-7d6a-4a2f-891c-dadd940db185
2026-05-13 17:03:41,113 [INFO] Scheduling entity extraction task for node_id=b53a8bf8-e85b-479b-af86-915be645747e
2026-05-13 17:03:41,118 [INFO] Scheduling entity extraction task for node_id=5b4a7905-ca39-48a8-bdbe-f2c060a23ea8
2026-05-13 17:03:41,122 [INFO] Scheduling entity extraction task for node_id=889898b0-50f9-4bf6-a1c0-c5c3dd97b794
2026-05-13 17:03:41,179 [INFO] Scheduling entity extraction task for node_id=b6ac06f0-dd94-4ae8-b83b-058f07191891
2026-05-13 17:03:41,185 [INFO] Scheduling entity extraction task for node_id=90f98751-3c52-4356-8582-5a1e2a07a2c6
2026-05-13 17:03:41,189 [INFO] Scheduling entity extraction task for node_id=1b5fc488-7130-4db6-ab8f-6397ce31e579
2026-05-13 17:03:41,194 [INFO] Scheduling entity extraction task for node_id=e1c58352-a30c-4346-887c-cf21bdbce3a0
2026-05-13 17:03:41,198 [INFO] Scheduling entity extraction task for node_id=8eaa8d7e-a394-4285-830d-b78ed7379ab9
2026-05-13 17:03:41,203 [INFO] Scheduling entity extraction task for node_id=7d7f919f-06b5-4c55-9b9f-2c1a33332236
2026-05-13 17:03:41,208 [INFO] Scheduling entity extraction task for node_id=b9d089d2-6732-4b91-8608-a3c8d68d4586
2026-05-13 17:03:41,213 [INFO] Scheduling entity extraction task for node_id=a1ac4bec-0386-43a8-981a-f9e08e14723b
2026-05-13 17:03:41,218 [INFO] Scheduling entity extraction task for node_id=b44a1f1b-a54b-4b60-9a7b-4026dfd603e9
2026-05-13 17:03:41,223 [INFO] Scheduling entity extraction task for node_id=5bb275d1-7702-4db8-94f2-c56651574a7b
2026-05-13 17:03:41,229 [INFO] Scheduling entity extraction task for node_id=aa7834f8-dda7-4d04-b215-932fcc09772d
2026-05-13 17:03:41,235 [INFO] Scheduling entity extraction task for node_id=6cd9ee51-5c4d-435f-aed8-6214657e38b0
2026-05-13 17:03:41,240 [INFO] Scheduling entity extraction task for node_id=83d6e50c-2842-433f-9c5c-a71ecd163259
2026-05-13 17:03:41,245 [INFO] Scheduling entity extraction task for node_id=d47974d9-36b6-41ae-ba8c-ccc3319d9c45
2026-05-13 17:03:41,251 [INFO] Scheduling entity extraction task for node_id=932fe11f-defa-424e-bbd3-9427960b9be3
2026-05-13 17:03:41,258 [INFO] Scheduling entity extraction task for node_id=0954dcaa-a7c6-4c80-95f8-858c53cde899
2026-05-13 17:03:41,265 [INFO] Scheduling entity extraction task for node_id=d7d5adc9-c4c2-4e69-a037-0e99e21a8984
2026-05-13 17:03:41,273 [INFO] Scheduling entity extraction task for node_id=c2e9b911-6aff-4b02-aef8-ad7b31d9fb48
2026-05-13 17:03:41,279 [INFO] Scheduling entity extraction task for node_id=296ef649-4021-45d5-af35-8a6ccdb579ba
2026-05-13 17:03:41,283 [INFO] Scheduling entity extraction task for node_id=3a3532e5-0ed1-4940-8941-6febd35fe582
2026-05-13 17:03:41,288 [INFO] Scheduling entity extraction task for node_id=66e97db6-a424-4238-b0be-fb444bf82e1d
2026-05-13 17:03:41,294 [INFO] Scheduling entity extraction task for node_id=847f2d6d-52a5-4a4c-a44b-51d8a6ed05cd
2026-05-13 17:03:41,298 [INFO] Scheduling entity extraction task for node_id=5ff16e22-cdb6-4af5-a5ad-04a637f793a0
2026-05-13 17:03:41,303 [INFO] Scheduling entity extraction task for node_id=ed51a001-4920-447b-bf7c-547dfd10a291
2026-05-13 17:03:41,308 [INFO] Scheduling entity extraction task for node_id=88c388da-4dd4-484a-a6af-c22921016a78
2026-05-13 17:03:41,312 [INFO] Scheduling entity extraction task for node_id=961a2428-377c-4be4-b695-e8ab83d8a308
2026-05-13 17:03:41,317 [INFO] Scheduling entity extraction task for node_id=8ca88c19-28bf-4ede-bf74-1d772868d249
2026-05-13 17:03:41,321 [INFO] Scheduling entity extraction task for node_id=d182d60f-d7bd-4479-a314-12ce46bc9ee1
2026-05-13 17:03:41,326 [INFO] Scheduling entity extraction task for node_id=f7782fcd-fedc-470d-adec-6d40e82c6387
2026-05-13 17:03:41,333 [INFO] Scheduling entity extraction task for node_id=280cf0bd-9a77-4bb7-838d-2568a4433161
2026-05-13 17:03:41,339 [INFO] Scheduling entity extraction task for node_id=8182e2f6-b55f-4fcf-8b5b-1a5d93168b19
2026-05-13 17:03:41,344 [INFO] Scheduling entity extraction task for node_id=7860c709-8fc5-4d39-b139-df18d5904592
2026-05-13 17:03:41,351 [INFO] Scheduling entity extraction task for node_id=a5332e3e-5289-43b9-b8ef-2b0df8698176
2026-05-13 17:03:41,357 [INFO] Scheduling entity extraction task for node_id=2ac177f9-90f8-40fd-ad59-b6ada60bb519
2026-05-13 17:03:41,362 [INFO] Scheduling entity extraction task for node_id=15d63713-13c1-4851-8a3e-254598ad83f5
2026-05-13 17:03:41,367 [INFO] Scheduling entity extraction task for node_id=e548f36b-1bb2-42f9-a32a-e9df2cb93282
2026-05-13 17:03:41,375 [INFO] Scheduling entity extraction task for node_id=e24c87d1-a760-4b18-bf36-29dc595c6803
2026-05-13 17:03:41,379 [INFO] Scheduling entity extraction task for node_id=c881a855-1fd7-4cc6-bbe6-15d09d16a150
2026-05-13 17:03:41,384 [INFO] Scheduling entity extraction task for node_id=66f8587d-03c5-4730-8d19-f50c4af1b7cf
2026-05-13 17:03:41,389 [INFO] Scheduling entity extraction task for node_id=c43b953f-50fe-4d1c-ad92-0459c9f5d4e7
2026-05-13 17:03:41,394 [INFO] Scheduling entity extraction task for node_id=1281e7f1-4a21-4755-8249-fc1b810f5689
2026-05-13 17:03:41,400 [INFO] Scheduling entity extraction task for node_id=bdf3358c-2dd8-407e-859b-fbc13e1652d2
2026-05-13 17:03:41,405 [INFO] Scheduling entity extraction task for node_id=a05c3f59-182a-4b79-92ec-8f4e58e7812b
2026-05-13 17:03:41,410 [INFO] Scheduling entity extraction task for node_id=9a633007-8f06-4c44-8a88-bc9befe084f4
2026-05-13 17:03:41,415 [INFO] Scheduling entity extraction task for node_id=478a7c91-1f9b-4e1a-8669-745e5bfef1bc
2026-05-13 17:03:41,421 [INFO] Scheduling entity extraction task for node_id=7bc72457-7c68-41a9-ab6c-2bcfbce309c4
2026-05-13 17:03:41,428 [INFO] Scheduling entity extraction task for node_id=a4e2f1c8-3652-4893-a2f4-0f9b3224fc30
2026-05-13 17:03:41,437 [INFO] Scheduling entity extraction task for node_id=0851d443-c45e-4420-8289-779a388093b9
2026-05-13 17:03:41,445 [INFO] Scheduling entity extraction task for node_id=77e41e29-c197-4392-892a-c6225afb9688
2026-05-13 17:03:41,453 [INFO] Scheduling entity extraction task for node_id=9a2a8631-9850-4c5a-846c-7f31e1422de3
2026-05-13 17:03:41,459 [INFO] Scheduling entity extraction task for node_id=5888873f-320d-4742-957f-9a8de29926e9
2026-05-13 17:03:41,465 [INFO] Scheduling entity extraction task for node_id=fb650aa4-2e29-45fa-9799-95f03cdd2ae8
2026-05-13 17:03:41,469 [INFO] Scheduling entity extraction task for node_id=381c6011-41bf-4622-9bca-8abb4ed53f23
2026-05-13 17:03:41,474 [INFO] Scheduling entity extraction task for node_id=ae976bf2-b5e1-47c5-818a-7c4fa1d4f918
2026-05-13 17:03:41,478 [INFO] Scheduling entity extraction task for node_id=b977de73-c437-41fb-b686-4d0611c75bcd
2026-05-13 17:03:41,481 [INFO] Scheduling entity extraction task for node_id=58da2cd2-9455-4c13-8119-fe2131f52fb5
2026-05-13 17:03:41,487 [INFO] Scheduling entity extraction task for node_id=b3dc95e0-32e7-4fab-ab99-d18e8fb81aee
2026-05-13 17:03:41,492 [INFO] Scheduling entity extraction task for node_id=7a012473-8544-44dd-b42a-c4e8ad109e9e
2026-05-13 17:03:41,499 [INFO] Scheduling entity extraction task for node_id=1794dcff-106d-4953-b5e2-dc21a7a2abb1
2026-05-13 17:03:41,505 [INFO] Scheduling entity extraction task for node_id=efa9a52a-67da-44d6-866d-2455573fbb65
2026-05-13 17:03:41,510 [INFO] Scheduling entity extraction task for node_id=a2603e3f-81db-4a85-be9d-df438b6637c4
2026-05-13 17:03:41,516 [INFO] Scheduling entity extraction task for node_id=33b37a64-b7d4-41c8-8e9a-51f73345e68b
2026-05-13 17:03:41,522 [INFO] Scheduling entity extraction task for node_id=e7e98918-0b66-4935-af14-8ac25b32de8b
2026-05-13 17:03:41,575 [INFO] Scheduling entity extraction task for node_id=9ea50176-ad32-4017-8cf4-d315e05530a5
2026-05-13 17:03:41,580 [INFO] Scheduling entity extraction task for node_id=ced725a6-d28a-4161-98cd-8130e4afa35e
2026-05-13 17:03:41,585 [INFO] Scheduling entity extraction task for node_id=205e3f30-5e0a-4593-a364-567e38eac83f
2026-05-13 17:03:41,590 [INFO] Scheduling entity extraction task for node_id=558dbfc7-92bb-4204-9055-2532e1c2d430
2026-05-13 17:03:41,595 [INFO] Scheduling entity extraction task for node_id=fc8a3140-5937-46b0-a13c-a8bc4a0d52a4
2026-05-13 17:03:41,600 [INFO] Scheduling entity extraction task for node_id=8b4470e7-1d67-4b4f-8754-e355d95640a1
2026-05-13 17:03:41,604 [INFO] Scheduling entity extraction task for node_id=bb0c34aa-def2-461e-a107-e77d40fd5b33
2026-05-13 17:03:41,609 [INFO] Scheduling entity extraction task for node_id=bfb9547d-2feb-484a-92f8-2a5845c0f6cd
2026-05-13 17:03:41,613 [INFO] Scheduling entity extraction task for node_id=929e5fa6-062f-46e6-a512-53b6fb6bd0f8
2026-05-13 17:03:41,666 [INFO] Scheduling entity extraction task for node_id=f4e4e7fb-b18f-478b-8c4f-074395f3a6ef
2026-05-13 17:03:41,671 [INFO] Scheduling entity extraction task for node_id=011ab314-7d96-4d60-9353-2d06b572977e
2026-05-13 17:03:41,676 [INFO] Scheduling entity extraction task for node_id=7d799155-67a1-4c15-beb9-af715ee76454
2026-05-13 17:03:41,681 [INFO] Scheduling entity extraction task for node_id=cb63cbaf-fe1e-4df1-9312-38eb89961486
2026-05-13 17:03:41,686 [INFO] Scheduling entity extraction task for node_id=085dba81-771d-473e-ba47-ff85ef8a76bf
2026-05-13 17:03:41,691 [INFO] Scheduling entity extraction task for node_id=34c017b0-39f5-48ca-bf2e-17c1b3049615
2026-05-13 17:03:41,695 [INFO] Scheduling entity extraction task for node_id=ee3e02ff-787d-46f2-9f27-33a6dae4569a
2026-05-13 17:03:41,700 [INFO] Scheduling entity extraction task for node_id=03b4150e-2230-4ea5-bb1e-40361b4e98b0
2026-05-13 17:03:41,704 [INFO] Scheduling entity extraction task for node_id=a88a5ff5-cf85-4e6c-bb1b-b8829cc853d2
2026-05-13 17:03:41,709 [INFO] Scheduling entity extraction task for node_id=bb5d08d6-4d5c-4d3c-b093-808477bfe781
2026-05-13 17:03:41,712 [INFO] Scheduling entity extraction task for node_id=f33d809e-f910-4a72-a401-c5baf661670d
2026-05-13 17:03:41,717 [INFO] Scheduling entity extraction task for node_id=743c1993-1bbc-49f3-8765-2aa5fec29d5d
2026-05-13 17:03:41,720 [INFO] Scheduling entity extraction task for node_id=fc63a04d-0502-4454-94da-23c5cc368e64
2026-05-13 17:03:41,725 [INFO] Scheduling entity extraction task for node_id=99e0b08c-e370-4af6-8b87-6230c99d6a69
2026-05-13 17:03:41,729 [INFO] Scheduling entity extraction task for node_id=97a68ef3-e831-43d8-9cc6-8a85a825fa7a
2026-05-13 17:03:41,734 [INFO] Scheduling entity extraction task for node_id=c632ee46-6557-4c19-821f-23626455489b
2026-05-13 17:03:41,738 [INFO] Scheduling entity extraction task for node_id=89db2af6-cb74-4c4c-8ff2-f97dec075b73
2026-05-13 17:03:41,742 [INFO] Scheduling entity extraction task for node_id=14a847a1-fddd-4a4b-8409-6ce80139614d
2026-05-13 17:03:41,747 [INFO] Scheduling entity extraction task for node_id=fe57908e-e667-4370-93e0-f0d46796238f
2026-05-13 17:03:41,751 [INFO] Scheduling entity extraction task for node_id=45e0f035-217f-40ce-9a85-aaf5b3488111
2026-05-13 17:03:41,757 [INFO] Scheduling entity extraction task for node_id=b94fd3d8-7373-408d-946f-37f53deba6d6
2026-05-13 17:03:41,761 [INFO] Scheduling entity extraction task for node_id=52349514-0f49-4217-8039-ca73038cc3ed
2026-05-13 17:03:41,765 [INFO] Scheduling entity extraction task for node_id=a18ecbb6-3ab5-4673-81b7-88b8f53c0273
2026-05-13 17:03:41,770 [INFO] Scheduling entity extraction task for node_id=2ffab932-f59c-4f8c-8187-5f04609c3df6
2026-05-13 17:03:41,821 [INFO] Scheduling entity extraction task for node_id=86b122ac-aeac-47a4-ac06-56e9452fd09d
2026-05-13 17:03:41,825 [INFO] Scheduling entity extraction task for node_id=7c88d8db-bf85-41da-b5ca-af65d7eeb797
2026-05-13 17:03:41,877 [INFO] Scheduling entity extraction task for node_id=b445c3a2-504e-4537-9a98-b3eef29076c0
2026-05-13 17:03:41,882 [INFO] Scheduling entity extraction task for node_id=3d3f5cca-d134-4c5c-a41a-717a625aea9e
2026-05-13 17:03:41,886 [INFO] Scheduling entity extraction task for node_id=c7267869-9581-49e1-8926-6e542060b420
2026-05-13 17:03:41,890 [INFO] Scheduling entity extraction task for node_id=bd8a698c-e778-4077-9bbb-00842aba7837
2026-05-13 17:03:41,895 [INFO] Scheduling entity extraction task for node_id=1f87399b-5e52-4566-85b5-ff13ba36c32f
2026-05-13 17:03:41,899 [INFO] Scheduling entity extraction task for node_id=02888c76-6684-475a-bfd5-835fd068e287
2026-05-13 17:03:41,904 [INFO] Scheduling entity extraction task for node_id=f6eae05f-36f4-4c9e-b1b2-009ab6783ff9
2026-05-13 17:03:41,909 [INFO] Scheduling entity extraction task for node_id=618d8076-9dc8-4a94-9d51-e284048f716e
2026-05-13 17:03:41,913 [INFO] Scheduling entity extraction task for node_id=626ec8bf-5556-45e2-b8ee-2b6b74cf9949
2026-05-13 17:03:41,967 [INFO] Scheduling entity extraction task for node_id=941c11c6-d982-4688-adb4-27eae62964cd
2026-05-13 17:03:41,972 [INFO] Scheduling entity extraction task for node_id=27ef1794-f2d7-47ee-9591-cda50131ad4e
2026-05-13 17:03:41,977 [INFO] Scheduling entity extraction task for node_id=8dc82990-676f-4582-94a4-38f38c3f50a5
2026-05-13 17:03:41,985 [INFO] Scheduling entity extraction task for node_id=a318132b-2443-47cc-a325-f531d2050e46
2026-05-13 17:03:41,991 [INFO] Scheduling entity extraction task for node_id=1696303d-7769-4e90-be30-eea08af79e0b
2026-05-13 17:03:41,998 [INFO] Scheduling entity extraction task for node_id=e4fd6699-afb9-4cb0-99a9-217fb8a38199
2026-05-13 17:03:42,005 [INFO] Scheduling entity extraction task for node_id=ae4ffe68-5b37-4678-bb51-0a7d74e4ec62
2026-05-13 17:03:42,009 [INFO] Scheduling entity extraction task for node_id=8194bffd-d832-4411-bf0c-11a812495ec0
2026-05-13 17:03:42,014 [INFO] Scheduling entity extraction task for node_id=fd713337-5602-4f22-99c8-a4f6f42adb09
2026-05-13 17:03:42,019 [INFO] Scheduling entity extraction task for node_id=5cd29f84-0f63-4d42-869e-b685d4308dfc
2026-05-13 17:03:42,024 [INFO] Scheduling entity extraction task for node_id=72eb5920-2e5d-43b2-a955-7ae8d90cc521
2026-05-13 17:03:42,030 [INFO] Scheduling entity extraction task for node_id=ed1be468-9fe4-40bc-8687-cc4a04f83cf5
2026-05-13 17:03:42,083 [INFO] Scheduling entity extraction task for node_id=1b4d65ee-6100-49cd-8824-61a038c0d0a6
2026-05-13 17:03:42,087 [INFO] Scheduling entity extraction task for node_id=ac21fb2f-95ab-4bf8-9297-99067d67f9a0
2026-05-13 17:03:42,091 [INFO] Scheduling entity extraction task for node_id=858bc52e-1121-4e8a-b36a-e82d4d2e82bd
2026-05-13 17:03:42,095 [INFO] Scheduling entity extraction task for node_id=5167e185-2446-4716-9ba0-b4bb247f8bfa
2026-05-13 17:03:42,100 [INFO] Scheduling entity extraction task for node_id=95be913e-6c87-42d1-b0b2-fe11a9fc5eee
2026-05-13 17:03:42,104 [INFO] Scheduling entity extraction task for node_id=71410c6e-2a89-4204-b797-fd98c270bb22
2026-05-13 17:03:42,108 [INFO] Scheduling entity extraction task for node_id=af87b794-aead-43ac-9875-692ccc843de7
2026-05-13 17:03:42,113 [INFO] Scheduling entity extraction task for node_id=bd7a8a44-3718-4728-b646-aefa952e6840
2026-05-13 17:03:42,117 [INFO] Scheduling entity extraction task for node_id=6ab1febe-8c1f-43a9-bc77-a061b5a25dd1
2026-05-13 17:03:42,121 [INFO] Scheduling entity extraction task for node_id=b0d3fac8-f68d-45d1-a081-2d9f05f7ef80
2026-05-13 17:03:42,125 [INFO] Scheduling entity extraction task for node_id=4b4831aa-0695-46a7-a8c5-eda0a3b8231f
2026-05-13 17:03:42,129 [INFO] Scheduling entity extraction task for node_id=80174f94-fc2a-4b80-9786-25bfb1de20e5
2026-05-13 17:03:42,134 [INFO] Scheduling entity extraction task for node_id=f8d5ccb4-9283-4828-b240-9b70fbb3e7f4
2026-05-13 17:03:42,139 [INFO] Scheduling entity extraction task for node_id=03461446-3f2e-4348-b943-633fddfbabc1
2026-05-13 17:03:42,143 [INFO] Scheduling entity extraction task for node_id=822f47d7-020c-4a57-a3aa-1c2c4d8cea6c
2026-05-13 17:03:42,146 [INFO] Scheduling entity extraction task for node_id=d68f70ef-55a0-49df-b06a-91137c48d573
2026-05-13 17:03:42,151 [INFO] Scheduling entity extraction task for node_id=3f94fb68-c705-41aa-a436-873e4a186153
2026-05-13 17:03:42,203 [INFO] Scheduling entity extraction task for node_id=b1bea741-eea1-4f26-a32d-8dd396b9f64a
2026-05-13 17:03:42,207 [INFO] Scheduling entity extraction task for node_id=e3050c95-5004-41a6-9758-62e6ee72f198
2026-05-13 17:03:42,212 [INFO] Scheduling entity extraction task for node_id=d1ff5790-cb62-4410-bd0e-53050d2a0d38
2026-05-13 17:03:42,217 [INFO] Scheduling entity extraction task for node_id=69178cdf-5526-466e-a4db-80a399ef1905
2026-05-13 17:03:42,221 [INFO] Scheduling entity extraction task for node_id=883bbf73-26e4-451c-a633-837b25104c14
2026-05-13 17:03:42,272 [INFO] Scheduling entity extraction task for node_id=614cad9b-3958-487a-ba37-b3b4faafcd48
2026-05-13 17:03:42,277 [INFO] Scheduling entity extraction task for node_id=d6c7d1d8-1f27-4af3-98d5-43a3262ab9fc
2026-05-13 17:03:42,280 [INFO] Scheduling entity extraction task for node_id=80da251e-e825-4b8d-91b3-f1f72c5beba4
2026-05-13 17:03:42,284 [INFO] Scheduling entity extraction task for node_id=40a757e7-51fc-4e24-9897-7f8407c940d0
2026-05-13 17:03:42,288 [INFO] Scheduling entity extraction task for node_id=a84de13e-2a46-43b2-a258-78fd029a3486
2026-05-13 17:03:42,339 [INFO] Scheduling entity extraction task for node_id=faec8ada-9b60-487e-b54a-8419d0065dab
2026-05-13 17:03:42,346 [INFO] Scheduling entity extraction task for node_id=45f14ccd-175c-493c-ac80-2b91b2b2a76a
2026-05-13 17:03:42,410 [INFO] Scheduling entity extraction task for node_id=dc0f5ba0-d3cd-4393-be01-9614d0d1649e
2026-05-13 17:03:42,416 [INFO] Scheduling entity extraction task for node_id=d1884bdd-b50e-44ce-8618-5ea3cd160bba
2026-05-13 17:03:42,423 [INFO] Scheduling entity extraction task for node_id=dc9d2c9b-c2a6-4a0e-af31-2f76b1d701c2
2026-05-13 17:03:42,431 [INFO] Scheduling entity extraction task for node_id=2255347c-ae55-4e19-91c3-6c7bd9607bf8
2026-05-13 17:03:42,437 [INFO] Scheduling entity extraction task for node_id=f9c9974f-aed1-4265-a800-5e8958d1c619
2026-05-13 17:03:42,442 [INFO] Scheduling entity extraction task for node_id=9166ee13-1dd7-45c0-ab97-a25a2507387d
2026-05-13 17:03:42,450 [INFO] Scheduling entity extraction task for node_id=23ccc3bf-778c-42f6-af85-898a2a8a0ac3
2026-05-13 17:03:42,457 [INFO] Scheduling entity extraction task for node_id=b9999581-674f-4b9a-a8bb-ef27c29678f3
2026-05-13 17:03:42,463 [INFO] Scheduling entity extraction task for node_id=7d3f6886-061e-4be6-965a-2361cbbf35a3
2026-05-13 17:03:42,468 [INFO] Scheduling entity extraction task for node_id=a419595c-d280-4537-bd40-3d998c51fb8e
2026-05-13 17:03:42,473 [INFO] Scheduling entity extraction task for node_id=9f385491-d1e1-4620-91a3-e610a1722324
2026-05-13 17:03:42,479 [INFO] Scheduling entity extraction task for node_id=f2988532-7c3d-42a6-b47f-312390512930
2026-05-13 17:03:42,483 [INFO] Scheduling entity extraction task for node_id=6849f001-8b69-4c14-b516-ecb0118621b3
2026-05-13 17:03:42,488 [INFO] Scheduling entity extraction task for node_id=870d01b4-7bd7-4d0c-ab3c-787fc78d8967
2026-05-13 17:03:42,495 [INFO] Scheduling entity extraction task for node_id=56513ff4-96d4-4a1f-82fa-6d584ceb78dd
2026-05-13 17:03:42,501 [INFO] Scheduling entity extraction task for node_id=ee5adb8d-b569-4ad8-a42c-909b3b9400e7
2026-05-13 17:03:42,506 [INFO] Scheduling entity extraction task for node_id=c4f6a034-91e7-455a-bf5f-91560befb68a
2026-05-13 17:03:42,511 [INFO] Scheduling entity extraction task for node_id=03707704-faff-4532-9e74-3c03975e2167
2026-05-13 17:03:42,516 [INFO] Scheduling entity extraction task for node_id=0750aafa-aa3d-4125-9d84-1aad82bc34f5
2026-05-13 17:03:42,520 [INFO] Scheduling entity extraction task for node_id=3c7dae9b-aaea-4b16-b57c-e591ea265c82
2026-05-13 17:03:42,525 [INFO] Scheduling entity extraction task for node_id=52716018-40b0-43a8-ace2-b2d8a7e3e692
2026-05-13 17:03:42,531 [INFO] Scheduling entity extraction task for node_id=f7d23ac0-2ddd-4a85-b27c-bb7cfde74775
2026-05-13 17:03:42,536 [INFO] Scheduling entity extraction task for node_id=2d990463-7dae-425e-a6e7-d526e97f8811
2026-05-13 17:03:42,540 [INFO] Scheduling entity extraction task for node_id=86bb635c-7cbf-4a7f-8809-7b72b3be755f
2026-05-13 17:03:42,544 [INFO] Scheduling entity extraction task for node_id=997aeeb2-c752-4fd0-90a2-380d0d91cd08
2026-05-13 17:03:42,549 [INFO] Scheduling entity extraction task for node_id=421f7481-39f8-42f2-b933-ad4a6714930b
2026-05-13 17:03:42,553 [INFO] Scheduling entity extraction task for node_id=e67c3c46-f940-4af9-8a51-4b07ccb5f169
2026-05-13 17:03:42,557 [INFO] Scheduling entity extraction task for node_id=2a82cee2-c995-49a3-b090-3c868858e96e
2026-05-13 17:03:42,562 [INFO] Scheduling entity extraction task for node_id=c0804bde-7a58-4701-b7c0-39c2f8e3dc24
2026-05-13 17:03:42,567 [INFO] Scheduling entity extraction task for node_id=6895ca0f-1db2-4c9e-b12d-33b1ca6d38bf
2026-05-13 17:03:42,573 [INFO] Scheduling entity extraction task for node_id=96cb759d-b69c-475f-9702-0d7649378779
2026-05-13 17:03:42,577 [INFO] Scheduling entity extraction task for node_id=32bb2a12-f4d6-48c9-8b24-5652fb22f2ca
2026-05-13 17:03:42,582 [INFO] Scheduling entity extraction task for node_id=b25f445e-d3f7-4d9a-98ab-ee4247adc494
2026-05-13 17:03:42,586 [INFO] Scheduling entity extraction task for node_id=dea98515-0313-4cab-a4c2-42180e1d7669
2026-05-13 17:03:42,590 [INFO] Scheduling entity extraction task for node_id=a48ba819-1322-4f2c-b845-f3f327f4cb37
2026-05-13 17:03:42,594 [INFO] Scheduling entity extraction task for node_id=ad1b2f9b-4c63-4140-bcb4-25bdea1a179b
2026-05-13 17:03:42,597 [INFO] Scheduling entity extraction task for node_id=0529bde8-8096-46b2-8d4c-0643f67a13f2
2026-05-13 17:03:42,601 [INFO] Scheduling entity extraction task for node_id=169c84a5-6a24-48fd-b1ad-a0afa62d1a0c
2026-05-13 17:03:42,604 [INFO] Scheduling entity extraction task for node_id=4e0487c7-03b9-43ba-8c8a-4966951f5742
2026-05-13 17:03:42,609 [INFO] Scheduling entity extraction task for node_id=8e7bbe9e-de4e-462e-b006-f75fec47bb09
2026-05-13 17:03:42,613 [INFO] Scheduling entity extraction task for node_id=d3e6cbfc-4154-41ff-99ec-30793eab15bb
2026-05-13 17:03:42,616 [INFO] Scheduling entity extraction task for node_id=03b5f79c-4bd7-422d-9846-091826109cb2
2026-05-13 17:03:42,620 [INFO] Scheduling entity extraction task for node_id=8a8ea844-b6e3-41d4-9a61-1a864905bff4
2026-05-13 17:03:42,624 [INFO] Scheduling entity extraction task for node_id=e7643387-c5f2-4220-89fa-7bc4fada3697
2026-05-13 17:03:42,629 [INFO] Scheduling entity extraction task for node_id=83fb5a6c-9a65-4944-ab16-189d4a08a6a7
2026-05-13 17:03:42,634 [INFO] Scheduling entity extraction task for node_id=3cbafd8a-2a59-460a-a61a-3ab280e45a97
2026-05-13 17:03:42,639 [INFO] Scheduling entity extraction task for node_id=7e8607b7-411c-4b1e-81dc-881220dffbd8
2026-05-13 17:03:42,643 [INFO] Scheduling entity extraction task for node_id=6dd03125-9214-4022-83e2-dd6409a412ae
2026-05-13 17:03:42,647 [INFO] Scheduling entity extraction task for node_id=a494ea2c-e81d-4f44-bf37-94fe450106ef
2026-05-13 17:03:42,651 [INFO] Scheduling entity extraction task for node_id=971bfee3-ca9c-49c1-bfa2-36a656c24175
2026-05-13 17:03:42,654 [INFO] Scheduling entity extraction task for node_id=67b813f2-300f-4ef8-9877-1beecd9e829d
2026-05-13 17:03:42,659 [INFO] Scheduling entity extraction task for node_id=b846c188-fc0d-4ac5-8a8f-3a91446c739c
2026-05-13 17:03:42,663 [INFO] Scheduling entity extraction task for node_id=265422b2-dc4b-45c5-aa4f-a1ba334127d0
2026-05-13 17:03:42,667 [INFO] Scheduling entity extraction task for node_id=f672690a-2976-4328-900a-135230973ce5
2026-05-13 17:03:42,671 [INFO] Scheduling entity extraction task for node_id=43eb1b9a-3d1c-4909-b0e5-924bac1116a5
2026-05-13 17:03:42,675 [INFO] Scheduling entity extraction task for node_id=66a8fccb-c7d5-4076-a9c3-26690b20fdf0
2026-05-13 17:03:42,681 [INFO] Scheduling entity extraction task for node_id=6f177f7d-c63c-459d-8ea0-8be9679eb101
2026-05-13 17:03:42,685 [INFO] Scheduling entity extraction task for node_id=deb9e4bc-825e-4176-b9f1-59a7ea1d9035
2026-05-13 17:03:42,689 [INFO] Scheduling entity extraction task for node_id=ffa168ad-42b0-4517-8160-c455aad49fde
2026-05-13 17:03:42,694 [INFO] Scheduling entity extraction task for node_id=f016e80c-faa7-4e3e-a6bc-31bf8c518e42
2026-05-13 17:03:42,698 [INFO] Scheduling entity extraction task for node_id=03609081-e1ed-48e9-9f67-8fd11531d341
2026-05-13 17:03:42,702 [INFO] Scheduling entity extraction task for node_id=2d0f335e-efbd-4040-85df-f7b84c01767b
2026-05-13 17:03:42,707 [INFO] Scheduling entity extraction task for node_id=375a5b76-18bc-4c1b-9e3e-f1bedb6c9f32
2026-05-13 17:03:42,712 [INFO] Scheduling entity extraction task for node_id=7a53ef1c-59c5-4375-b180-acf4a3260bf5
2026-05-13 17:03:42,718 [INFO] Scheduling entity extraction task for node_id=03da7eab-272e-4e32-8c7d-1dd1e174d598
2026-05-13 17:03:42,722 [INFO] Scheduling entity extraction task for node_id=6f382039-db80-4fde-9097-b90edc6dc68c
2026-05-13 17:03:42,726 [INFO] Scheduling entity extraction task for node_id=eeb89172-becb-48f8-84b7-d1b02e165702
2026-05-13 17:03:42,731 [INFO] Scheduling entity extraction task for node_id=b87d05fd-b3e9-4019-a045-bda9f40f9629
2026-05-13 17:03:42,736 [INFO] Scheduling entity extraction task for node_id=f77cc24d-6cdd-4f0e-9662-4fec4cc7df48
2026-05-13 17:03:42,739 [INFO] Scheduling entity extraction task for node_id=5e270d39-1a0b-4ae5-bd94-379a081794b6
2026-05-13 17:03:42,744 [INFO] Scheduling entity extraction task for node_id=d19d3679-7e5d-4cc1-ba4b-d94a0f5c1521
2026-05-13 17:03:42,747 [INFO] Scheduling entity extraction task for node_id=a9471eeb-1d8c-4149-b26b-96f61164a32f
2026-05-13 17:03:42,751 [INFO] Scheduling entity extraction task for node_id=5b063576-d8f3-4c48-b48c-bc840a5a3167
2026-05-13 17:03:42,755 [INFO] Scheduling entity extraction task for node_id=093376e5-23ae-4e6e-81a3-b11aeca0c7b6
2026-05-13 17:03:42,760 [INFO] Scheduling entity extraction task for node_id=224c0863-9adf-4816-90b2-d8ea3298c921
2026-05-13 17:03:42,765 [INFO] Scheduling entity extraction task for node_id=ab91ba25-1258-456c-9f69-016a93979ceb
2026-05-13 17:03:42,769 [INFO] Scheduling entity extraction task for node_id=6f36a9cb-5308-44d2-8ae5-a0a29041a01a
2026-05-13 17:03:42,774 [INFO] Scheduling entity extraction task for node_id=eb9de219-4555-4ccf-9dfe-c89814f6afb9
2026-05-13 17:03:42,778 [INFO] Scheduling entity extraction task for node_id=4ac17303-1f2c-4842-8358-5cc9bde20353
2026-05-13 17:03:42,783 [INFO] Scheduling entity extraction task for node_id=162d2cae-9a7e-42ea-97a5-bd60836811a7
2026-05-13 17:03:42,787 [INFO] Scheduling entity extraction task for node_id=041a5296-30f2-49c9-9ab8-7aa0c35e959c
2026-05-13 17:03:42,792 [INFO] Scheduling entity extraction task for node_id=58380b66-3822-40df-9c1a-e0436880ace9
2026-05-13 17:03:42,796 [INFO] Scheduling entity extraction task for node_id=f383c13f-b0ea-42c2-a8b1-7b0a0ab3d763
2026-05-13 17:03:42,800 [INFO] Scheduling entity extraction task for node_id=b6591c65-b70f-45b7-81cf-c61a86a4e68f
2026-05-13 17:03:42,804 [INFO] Scheduling entity extraction task for node_id=70828321-1e37-4173-912d-1e76fb14a927
2026-05-13 17:03:42,809 [INFO] Scheduling entity extraction task for node_id=58684ac6-f539-42bf-b07c-50ed353a2f14
2026-05-13 17:03:42,813 [INFO] Scheduling entity extraction task for node_id=064bcd68-b6dc-41cb-a598-1e715f82b43d
2026-05-13 17:03:42,816 [INFO] Scheduling entity extraction task for node_id=3bd6094d-5292-4688-9433-5d74637cf01e
2026-05-13 17:03:42,820 [INFO] Scheduling entity extraction task for node_id=1a1536aa-2213-415c-959e-b88b4a5bcb58
2026-05-13 17:03:42,823 [INFO] Scheduling entity extraction task for node_id=264c76fc-a61b-4be7-8fe3-288949fd6a06
2026-05-13 17:03:42,827 [INFO] Scheduling entity extraction task for node_id=6bab86e8-55ef-4428-a136-917eff383c14
2026-05-13 17:03:42,831 [INFO] Scheduling entity extraction task for node_id=a853c95c-2a76-47c4-ba48-47ab8e4fd46c
2026-05-13 17:03:42,836 [INFO] Scheduling entity extraction task for node_id=7e01adf4-da66-46fa-adee-e65192ccaa0e
2026-05-13 17:03:42,839 [INFO] Scheduling entity extraction task for node_id=389f8d0c-5e7f-4ab5-a9e3-cb20f814e6de
2026-05-13 17:03:42,843 [INFO] Scheduling entity extraction task for node_id=6c7cb2a3-1d4e-4b67-bd23-131caedc173c
2026-05-13 17:03:42,848 [INFO] Scheduling entity extraction task for node_id=dba36610-cb7d-402c-ba4b-e6bb8a6f47ca
2026-05-13 17:03:42,852 [INFO] Scheduling entity extraction task for node_id=f66ac86e-2447-4926-89c1-c2708b30fb2a
2026-05-13 17:03:42,855 [INFO] Scheduling entity extraction task for node_id=b6a9e7f6-60b4-4edd-8228-4fc319788cdf
2026-05-13 17:03:42,860 [INFO] Scheduling entity extraction task for node_id=6a39dada-8a53-4c36-a5dd-f1b576a3b903
2026-05-13 17:03:42,864 [INFO] Scheduling entity extraction task for node_id=322699f6-e393-464a-a6c9-8eb2d5522a18
2026-05-13 17:03:42,868 [INFO] Scheduling entity extraction task for node_id=b837ecb2-c9f4-45bb-a06b-9514a4393f27
2026-05-13 17:03:42,871 [INFO] Scheduling entity extraction task for node_id=8e698fc2-213d-43ad-be83-014f1e18db9c
2026-05-13 17:03:42,875 [INFO] Scheduling entity extraction task for node_id=89c6a091-92f3-48e0-8f81-1844c7361799
2026-05-13 17:03:42,879 [INFO] Scheduling entity extraction task for node_id=7b2d699b-6e14-453b-8f32-a5adb9c60e8b
2026-05-13 17:03:42,885 [INFO] Scheduling entity extraction task for node_id=7be0e6c1-17c5-4829-ac5a-d1c5b7eba9c4
2026-05-13 17:03:42,890 [INFO] Scheduling entity extraction task for node_id=aedd0ade-90bf-4547-97b1-9a8e7c6d9317
2026-05-13 17:03:42,897 [INFO] Scheduling entity extraction task for node_id=7808012c-a6f6-45ff-ad92-60e875c86da0
2026-05-13 17:03:42,902 [INFO] Scheduling entity extraction task for node_id=355a41da-ab8d-4edd-95b6-5e70bd080fc6
2026-05-13 17:03:42,909 [INFO] Scheduling entity extraction task for node_id=5cf85301-ea8a-44bb-8b11-2f110fecd30b
2026-05-13 17:03:42,913 [INFO] Scheduling entity extraction task for node_id=b21e09f2-791d-4db1-a020-087f150228ac
2026-05-13 17:03:42,917 [INFO] Scheduling entity extraction task for node_id=aef3633f-3080-4cae-b468-4906c52c64c5
2026-05-13 17:03:42,922 [INFO] Scheduling entity extraction task for node_id=1cf45663-767e-4c55-b9af-d0630252404f
2026-05-13 17:03:42,926 [INFO] Scheduling entity extraction task for node_id=88a7f1a9-9aa9-48d6-824d-f1b938178ec4
2026-05-13 17:03:42,931 [INFO] Scheduling entity extraction task for node_id=51006139-5ef3-4474-9b71-f2431f12f64a
2026-05-13 17:03:42,936 [INFO] Scheduling entity extraction task for node_id=fb860f44-8723-4744-a188-8b1fc4d871db
2026-05-13 17:03:42,941 [INFO] Scheduling entity extraction task for node_id=41dccfeb-6f05-4743-997c-dbd74cfacfb9
2026-05-13 17:03:42,946 [INFO] Scheduling entity extraction task for node_id=74099bfe-6a05-44b6-a5d4-cda89592dca0
2026-05-13 17:03:42,952 [INFO] Scheduling entity extraction task for node_id=798f6161-f16e-43db-9853-cf02bf178d81
2026-05-13 17:03:42,957 [INFO] Scheduling entity extraction task for node_id=518121e0-bca6-4831-933b-b93e2c1ee889
2026-05-13 17:03:42,963 [INFO] Scheduling entity extraction task for node_id=90915c24-885f-4ab4-8b0a-7835578bd308
2026-05-13 17:03:42,967 [INFO] Scheduling entity extraction task for node_id=a1a2a518-4a11-4723-882e-03d90c3ac95b
2026-05-13 17:03:42,972 [INFO] Scheduling entity extraction task for node_id=c05063d4-08b7-4253-abeb-a399c78dc328
2026-05-13 17:03:42,977 [INFO] Scheduling entity extraction task for node_id=7eab1b6d-abc4-4a0b-9837-10541a2c738a
2026-05-13 17:03:42,983 [INFO] Scheduling entity extraction task for node_id=ca447b33-a534-4acf-b07f-b883cc2b59da
2026-05-13 17:03:42,988 [INFO] Scheduling entity extraction task for node_id=f5ec0201-d411-4ed5-81a0-d15ca10a8f5b
2026-05-13 17:03:42,994 [INFO] Scheduling entity extraction task for node_id=13821b5c-023f-44df-84b9-8e3e0f16d956
2026-05-13 17:03:43,001 [INFO] Scheduling entity extraction task for node_id=a9d85b11-6f44-441b-b4b9-1122805fd733
2026-05-13 17:03:43,007 [INFO] Scheduling entity extraction task for node_id=20117a8e-3cf5-4cb0-bd07-c1451abe2106
2026-05-13 17:03:43,012 [INFO] Scheduling entity extraction task for node_id=c8ef7faa-5061-40b3-85ad-ad73a7268776
2026-05-13 17:03:43,016 [INFO] Scheduling entity extraction task for node_id=f90ea02d-705c-47e3-9deb-8c4e09ba01ca
2026-05-13 17:03:43,035 [INFO] Scheduling entity extraction task for node_id=c5b50b52-ad97-4e9c-ba99-6866ae4e3673
2026-05-13 17:03:43,040 [INFO] Scheduling entity extraction task for node_id=94e8dcbf-92ea-430a-ab3f-b44e5c2b5033
2026-05-13 17:03:43,044 [INFO] Scheduling entity extraction task for node_id=2b5e9e9d-9563-4b86-9390-8dadeddcc8be
2026-05-13 17:03:43,049 [INFO] Scheduling entity extraction task for node_id=d18f85ff-4505-46f2-926c-89008630fef2
2026-05-13 17:03:43,053 [INFO] Scheduling entity extraction task for node_id=afb936cc-131b-46ce-8a84-6ec36f385a6d
2026-05-13 17:03:43,057 [INFO] Scheduling entity extraction task for node_id=b7af835d-4ff4-4d26-be32-b07a3e2a4735
2026-05-13 17:03:43,062 [INFO] Scheduling entity extraction task for node_id=684d7146-3990-4609-877e-8034053683ca
2026-05-13 17:03:43,066 [INFO] Scheduling entity extraction task for node_id=8864d3f7-0df7-49f9-a344-78763d16ed66
2026-05-13 17:03:43,071 [INFO] Scheduling entity extraction task for node_id=953a4eca-2d35-48f8-89cb-75b0d0efc94c
2026-05-13 17:03:43,075 [INFO] Scheduling entity extraction task for node_id=1d5dca96-ddf4-42fa-8e47-15b5203ef4e0
2026-05-13 17:03:43,080 [INFO] Scheduling entity extraction task for node_id=081e71f7-fd5f-4112-8363-7f3d409d0aae
2026-05-13 17:03:43,085 [INFO] Scheduling entity extraction task for node_id=b93b3ea9-6836-4758-9a8a-203745b42bf6
2026-05-13 17:03:43,090 [INFO] Scheduling entity extraction task for node_id=2ff56371-7365-4466-9e63-9a455ec9f72b
2026-05-13 17:03:43,095 [INFO] Scheduling entity extraction task for node_id=6340ecb3-4ebe-49f8-a3f4-ec76ae91182f
2026-05-13 17:03:43,099 [INFO] Scheduling entity extraction task for node_id=0d3dbce4-3df6-4c58-9290-0e8f51a4c6ef
2026-05-13 17:03:43,104 [INFO] Scheduling entity extraction task for node_id=1ff161a6-a7b4-4f5c-8338-e8952628e14e
2026-05-13 17:03:43,110 [INFO] Scheduling entity extraction task for node_id=ead6be52-8a46-47d5-be4e-4b7aaa253769
2026-05-13 17:03:43,115 [INFO] Scheduling entity extraction task for node_id=de03c3f9-51b1-400a-a33d-04a9991c9607
2026-05-13 17:03:43,119 [INFO] Scheduling entity extraction task for node_id=2877d766-772b-48e5-916a-ddb161ef5ae3
2026-05-13 17:03:43,123 [INFO] Scheduling entity extraction task for node_id=4bf40182-d99d-47f3-b0eb-e490fea029b0
2026-05-13 17:03:43,128 [INFO] Scheduling entity extraction task for node_id=9e2a80ed-4227-4b5c-a455-193f84874e91
2026-05-13 17:03:43,133 [INFO] Scheduling entity extraction task for node_id=d8485097-06b5-4c74-aa95-868ffab7c7e1
2026-05-13 17:03:43,137 [INFO] Scheduling entity extraction task for node_id=2323cf25-6d81-47bf-acdd-0ec9c877cf4a
2026-05-13 17:03:43,141 [INFO] Scheduling entity extraction task for node_id=75a27fb3-7ec3-402f-b880-fded6312431e
2026-05-13 17:03:43,146 [INFO] Scheduling entity extraction task for node_id=70967c49-b3d1-474d-bb6d-1d7cf4843759
2026-05-13 17:03:43,150 [INFO] Scheduling entity extraction task for node_id=b02a6b7b-731a-4846-8972-4a4d9781bd0c
2026-05-13 17:03:43,154 [INFO] Scheduling entity extraction task for node_id=ff99999d-e5e9-413f-adf0-b799385e1caa
2026-05-13 17:03:43,157 [INFO] Scheduling entity extraction task for node_id=f779033f-5c83-427b-b8dc-de4b4408a8a7
2026-05-13 17:03:43,161 [INFO] Scheduling entity extraction task for node_id=0c386590-fa72-43c8-8411-7b6f307b19d1
2026-05-13 17:03:43,166 [INFO] Scheduling entity extraction task for node_id=1e1188f3-49a0-4072-bc1f-4862aeb5be97
2026-05-13 17:03:43,170 [INFO] Scheduling entity extraction task for node_id=db304b6f-da5a-4890-ace3-a7145f0f66ff
2026-05-13 17:03:43,175 [INFO] Scheduling entity extraction task for node_id=89bc023e-b3af-493c-a0ab-72282c4f5de0
2026-05-13 17:03:43,180 [INFO] Scheduling entity extraction task for node_id=bbbe753a-0b7f-483e-871f-a45dbdc4042a
2026-05-13 17:03:43,184 [INFO] Scheduling entity extraction task for node_id=fdb93702-7d17-4307-937f-acd43c9fd3a8
2026-05-13 17:03:43,188 [INFO] Scheduling entity extraction task for node_id=36104079-563c-420b-a5c5-da1c4f7f131b
2026-05-13 17:03:43,194 [INFO] Scheduling entity extraction task for node_id=50f204c9-34ea-460e-98a7-a5e74202e8e4
2026-05-13 17:03:43,247 [INFO] Scheduling entity extraction task for node_id=e720d935-0e24-42b9-b1ee-cf778f58425e
2026-05-13 17:03:43,251 [INFO] Scheduling entity extraction task for node_id=ba01edc4-7580-419c-80a2-4f0ccf4440d0
2026-05-13 17:03:43,256 [INFO] Scheduling entity extraction task for node_id=ea27ad22-59a3-400c-88bb-efb23c7bd94b
2026-05-13 17:03:43,261 [INFO] Scheduling entity extraction task for node_id=1a9dac3e-1605-455a-871c-624cdd7c0e18
2026-05-13 17:03:43,266 [INFO] Scheduling entity extraction task for node_id=eb992479-c2bc-4e71-9e1a-fe868e01fbea
2026-05-13 17:03:43,270 [INFO] Scheduling entity extraction task for node_id=7b4d32b7-9d69-4b49-92a4-55b12a4af9f9
2026-05-13 17:03:43,275 [INFO] Scheduling entity extraction task for node_id=d541cb72-e20b-4c63-83d5-5a6233a8fabc
2026-05-13 17:03:43,279 [INFO] Scheduling entity extraction task for node_id=f4872d83-0d84-45ca-aa52-0d2ce65e9034
2026-05-13 17:03:43,284 [INFO] Scheduling entity extraction task for node_id=0d1f783a-4e4f-4c17-a980-52bafbbd3e8a
2026-05-13 17:03:43,288 [INFO] Scheduling entity extraction task for node_id=eae0554f-3847-4456-98c4-7d787e957ad8
2026-05-13 17:03:43,292 [INFO] Scheduling entity extraction task for node_id=f92e8579-b0a5-451a-ab4b-1fcaa052cdfe
2026-05-13 17:03:43,298 [INFO] Scheduling entity extraction task for node_id=90d16315-9208-4011-8baa-b77bb0d5a191
2026-05-13 17:03:43,303 [INFO] Scheduling entity extraction task for node_id=8ef9a603-6b89-4586-a395-6681c41f8288
2026-05-13 17:03:43,307 [INFO] Scheduling entity extraction task for node_id=171321d6-504a-4e53-8c7a-6f4c56cde466
2026-05-13 17:03:43,311 [INFO] Scheduling entity extraction task for node_id=8fc27e59-5923-4061-879e-d17156e6ca79
2026-05-13 17:03:43,316 [INFO] Scheduling entity extraction task for node_id=0cc457c6-ad63-41de-8070-56f8d61799e3
2026-05-13 17:03:43,322 [INFO] Scheduling entity extraction task for node_id=90ec3e25-4e4a-45b5-b215-45c7e4a5ff2e
2026-05-13 17:03:43,327 [INFO] Scheduling entity extraction task for node_id=5676f20e-5de2-4086-b730-82d52274e2eb
2026-05-13 17:03:43,331 [INFO] Scheduling entity extraction task for node_id=6e139f9e-d252-4c75-9c44-e08fd9141239
2026-05-13 17:03:43,335 [INFO] Scheduling entity extraction task for node_id=4e505e61-9c32-47a7-8056-ace164ac662c
2026-05-13 17:03:43,340 [INFO] Scheduling entity extraction task for node_id=baff5636-4b80-4384-9c3f-048ed78d9440
2026-05-13 17:03:43,344 [INFO] Scheduling entity extraction task for node_id=4c4150a5-7c8b-4510-846c-bc0d4f1e03d3
2026-05-13 17:03:43,348 [INFO] Scheduling entity extraction task for node_id=09f2de8a-400d-4ddb-81f2-4447cf4788f4
2026-05-13 17:03:43,352 [INFO] Scheduling entity extraction task for node_id=b805ff09-1cfc-43c7-9507-664364a5b3fa
2026-05-13 17:03:43,355 [INFO] Scheduling entity extraction task for node_id=417ff802-f815-44b6-99ed-94337dd144d2
2026-05-13 17:03:43,360 [INFO] Scheduling entity extraction task for node_id=a3e6b968-e335-432f-af4f-f5b8b0fdbe60
2026-05-13 17:03:43,363 [INFO] Scheduling entity extraction task for node_id=1d1cd8b0-023b-498f-a546-5ff97bcf75c6
2026-05-13 17:03:43,368 [INFO] Scheduling entity extraction task for node_id=836bab6b-e06f-439c-9df4-55753f89c22f
2026-05-13 17:03:43,373 [INFO] Scheduling entity extraction task for node_id=874ea072-f324-4424-865f-c9451a351444
2026-05-13 17:03:43,377 [INFO] Scheduling entity extraction task for node_id=ffe1943f-33da-4f1e-986b-bf970b2d1332
2026-05-13 17:03:43,382 [INFO] Scheduling entity extraction task for node_id=767d0ae2-b9b7-49d8-9330-1dbc08b3d798
2026-05-13 17:03:43,386 [INFO] Scheduling entity extraction task for node_id=80542eb4-c128-4a98-be22-d9cf94ac987d
2026-05-13 17:03:43,391 [INFO] Scheduling entity extraction task for node_id=4f2da383-1581-44e4-9ec1-1bd597990fb1
2026-05-13 17:03:43,395 [INFO] Scheduling entity extraction task for node_id=1d24cc5d-49e7-4557-bc9f-dcb952f56ab1
2026-05-13 17:03:43,400 [INFO] Scheduling entity extraction task for node_id=38e094df-373a-406c-a3ab-887c56057b93
2026-05-13 17:03:43,404 [INFO] Scheduling entity extraction task for node_id=ac805e1e-8f46-406d-a5cf-4688574198b1
2026-05-13 17:03:43,409 [INFO] Scheduling entity extraction task for node_id=3251320f-70d7-429e-928a-f791239453c9
2026-05-13 17:03:43,414 [INFO] Scheduling entity extraction task for node_id=1b3e7748-67b6-4b15-b832-9257aabcc36e
2026-05-13 17:03:43,417 [INFO] Scheduling entity extraction task for node_id=fea0bf70-02dc-4c51-96c5-02b560d1e8fa
2026-05-13 17:03:43,422 [INFO] Scheduling entity extraction task for node_id=85829c3e-0f8a-42ab-b36c-1e5ae2854185
2026-05-13 17:03:43,426 [INFO] Scheduling entity extraction task for node_id=6b8ffd91-ea8f-42e7-9c09-0b461116dc75
2026-05-13 17:03:43,431 [INFO] Scheduling entity extraction task for node_id=d4af2755-edac-4828-bcd6-a50311edb72f
2026-05-13 17:03:43,437 [INFO] Scheduling entity extraction task for node_id=a717e766-735c-43dd-a294-a0fe82e8d601
2026-05-13 17:03:43,441 [INFO] Scheduling entity extraction task for node_id=8efa894c-11a6-4a0d-a649-830d75a8aa1e
2026-05-13 17:03:43,447 [INFO] Scheduling entity extraction task for node_id=3d9f6b9c-3923-4dce-ac30-9fcf05b9bad0
2026-05-13 17:03:43,452 [INFO] Scheduling entity extraction task for node_id=ac24d22b-57ac-4382-bd12-93ef28e46cdd
2026-05-13 17:03:43,460 [INFO] Scheduling entity extraction task for node_id=6d2c5886-40c5-4e8f-bc29-8f472a27c74a
2026-05-13 17:03:43,465 [INFO] Scheduling entity extraction task for node_id=6ab6555b-e9ad-42e0-8cf8-a404c5fd16df
2026-05-13 17:03:43,472 [INFO] Scheduling entity extraction task for node_id=b3bdf7a3-af6e-4001-b01d-337c07ffb2ac
2026-05-13 17:03:43,477 [INFO] Scheduling entity extraction task for node_id=5c170214-7b45-4534-b40e-86d38d8e0b77
2026-05-13 17:03:43,483 [INFO] Scheduling entity extraction task for node_id=db60c2a6-8b66-43bb-80fd-d3f97802b12f
2026-05-13 17:03:43,492 [INFO] Scheduling entity extraction task for node_id=13a55640-ab8d-4dcc-8d86-693f2f1f5dad
2026-05-13 17:03:43,496 [INFO] Scheduling entity extraction task for node_id=51747035-8c69-4181-8d15-e104a4609a50
2026-05-13 17:03:43,503 [INFO] Scheduling entity extraction task for node_id=a7044773-5ffc-4844-a9d3-4622ee910a60
2026-05-13 17:03:43,508 [INFO] Scheduling entity extraction task for node_id=5a7357bb-4800-49e4-9695-a3a5408a9dfb
2026-05-13 17:03:43,512 [INFO] Scheduling entity extraction task for node_id=d202e6e5-2c46-42bc-8f8c-1bafcc65370a
2026-05-13 17:03:43,515 [INFO] Scheduling entity extraction task for node_id=d7b0839b-eef2-45b3-8f9b-3b47e64a3928
2026-05-13 17:03:43,521 [INFO] Scheduling entity extraction task for node_id=4079dfc5-50d1-4a92-b437-ba1985fc0b09
2026-05-13 17:03:43,529 [INFO] Scheduling entity extraction task for node_id=964d5de8-4088-495b-9ed6-1c5da0506dfe
2026-05-13 17:03:43,534 [INFO] Scheduling entity extraction task for node_id=79371b36-e4cb-41a2-a528-768f72321ff5
2026-05-13 17:03:43,541 [INFO] Scheduling entity extraction task for node_id=54a43c5f-ac11-4cd0-88ad-0d9fd811c5b4
2026-05-13 17:03:43,545 [INFO] Scheduling entity extraction task for node_id=3049ef4f-4087-4cd1-bccb-ef5bd210f5b4
2026-05-13 17:03:43,548 [INFO] Scheduling entity extraction task for node_id=d4c486ea-28da-406b-8630-78cdf68992dd
2026-05-13 17:03:43,553 [INFO] Scheduling entity extraction task for node_id=214524dd-8c52-40dd-8b22-ebfabf871610
2026-05-13 17:03:43,557 [INFO] Scheduling entity extraction task for node_id=be884fbc-d7f9-4650-b32b-f5b226d5f87e
2026-05-13 17:03:43,562 [INFO] Scheduling entity extraction task for node_id=2cea1675-426c-429a-88d4-917fbd1fb7ce
2026-05-13 17:03:43,566 [INFO] Scheduling entity extraction task for node_id=edc2e391-6f83-488c-9a58-49b170ec8ca0
2026-05-13 17:03:43,571 [INFO] Scheduling entity extraction task for node_id=57e78264-5a72-4cb6-b11c-44d5a0f05861
2026-05-13 17:03:43,575 [INFO] Scheduling entity extraction task for node_id=76c54ac0-19b6-4013-8f63-efdce6a532cc
2026-05-13 17:03:43,579 [INFO] Scheduling entity extraction task for node_id=3abe058c-2fba-4756-9239-92810cd7291c
2026-05-13 17:03:43,584 [INFO] Scheduling entity extraction task for node_id=004b3bb1-9407-47cb-99b6-e82be3191f09
2026-05-13 17:03:43,589 [INFO] Scheduling entity extraction task for node_id=287d5405-a737-4ec1-be4a-4c910f9454f3
2026-05-13 17:03:43,593 [INFO] Scheduling entity extraction task for node_id=391cb629-a36e-41e5-91cf-153e8189f2a7
2026-05-13 17:03:43,598 [INFO] Scheduling entity extraction task for node_id=9b846977-0e8c-4d4d-acb2-e6d8ebbd062d
2026-05-13 17:03:43,603 [INFO] Scheduling entity extraction task for node_id=687f767a-415f-4e0f-bb37-93c902fe5ed4
2026-05-13 17:03:43,607 [INFO] Scheduling entity extraction task for node_id=d6eca70a-9eb3-48e1-a007-83c09b3a817d
2026-05-13 17:03:43,612 [INFO] Scheduling entity extraction task for node_id=7ee0b948-d206-4083-9d8c-9ca926ca0203
2026-05-13 17:03:43,615 [INFO] Scheduling entity extraction task for node_id=3bfc6588-bfbf-4aa5-a6ba-5b320c8e0f6e
2026-05-13 17:03:43,619 [INFO] Scheduling entity extraction task for node_id=fc185be1-075e-495d-ab32-d0a80f5b300b
2026-05-13 17:03:43,623 [INFO] Scheduling entity extraction task for node_id=d888dfb6-bff3-414d-a0d7-dc86e36501a5
2026-05-13 17:03:43,627 [INFO] Scheduling entity extraction task for node_id=97b59925-a40d-4b98-9590-1d1c51ceffc7
2026-05-13 17:03:43,631 [INFO] Scheduling entity extraction task for node_id=604a36bb-2edb-4e2e-ad98-328292f37c53
2026-05-13 17:03:43,636 [INFO] Scheduling entity extraction task for node_id=46d18b3b-41aa-48a4-98dd-1b306475f465
2026-05-13 17:03:43,642 [INFO] Scheduling entity extraction task for node_id=51d79f33-3dcf-4096-a76f-5e79f9396acf
2026-05-13 17:03:43,648 [INFO] Scheduling entity extraction task for node_id=a2a41780-75cb-4277-a9d4-29b1323833c3
2026-05-13 17:03:43,653 [INFO] Scheduling entity extraction task for node_id=8c1004ad-d417-4294-92db-ed5ca664ab85
2026-05-13 17:03:43,660 [INFO] Scheduling entity extraction task for node_id=ace7af6d-6768-4792-ac17-72f7e3920e9f
2026-05-13 17:03:43,665 [INFO] Scheduling entity extraction task for node_id=b7ed82aa-1ce5-4816-86f2-36e5298d8816
2026-05-13 17:03:43,670 [INFO] Scheduling entity extraction task for node_id=c1e1f321-7663-4ecd-b8ed-733137f6eac7
2026-05-13 17:03:43,676 [INFO] Scheduling entity extraction task for node_id=454366cd-6afa-40e6-8d1c-ead3d96c748d
2026-05-13 17:03:43,681 [INFO] Scheduling entity extraction task for node_id=515ea052-8797-4b90-aee3-57b9872aaf47
2026-05-13 17:03:43,733 [INFO] Scheduling entity extraction task for node_id=b084716c-60d7-4c56-905c-9b37d0ca22d7
2026-05-13 17:03:43,738 [INFO] Scheduling entity extraction task for node_id=0e6cb5f3-4b25-4649-9fc1-cdc9b82f44d2
2026-05-13 17:03:43,742 [INFO] Scheduling entity extraction task for node_id=c7c57021-35c0-4ce6-9421-14bae64ca0bc
2026-05-13 17:03:43,747 [INFO] Scheduling entity extraction task for node_id=53977f6f-8e71-4aea-9e93-0e7b56e9ae60
2026-05-13 17:03:43,752 [INFO] Scheduling entity extraction task for node_id=99e5be70-da73-41e7-8d58-48d966a2d5ed
2026-05-13 17:03:43,756 [INFO] Scheduling entity extraction task for node_id=e75a4ea8-2b13-468e-ae2c-0f9f33fb8b28
2026-05-13 17:03:43,760 [INFO] Scheduling entity extraction task for node_id=f257f6b3-a184-4869-879f-c3e86fcae999
2026-05-13 17:03:43,765 [INFO] Scheduling entity extraction task for node_id=e994a17e-8b3b-4389-8d60-f2f125857eec
2026-05-13 17:03:43,769 [INFO] Scheduling entity extraction task for node_id=26bb5e04-c629-4442-89cb-e689dc3b9ce7
2026-05-13 17:03:43,772 [INFO] Scheduling entity extraction task for node_id=09617987-45b5-4528-90a8-0a4912e1751e
2026-05-13 17:03:43,777 [INFO] Scheduling entity extraction task for node_id=8b1cd7a7-0654-4045-a3c0-7e986a0b4f85
2026-05-13 17:03:43,780 [INFO] Scheduling entity extraction task for node_id=2dac7297-2ee3-4705-a49d-982e9dda5806
2026-05-13 17:03:43,784 [INFO] Scheduling entity extraction task for node_id=64c62681-7bf1-48a7-809f-81af932ea3a6
2026-05-13 17:03:43,789 [INFO] Scheduling entity extraction task for node_id=7f49118d-d35f-4e00-95d9-bc024c843b94
2026-05-13 17:03:43,793 [INFO] Scheduling entity extraction task for node_id=02192421-1dea-4cf6-920a-8c153405e257
2026-05-13 17:03:43,798 [INFO] Scheduling entity extraction task for node_id=336d797b-e1a8-4178-a77b-64954cbd566a
2026-05-13 17:03:43,805 [INFO] Scheduling entity extraction task for node_id=fabc96e4-9d6a-4383-946f-7b44b883b073
2026-05-13 17:03:43,809 [INFO] Scheduling entity extraction task for node_id=2e205a81-3057-4308-9688-5141a1909945
2026-05-13 17:03:43,813 [INFO] Scheduling entity extraction task for node_id=9d1bcfd0-bb59-41af-a10b-beba6db9893c
2026-05-13 17:03:43,817 [INFO] Scheduling entity extraction task for node_id=dd5dbb50-7134-4b3e-9219-518c6f8cf25e
2026-05-13 17:03:43,822 [INFO] Scheduling entity extraction task for node_id=07a2e869-6caa-4eb7-bd8b-9f9ad83d6b8c
2026-05-13 17:03:43,827 [INFO] Scheduling entity extraction task for node_id=16a870f4-cfc2-4e8c-887f-4897fdde855e
2026-05-13 17:03:43,831 [INFO] Scheduling entity extraction task for node_id=fcc8f47b-d7d7-43bb-a8e6-9f75f5516013
2026-05-13 17:03:43,834 [INFO] Scheduling entity extraction task for node_id=de75ead4-5f22-431d-9eaf-c6a626232fed
2026-05-13 17:03:43,839 [INFO] Scheduling entity extraction task for node_id=8036be90-ff95-4838-97f4-3d4ea4140ce4
2026-05-13 17:03:43,843 [INFO] Scheduling entity extraction task for node_id=80979065-8043-4ca0-ae97-65dc567c6a89
2026-05-13 17:03:43,847 [INFO] Scheduling entity extraction task for node_id=5e077ca1-f135-4fe5-a0ea-e43de5fd7121
2026-05-13 17:03:43,852 [INFO] Scheduling entity extraction task for node_id=4af0f6d1-522d-4244-a875-0b7831722cc1
2026-05-13 17:03:43,856 [INFO] Scheduling entity extraction task for node_id=45597fa5-ebf9-400b-a8a4-502511625154
2026-05-13 17:03:43,861 [INFO] Scheduling entity extraction task for node_id=e0c1db86-4f5d-4257-9896-db0ca4ce20b0
2026-05-13 17:03:43,866 [INFO] Scheduling entity extraction task for node_id=06cd34d7-6859-40c9-8d7d-73628cee659b
2026-05-13 17:03:43,917 [INFO] Scheduling entity extraction task for node_id=c5532c15-8b7e-48ca-a7e7-216449334d88
2026-05-13 17:03:43,922 [INFO] Scheduling entity extraction task for node_id=645ac13c-3a94-4a0c-a474-55d605af23e5
2026-05-13 17:03:43,928 [INFO] Scheduling entity extraction task for node_id=d0f0bb47-2065-42ea-b6f0-c2c7c89c0519
2026-05-13 17:03:43,933 [INFO] Scheduling entity extraction task for node_id=cb8e0339-da03-49ec-843f-a8a39c3df257
2026-05-13 17:03:43,939 [INFO] Scheduling entity extraction task for node_id=e1db1b43-ff97-4c37-91ec-e0901b34b328
2026-05-13 17:03:43,944 [INFO] Scheduling entity extraction task for node_id=719d4139-6fd9-49f9-96af-612fc07dd194
2026-05-13 17:03:43,955 [INFO] Scheduling entity extraction task for node_id=f2b0403d-42e6-4367-b332-b5ddafc4ae45
2026-05-13 17:03:43,961 [INFO] Scheduling entity extraction task for node_id=8c25b868-00cd-424d-b56f-dc264ad73721
2026-05-13 17:03:43,968 [INFO] Scheduling entity extraction task for node_id=299a1a5a-ddc2-43c8-9af7-c909fd8b3a06
2026-05-13 17:03:43,975 [INFO] Scheduling entity extraction task for node_id=e072b5d0-c8a1-4c27-bd9d-cbb71a3e23d4
2026-05-13 17:03:43,982 [INFO] Scheduling entity extraction task for node_id=74bba488-bb3e-414d-b0d1-1f174d90c9db
2026-05-13 17:03:43,988 [INFO] Scheduling entity extraction task for node_id=bcbe64e6-2271-402c-a7ea-c920a2cf1fa6
2026-05-13 17:03:43,993 [INFO] Scheduling entity extraction task for node_id=f80794bc-810e-499e-866a-cd6cfd9499a3
2026-05-13 17:03:43,997 [INFO] Scheduling entity extraction task for node_id=14ca85d2-5ae3-4575-9a4e-7e137e5c2730
2026-05-13 17:03:44,004 [INFO] Scheduling entity extraction task for node_id=0fa1e60e-9443-4e0b-978e-9c1590018534
2026-05-13 17:03:44,009 [INFO] Scheduling entity extraction task for node_id=b5cd4ea8-6b84-4bde-9b91-bb442ce0c675
2026-05-13 17:03:44,013 [INFO] Scheduling entity extraction task for node_id=8a54a796-d7b7-42b1-853c-9308e010d8b6
2026-05-13 17:03:44,017 [INFO] Scheduling entity extraction task for node_id=abd450d4-0564-4abd-a46c-6c739c461300
2026-05-13 17:03:44,021 [INFO] Scheduling entity extraction task for node_id=b024476a-71a6-4ba6-a214-43630ca9a501
2026-05-13 17:03:44,027 [INFO] Scheduling entity extraction task for node_id=ed569686-e6ea-4abb-9c10-529e5d4abaed
2026-05-13 17:03:44,031 [INFO] Scheduling entity extraction task for node_id=66249906-2176-49d0-9c91-525e8963978a
2026-05-13 17:03:44,038 [INFO] Scheduling entity extraction task for node_id=efec23a3-12b3-49af-a511-804e0e80e0ee
2026-05-13 17:03:44,045 [INFO] Scheduling entity extraction task for node_id=de3240f4-f96b-44ea-b434-ea75c2eef3de
2026-05-13 17:03:44,049 [INFO] Scheduling entity extraction task for node_id=a039a2df-0cfa-4994-a5ec-e998f1c86cbd
2026-05-13 17:03:44,058 [INFO] Scheduling entity extraction task for node_id=607a78a0-ba17-40a6-b649-1a65888fe83d
2026-05-13 17:03:44,063 [INFO] Scheduling entity extraction task for node_id=7c190a8c-ac53-431f-8d44-1ef20520ca8e
2026-05-13 17:03:44,069 [INFO] Scheduling entity extraction task for node_id=15272ed1-4cd1-4991-b2bc-7c7fca00b500
2026-05-13 17:03:44,075 [INFO] Scheduling entity extraction task for node_id=8ccb2775-cd2d-43de-a17a-e73d442cf685
2026-05-13 17:03:44,079 [INFO] Scheduling entity extraction task for node_id=c147de16-2215-4299-8be2-635025403b3c
2026-05-13 17:03:44,083 [INFO] Scheduling entity extraction task for node_id=25e88623-cd78-42c3-bd08-6f5a5b7de69e
2026-05-13 17:03:44,087 [INFO] Scheduling entity extraction task for node_id=c9733751-9cdf-4cb9-8a21-5c20d28f1c42
2026-05-13 17:03:44,092 [INFO] Scheduling entity extraction task for node_id=3fd9d82f-2070-4fdc-b455-6fc2c01a9cd6
2026-05-13 17:03:44,097 [INFO] Scheduling entity extraction task for node_id=3c1035ed-c1c2-49e9-8fb8-80763c8becca
2026-05-13 17:03:44,102 [INFO] Scheduling entity extraction task for node_id=503111bf-6ff1-4bb7-9653-01f2296b0d34
2026-05-13 17:03:44,108 [INFO] Scheduling entity extraction task for node_id=83059ad5-0376-4ead-9b0d-67f781c3a677
2026-05-13 17:03:44,113 [INFO] Scheduling entity extraction task for node_id=e3a38d66-badc-48de-9799-3ccc70235f3f
2026-05-13 17:03:44,117 [INFO] Scheduling entity extraction task for node_id=aba2accf-bec0-405c-bc4e-907c86ab3cdd
2026-05-13 17:03:44,123 [INFO] Scheduling entity extraction task for node_id=dd9a8b3f-846b-40c8-a824-5f69c18f18a4
2026-05-13 17:03:44,128 [INFO] Scheduling entity extraction task for node_id=7c0ffcf7-c0c7-43b0-a81d-80a690525c04
2026-05-13 17:03:44,133 [INFO] Scheduling entity extraction task for node_id=ba0fd98c-ff62-43b4-af89-280686f4f1fc
2026-05-13 17:03:44,137 [INFO] Scheduling entity extraction task for node_id=ac3e99ba-2cbc-434e-80b8-0585f31a6bdf
2026-05-13 17:03:44,141 [INFO] Scheduling entity extraction task for node_id=2dc83f84-0971-4c0e-a1a8-815507ef5863
2026-05-13 17:03:44,145 [INFO] Scheduling entity extraction task for node_id=fc983ca9-ab98-4703-9a48-70bfd4b5d0d3
2026-05-13 17:03:44,148 [INFO] Scheduling entity extraction task for node_id=ea6a9058-cf66-4771-a464-87110de0d00d
2026-05-13 17:03:44,152 [INFO] Scheduling entity extraction task for node_id=2f969c95-48bd-44f1-995c-57c06227609a
2026-05-13 17:03:44,157 [INFO] Scheduling entity extraction task for node_id=1ca319e5-be83-41be-910b-21bd6278c8b3
2026-05-13 17:03:44,210 [INFO] Scheduling entity extraction task for node_id=454187aa-0b57-4c5c-ae88-6feeb25aff98
2026-05-13 17:03:44,216 [INFO] Scheduling entity extraction task for node_id=c90d755a-5f16-4d92-a647-85e7e8982fe0
2026-05-13 17:03:44,221 [INFO] Scheduling entity extraction task for node_id=f8325515-65e4-4d56-8325-d18237abb221
2026-05-13 17:03:44,228 [INFO] Scheduling entity extraction task for node_id=c2d44927-6c07-434e-a3d5-66bad4e660c4
2026-05-13 17:03:44,232 [INFO] Scheduling entity extraction task for node_id=cf088225-afd4-4036-a2bb-366dd770ce75
2026-05-13 17:03:44,237 [INFO] Scheduling entity extraction task for node_id=ffb7bea8-48e6-4c11-8d6d-2b075baab535
2026-05-13 17:03:44,241 [INFO] Scheduling entity extraction task for node_id=cdfd5b7e-10d4-4eae-ba5c-2fe9468fa414
2026-05-13 17:03:44,245 [INFO] Scheduling entity extraction task for node_id=c3443fef-851c-4961-ba1e-e850ba020e20
2026-05-13 17:03:44,250 [INFO] Scheduling entity extraction task for node_id=36ce44fb-4665-44b5-9b30-698c7d91fd63
2026-05-13 17:03:44,254 [INFO] Scheduling entity extraction task for node_id=1f9482b1-879a-4b37-905b-90bc6ce3b55d
2026-05-13 17:03:44,258 [INFO] Scheduling entity extraction task for node_id=1ced826a-c541-49fa-b0f6-6b8f0ffbf21c
2026-05-13 17:03:44,263 [INFO] Scheduling entity extraction task for node_id=14c2000d-1c11-4bb9-8466-669cedbc796d
2026-05-13 17:03:44,269 [INFO] Scheduling entity extraction task for node_id=64e57313-ab4c-4765-be2a-36a3336bc09e
2026-05-13 17:03:44,274 [INFO] Scheduling entity extraction task for node_id=a41e2442-7291-4b45-b2fb-7deb19b1aef1
2026-05-13 17:03:44,280 [INFO] Scheduling entity extraction task for node_id=34d24976-6f3c-4921-8a77-cddf5e012d1a
2026-05-13 17:03:44,285 [INFO] Scheduling entity extraction task for node_id=7c9d023c-9713-4083-b605-ee6aec55b2de
2026-05-13 17:03:44,288 [INFO] Scheduling entity extraction task for node_id=575988da-f269-4a3e-ab3b-1daa95941555
2026-05-13 17:03:44,293 [INFO] Scheduling entity extraction task for node_id=ac430ee9-dbb1-4b90-a4c1-eadacb342b24
2026-05-13 17:03:44,298 [INFO] Scheduling entity extraction task for node_id=7f45ff73-03c1-4458-9708-bd7f1ca84555
2026-05-13 17:03:44,302 [INFO] Scheduling entity extraction task for node_id=f684cd23-0e21-4e62-ba91-0660daae9747
2026-05-13 17:03:44,307 [INFO] Scheduling entity extraction task for node_id=719a0cd4-3b6e-45ca-91ad-febb7980cc29
2026-05-13 17:03:44,311 [INFO] Scheduling entity extraction task for node_id=aa2566d5-355c-446d-a376-be4ea1de8d5b
2026-05-13 17:03:44,315 [INFO] Scheduling entity extraction task for node_id=31cd3115-62f9-4b4e-9b07-b520349e392d
2026-05-13 17:03:44,319 [INFO] Scheduling entity extraction task for node_id=0734207f-94d8-48c3-be79-872e2ad685b9
2026-05-13 17:03:44,324 [INFO] Scheduling entity extraction task for node_id=77620608-b43f-4955-8825-ef4fb1d127ca
2026-05-13 17:03:44,328 [INFO] Scheduling entity extraction task for node_id=1213a83c-81cd-406c-934e-57c543963f42
2026-05-13 17:03:44,331 [INFO] Scheduling entity extraction task for node_id=53c588bf-553c-4224-8016-e05e1dd50f1a
2026-05-13 17:03:44,334 [INFO] Scheduling entity extraction task for node_id=0a51f35f-b636-40cb-a5f2-c811ea4a0338
2026-05-13 17:03:44,339 [INFO] Scheduling entity extraction task for node_id=df214fb3-2a2e-4eee-86da-f075cc75a708
2026-05-13 17:03:44,343 [INFO] Scheduling entity extraction task for node_id=c3b489e7-7ba4-4d60-a277-f65907ad4a41
2026-05-13 17:03:44,349 [INFO] Scheduling entity extraction task for node_id=2cc5cff5-c3f1-43db-bc2e-2d01e2930f0b
2026-05-13 17:03:44,354 [INFO] Scheduling entity extraction task for node_id=c8e70375-a4d7-40bb-8d5f-3c4b7e384deb
2026-05-13 17:03:44,362 [INFO] Scheduling entity extraction task for node_id=2051adae-6cb4-4056-a4bc-11d1054ad652
2026-05-13 17:03:44,366 [INFO] Scheduling entity extraction task for node_id=91237537-e115-4620-80b1-cd2810d9d307
2026-05-13 17:03:44,370 [INFO] Scheduling entity extraction task for node_id=d41a4a8d-c540-4ce0-b8e1-ec70f71a1e33
2026-05-13 17:03:44,374 [INFO] Scheduling entity extraction task for node_id=2e0b7da2-6d5e-45ed-be54-1d70d62fe3f1
2026-05-13 17:03:44,380 [INFO] Scheduling entity extraction task for node_id=708b1846-c7cc-4203-9668-6784e8313b2e
2026-05-13 17:03:44,384 [INFO] Scheduling entity extraction task for node_id=d9fca516-67e8-4600-9215-3b3d4b03d2f6
2026-05-13 17:03:44,389 [INFO] Scheduling entity extraction task for node_id=c20fcf08-acfc-4ad0-91aa-1c3be392fce0
2026-05-13 17:03:44,394 [INFO] Scheduling entity extraction task for node_id=70ff7958-53cc-4c1b-9fb9-ba775175bf9b
2026-05-13 17:03:44,398 [INFO] Scheduling entity extraction task for node_id=621f354e-030c-4d2d-9661-62dedea60dba
2026-05-13 17:03:44,402 [INFO] Scheduling entity extraction task for node_id=4428931f-89ac-4d53-9116-c1c5463265a0
2026-05-13 17:03:44,407 [INFO] Scheduling entity extraction task for node_id=b6101c93-12d0-4528-97d1-368f0ceb5f58
2026-05-13 17:03:44,410 [INFO] Scheduling entity extraction task for node_id=01522fe3-749a-40e2-a2ad-f7d778fedff6
2026-05-13 17:03:44,415 [INFO] Scheduling entity extraction task for node_id=37955a48-87f6-4058-b631-4ad8eeb1b396
2026-05-13 17:03:44,420 [INFO] Scheduling entity extraction task for node_id=f1141310-8cb1-4730-aaae-a1b76004dca2
2026-05-13 17:03:44,424 [INFO] Scheduling entity extraction task for node_id=26b02eec-046d-4c92-8c2b-33a88dd72102
2026-05-13 17:03:44,428 [INFO] Scheduling entity extraction task for node_id=eb963cbd-520d-4d70-be2d-511376c1dab9
2026-05-13 17:03:44,433 [INFO] Scheduling entity extraction task for node_id=6953e073-f257-424c-a64b-ed82b259c740
2026-05-13 17:03:44,437 [INFO] Scheduling entity extraction task for node_id=c9ec73a7-c436-4f99-b2e3-f48f79b8a1ce
2026-05-13 17:03:44,441 [INFO] Scheduling entity extraction task for node_id=ded2ec1c-f393-40f0-a305-603efcd64b3e
2026-05-13 17:03:44,446 [INFO] Scheduling entity extraction task for node_id=375556b3-79a8-495a-90d8-1ac75c794fb6
2026-05-13 17:03:44,450 [INFO] Scheduling entity extraction task for node_id=5a8d3a4b-3ba4-46a6-a76e-2be8f12a81bf
2026-05-13 17:03:44,455 [INFO] Scheduling entity extraction task for node_id=a92441d6-f666-4f6d-8bab-bf4d68610510
2026-05-13 17:03:44,459 [INFO] Scheduling entity extraction task for node_id=76783182-ea1a-4354-9cbd-98bc935b3098
2026-05-13 17:03:44,463 [INFO] Scheduling entity extraction task for node_id=772bfdf2-7a17-42e5-82b7-8d82ee263128
2026-05-13 17:03:44,468 [INFO] Scheduling entity extraction task for node_id=04e70b0a-9b5e-4efd-9b37-ea572911183c
2026-05-13 17:03:44,473 [INFO] Scheduling entity extraction task for node_id=68bebf5d-d836-491a-b4f7-f10c0637b9b7
2026-05-13 17:03:44,477 [INFO] Scheduling entity extraction task for node_id=96b36c41-78bb-4867-880e-7376bcc54ff1
2026-05-13 17:03:44,481 [INFO] Scheduling entity extraction task for node_id=1e6ec59e-5ebf-47d5-a791-7b30aea7ba5b
2026-05-13 17:03:44,486 [INFO] Scheduling entity extraction task for node_id=1bc7ba10-0668-463d-887c-b8b205432f93
2026-05-13 17:03:44,491 [INFO] Scheduling entity extraction task for node_id=758a26c6-8e47-4dc2-9ed3-43e646a49d46
2026-05-13 17:03:44,498 [INFO] Scheduling entity extraction task for node_id=e256aa18-bae4-436b-8bac-cfe987294939
2026-05-13 17:03:44,502 [INFO] Scheduling entity extraction task for node_id=364b7767-9813-40c0-9fb9-3d47cc546a5f
2026-05-13 17:03:44,507 [INFO] Scheduling entity extraction task for node_id=0402bd53-957e-4492-9a9e-17767dc3980a
2026-05-13 17:03:44,511 [INFO] Scheduling entity extraction task for node_id=7c4cf0e0-9086-4f74-b625-80975ed7bbfb
2026-05-13 17:03:44,516 [INFO] Scheduling entity extraction task for node_id=c5759a5c-7a23-45ef-9632-d4c712eb17e8
2026-05-13 17:03:44,521 [INFO] Scheduling entity extraction task for node_id=8d7be419-0b7c-449e-b542-d075c9a54d3f
2026-05-13 17:03:44,528 [INFO] Scheduling entity extraction task for node_id=0276fb81-57d7-4b75-8697-7f460081cf0e
2026-05-13 17:03:44,533 [INFO] Scheduling entity extraction task for node_id=f7a80bb1-e288-451c-b3d3-15ef131a7d6a
2026-05-13 17:03:44,537 [INFO] Scheduling entity extraction task for node_id=5f533ab4-08ea-4797-af39-3682e7678baf
2026-05-13 17:03:44,542 [INFO] Scheduling entity extraction task for node_id=fee22e43-089c-4d7a-a251-434e6b29e6ee
2026-05-13 17:03:44,549 [INFO] Scheduling entity extraction task for node_id=77dea714-b7f2-479a-b44b-00bdc5175eac
2026-05-13 17:03:44,555 [INFO] Scheduling entity extraction task for node_id=d3819c90-750b-4cbe-868f-f6fa4feb2781
2026-05-13 17:03:44,561 [INFO] Scheduling entity extraction task for node_id=25c432cd-9821-49f3-8842-e941f5703226
2026-05-13 17:03:44,567 [INFO] Scheduling entity extraction task for node_id=82f37bf6-79c3-416b-968c-2a03c72a0338
2026-05-13 17:03:44,571 [INFO] Scheduling entity extraction task for node_id=c8c8c527-9e70-400f-a47a-de26faed6e5a
2026-05-13 17:03:44,576 [INFO] Scheduling entity extraction task for node_id=16062e65-1520-4594-afc0-87672ebeeb0f
2026-05-13 17:03:44,581 [INFO] Scheduling entity extraction task for node_id=335e33d7-8ea8-4334-8ad5-f9aecc3e3fa7
2026-05-13 17:03:44,587 [INFO] Scheduling entity extraction task for node_id=e4725cd9-2c01-43ad-aafb-a0c4badffdd5
2026-05-13 17:03:44,590 [INFO] Scheduling entity extraction task for node_id=72833654-6964-4e7c-94c8-7976e2eff108
2026-05-13 17:03:44,595 [INFO] Scheduling entity extraction task for node_id=1b131ad2-92ec-4bc2-881c-957d421ca25a
2026-05-13 17:03:44,651 [INFO] Scheduling entity extraction task for node_id=947f05ee-1701-4e6f-8586-a2d21d5f8493
2026-05-13 17:03:44,658 [INFO] Scheduling entity extraction task for node_id=bb69fe2b-8394-41bc-91c4-2dd17c73198a
2026-05-13 17:03:44,663 [INFO] Scheduling entity extraction task for node_id=e6712888-1ce2-4f60-8b5c-55bb9ed36804
2026-05-13 17:03:44,669 [INFO] Scheduling entity extraction task for node_id=01b157f4-a621-4540-b873-7a05328a7e2c
2026-05-13 17:03:44,676 [INFO] Scheduling entity extraction task for node_id=c846a9e1-be50-4567-93c3-abffed20728e
2026-05-13 17:03:44,682 [INFO] Scheduling entity extraction task for node_id=93c43419-d9d8-477a-8c6b-9b45c09455d7
2026-05-13 17:03:44,689 [INFO] Scheduling entity extraction task for node_id=4387e118-8210-47fa-a5f2-a4208f60f97f
2026-05-13 17:03:44,695 [INFO] Scheduling entity extraction task for node_id=3b4e33e6-7351-4bde-960f-21f2af8498f2
2026-05-13 17:03:44,702 [INFO] Scheduling entity extraction task for node_id=a25d4c70-9c53-4873-9a3f-773958c1292a
2026-05-13 17:03:44,707 [INFO] Scheduling entity extraction task for node_id=ea45481c-bacb-4f6a-a269-4dc609f62841
2026-05-13 17:03:44,713 [INFO] Scheduling entity extraction task for node_id=5a482beb-bfe7-48bc-aa42-d6c2fcb3a417
2026-05-13 17:03:44,720 [INFO] Scheduling entity extraction task for node_id=a1695d25-5d57-42ca-be48-7929fc2aa194
2026-05-13 17:03:44,724 [INFO] Scheduling entity extraction task for node_id=dbf26a49-29e9-421e-92b3-a5312b648605
2026-05-13 17:03:44,732 [INFO] Scheduling entity extraction task for node_id=d159375f-8bf3-4a19-8719-165b47c36ce5
2026-05-13 17:03:44,737 [INFO] Scheduling entity extraction task for node_id=c5989bb2-8bfa-4e7c-8c6f-5073801bd144
2026-05-13 17:03:44,741 [INFO] Scheduling entity extraction task for node_id=771b798e-64d1-46aa-9f62-33e63d83145a
2026-05-13 17:03:44,747 [INFO] Scheduling entity extraction task for node_id=8fb11430-b852-4c53-ac6d-9ccb8c4fcb96
2026-05-13 17:03:44,752 [INFO] Scheduling entity extraction task for node_id=7af72709-b3b8-4c7b-8dbd-b2d537a40465
2026-05-13 17:03:44,759 [INFO] Scheduling entity extraction task for node_id=7d6f2606-ef66-4ef8-a326-99a77ead4aed
2026-05-13 17:03:44,766 [INFO] Scheduling entity extraction task for node_id=ca05f725-cc1b-4ba8-a4cc-bcad0e435387
2026-05-13 17:03:44,773 [INFO] Scheduling entity extraction task for node_id=295bc23a-9866-44eb-aa17-69f0051e11bd
2026-05-13 17:03:44,777 [INFO] Scheduling entity extraction task for node_id=262e0305-f8a5-4f10-84bd-fd8848a71591
2026-05-13 17:03:44,782 [INFO] Scheduling entity extraction task for node_id=5a256c1d-dded-42ed-9bb9-0d381f17ed5f
2026-05-13 17:03:44,788 [INFO] Scheduling entity extraction task for node_id=d23a53b4-511c-49dc-9905-a980570fa52e
2026-05-13 17:03:44,793 [INFO] Scheduling entity extraction task for node_id=638e8664-1132-4019-8bbd-a8b04cd0e3a0
2026-05-13 17:03:44,797 [INFO] Scheduling entity extraction task for node_id=ebdd6065-496d-4398-8f70-3d1c1ba628dc
2026-05-13 17:03:44,802 [INFO] Scheduling entity extraction task for node_id=6886d341-6a22-4b4a-84ee-494f37563a4f
2026-05-13 17:03:44,806 [INFO] Scheduling entity extraction task for node_id=d9df9b75-d683-4698-bb12-da23cf3acc18
2026-05-13 17:03:44,810 [INFO] Scheduling entity extraction task for node_id=b3771ffb-39ac-462a-8e45-871a97117a38
2026-05-13 17:03:44,865 [INFO] Scheduling entity extraction task for node_id=efbd7b9e-8794-4933-80f1-ee8a191ff3ba
2026-05-13 17:03:44,871 [INFO] Scheduling entity extraction task for node_id=2f75310b-6ca9-4828-98ed-1ce3f8307f10
2026-05-13 17:03:44,876 [INFO] Scheduling entity extraction task for node_id=a3f95aaf-d0f5-47f3-8089-06709442f57b
2026-05-13 17:03:44,882 [INFO] Scheduling entity extraction task for node_id=8e16de6e-e190-49e3-aa58-4b6c680c2e64
2026-05-13 17:03:44,887 [INFO] Scheduling entity extraction task for node_id=37d8add8-869c-400f-878b-0cbc02a643f8
2026-05-13 17:03:44,893 [INFO] Scheduling entity extraction task for node_id=c530bb6c-2e99-48d0-94fb-01ba7471fbb2
2026-05-13 17:03:44,899 [INFO] Scheduling entity extraction task for node_id=ef6d714e-bb08-4355-92b6-2584a002ae3e
2026-05-13 17:03:44,904 [INFO] Scheduling entity extraction task for node_id=2fd55953-1dba-4453-8e62-2a736da9b740
2026-05-13 17:03:44,908 [INFO] Scheduling entity extraction task for node_id=9e237614-e4e1-4a53-9ae3-7ec15c99eb0a
2026-05-13 17:03:44,913 [INFO] Scheduling entity extraction task for node_id=8051d460-eddd-43a2-8ffc-49a9efc4d2c8
2026-05-13 17:03:44,918 [INFO] Scheduling entity extraction task for node_id=4859702a-76bd-489e-9fe1-9cbba10698d6
2026-05-13 17:03:44,923 [INFO] Scheduling entity extraction task for node_id=54b1ec28-86a6-4c3f-9999-a4e18bd2e797
2026-05-13 17:03:44,927 [INFO] Scheduling entity extraction task for node_id=64d6f6ab-9449-4631-9730-9198e65f3e3c
2026-05-13 17:03:44,933 [INFO] Scheduling entity extraction task for node_id=ff2362c5-3049-436f-bd93-51ccaf9f1e94
2026-05-13 17:03:44,937 [INFO] Scheduling entity extraction task for node_id=3b6ceef5-18f5-4c85-acab-074545ca5019
2026-05-13 17:03:44,942 [INFO] Scheduling entity extraction task for node_id=782b822b-0b51-41e9-a5fa-5b94db0a48d7
2026-05-13 17:03:44,946 [INFO] Scheduling entity extraction task for node_id=c6690982-d07f-4ad2-8ebd-735359731cf3
2026-05-13 17:03:44,951 [INFO] Scheduling entity extraction task for node_id=946f7da1-bffb-43a1-af79-d4b7ca57d0bd
2026-05-13 17:03:44,955 [INFO] Scheduling entity extraction task for node_id=fd18c6df-cd97-4f45-ad0c-3f00533f6631
2026-05-13 17:03:44,960 [INFO] Scheduling entity extraction task for node_id=b97686be-7263-4592-979a-2e835d2de913
2026-05-13 17:03:44,964 [INFO] Scheduling entity extraction task for node_id=2fca1f55-a7e2-4d6d-81c0-300526efc3d6
2026-05-13 17:03:44,969 [INFO] Scheduling entity extraction task for node_id=17282793-012c-4fae-a79c-7d72478503d1
2026-05-13 17:03:44,973 [INFO] Scheduling entity extraction task for node_id=40806d61-d12d-4236-b575-87b674bc0f56
2026-05-13 17:03:44,978 [INFO] Scheduling entity extraction task for node_id=000e3820-e339-4475-9290-e432a3af2731
2026-05-13 17:03:44,983 [INFO] Scheduling entity extraction task for node_id=4f5fad7b-e4f0-49a9-a193-31822ee91286
2026-05-13 17:03:44,989 [INFO] Scheduling entity extraction task for node_id=7f219444-782e-402e-afc8-c393eac9a514
2026-05-13 17:03:44,993 [INFO] Scheduling entity extraction task for node_id=f5cece1b-c8fd-4fce-b64f-26ad03a87a71
2026-05-13 17:03:44,997 [INFO] Scheduling entity extraction task for node_id=b7954d5e-1787-4c03-b22c-8c8be8b805a2
2026-05-13 17:03:45,003 [INFO] Scheduling entity extraction task for node_id=75b7c795-252c-47b8-bbcf-1b004e969356
2026-05-13 17:03:45,007 [INFO] Scheduling entity extraction task for node_id=ec0adbb4-32fa-4158-9179-1738d8cf0b79
2026-05-13 17:03:45,011 [INFO] Scheduling entity extraction task for node_id=b7060ad9-8f94-4390-a189-c601e8b67f92
2026-05-13 17:03:45,066 [INFO] Scheduling entity extraction task for node_id=6f52ab53-e950-4c8a-9fe9-1b882d14f816
2026-05-13 17:03:45,074 [INFO] Scheduling entity extraction task for node_id=57196592-ef84-4458-88cb-ca75d191b615
2026-05-13 17:03:45,080 [INFO] Scheduling entity extraction task for node_id=439366aa-0781-485b-b825-d3d4109910ed
2026-05-13 17:03:45,088 [INFO] Scheduling entity extraction task for node_id=2cbbfc23-af79-4dc3-910e-7f8cfcb80073
2026-05-13 17:03:45,094 [INFO] Scheduling entity extraction task for node_id=ac58cf3f-2736-4f79-ae19-6745f4f834a1
2026-05-13 17:03:45,101 [INFO] Scheduling entity extraction task for node_id=72d276c3-c054-48d5-bb36-1ed14037d0f9
2026-05-13 17:03:45,108 [INFO] Scheduling entity extraction task for node_id=de57342e-8294-459b-96bc-6567ca793e2b
2026-05-13 17:03:45,117 [INFO] Scheduling entity extraction task for node_id=9b067976-2ec9-4a67-97c7-f8546b92bfc4
2026-05-13 17:03:45,124 [INFO] Scheduling entity extraction task for node_id=3dec25bc-3f54-49f9-a2e2-bbde584e63a9
2026-05-13 17:03:45,129 [INFO] Scheduling entity extraction task for node_id=e485240c-d7de-486b-b86f-f816238aa143
2026-05-13 17:03:45,134 [INFO] Scheduling entity extraction task for node_id=62a69ce0-0417-469d-b6a6-93f18cb683c9
2026-05-13 17:03:45,138 [INFO] Scheduling entity extraction task for node_id=d309a396-1984-4759-baa4-912c8067bb3f
2026-05-13 17:03:45,143 [INFO] Scheduling entity extraction task for node_id=d62af9b0-3c10-4f0e-bb29-7065cfcffe5e
2026-05-13 17:03:45,147 [INFO] Scheduling entity extraction task for node_id=3f58a45c-1783-41a5-b370-ca073af4e9a0
2026-05-13 17:03:45,152 [INFO] Scheduling entity extraction task for node_id=8abe97e7-473e-43ae-891c-ea1384ac7e04
2026-05-13 17:03:45,156 [INFO] Scheduling entity extraction task for node_id=02dcc481-a388-42f0-a864-f13261fda8e1
2026-05-13 17:03:45,161 [INFO] Scheduling entity extraction task for node_id=f43a93f1-dc4c-4cef-951c-561a9be62b3c
2026-05-13 17:03:45,165 [INFO] Scheduling entity extraction task for node_id=637249ee-377d-4041-8896-ff6a34c6feb8
2026-05-13 17:03:45,170 [INFO] Scheduling entity extraction task for node_id=4177c10f-83f6-4cc3-bf35-0fa4d1996734
2026-05-13 17:03:45,174 [INFO] Scheduling entity extraction task for node_id=b591abee-d523-440d-8c97-8ec5f837ace4
2026-05-13 17:03:45,178 [INFO] Scheduling entity extraction task for node_id=666e2bf5-eb53-44b5-b37d-b8ea6f91ae49
2026-05-13 17:03:45,183 [INFO] Scheduling entity extraction task for node_id=35a2afb5-32aa-48e6-a23b-a3f818d7cf70
2026-05-13 17:03:45,187 [INFO] Scheduling entity extraction task for node_id=67db9f3a-6acb-4ab1-832d-999eed56edb3
2026-05-13 17:03:45,191 [INFO] Scheduling entity extraction task for node_id=0a371e44-a848-44a4-978f-6b055937d5e3
2026-05-13 17:03:45,196 [INFO] Scheduling entity extraction task for node_id=fa7ad3bb-ca45-4b9d-8794-3058d09420e7
2026-05-13 17:03:45,200 [INFO] Scheduling entity extraction task for node_id=353bde9e-64bb-4704-ad69-ff33fb5c6048
2026-05-13 17:03:45,204 [INFO] Scheduling entity extraction task for node_id=a2662ccc-58f1-46fd-a668-e7bfec0b5b78
2026-05-13 17:03:45,209 [INFO] Scheduling entity extraction task for node_id=f76989a9-0d55-4f56-bc89-0123f19de338
2026-05-13 17:03:45,213 [INFO] Scheduling entity extraction task for node_id=f2c834fb-1e92-4a53-9e94-3ce74f40d914
2026-05-13 17:03:45,217 [INFO] Scheduling entity extraction task for node_id=54d58c6e-20fb-4924-9a90-5bbefcfad3fa
2026-05-13 17:03:45,222 [INFO] Scheduling entity extraction task for node_id=924808f7-6c37-4d07-8e4d-80d16639068c
2026-05-13 17:03:45,226 [INFO] Scheduling entity extraction task for node_id=0683e956-221b-4516-b8bc-a7fc144db71d
2026-05-13 17:03:45,231 [INFO] Scheduling entity extraction task for node_id=13af96d5-2aaa-4da1-ab97-f268dfa1b1d2
2026-05-13 17:03:45,235 [INFO] Scheduling entity extraction task for node_id=9184862f-c663-465f-81fb-35d6dcd398e5
2026-05-13 17:03:45,239 [INFO] Scheduling entity extraction task for node_id=55c507e0-f2b0-400f-8555-ad7a8b0e7bb2
2026-05-13 17:03:45,244 [INFO] Scheduling entity extraction task for node_id=6e762104-cabd-473b-a3eb-8887648e2fcc
2026-05-13 17:03:45,248 [INFO] Scheduling entity extraction task for node_id=95b126af-f558-47c0-b221-b319c989613e
2026-05-13 17:03:45,253 [INFO] Scheduling entity extraction task for node_id=679c202e-d4cb-49af-94e4-9f52496b0a3a
2026-05-13 17:03:45,257 [INFO] Scheduling entity extraction task for node_id=adcfd390-32ca-4859-aea0-eba1dfc1e506
2026-05-13 17:03:45,262 [INFO] Scheduling entity extraction task for node_id=620b056f-c332-4c1b-8e8a-63963b855f9b
2026-05-13 17:03:45,266 [INFO] Scheduling entity extraction task for node_id=cfb8fe55-06f6-48f6-9242-a7834aeff7d7
2026-05-13 17:03:45,271 [INFO] Scheduling entity extraction task for node_id=fa86fd97-001d-4096-aa68-1e9a45b611b8
2026-05-13 17:03:45,275 [INFO] Scheduling entity extraction task for node_id=74b2171b-f039-4ce9-a353-bd248bde34cc
2026-05-13 17:03:45,280 [INFO] Scheduling entity extraction task for node_id=febb4e22-8918-4e74-9d59-81220f6ea485
2026-05-13 17:03:45,284 [INFO] Scheduling entity extraction task for node_id=995e7b5d-1b39-4316-8c76-06ec9b22e7ec
2026-05-13 17:03:45,288 [INFO] Scheduling entity extraction task for node_id=4910803a-24ad-443f-88df-87b3baf52a79
2026-05-13 17:03:45,293 [INFO] Scheduling entity extraction task for node_id=2d860865-93be-4fc0-bdf3-e2565d0a9df1
2026-05-13 17:03:45,298 [INFO] Scheduling entity extraction task for node_id=9dbb971c-746d-4a9f-a40d-dc974a8e709b
2026-05-13 17:03:45,302 [INFO] Scheduling entity extraction task for node_id=b2be8e10-a411-4277-90b8-07a9242ba4bb
2026-05-13 17:03:45,307 [INFO] Scheduling entity extraction task for node_id=080d3353-39d3-43de-b570-5b8d72669e9b
2026-05-13 17:03:45,311 [INFO] Scheduling entity extraction task for node_id=722eb6f1-50f0-4234-b267-39350412ecfd
2026-05-13 17:03:45,315 [INFO] Scheduling entity extraction task for node_id=a7364ac2-ef80-49f4-998e-6b99e469f225
2026-05-13 17:03:45,320 [INFO] Scheduling entity extraction task for node_id=51d147be-a4df-4618-b1ee-55d43eb4276b
2026-05-13 17:03:45,373 [INFO] Scheduling entity extraction task for node_id=37bc01db-6c42-4e9d-8c77-02faa933fa72
2026-05-13 17:03:45,378 [INFO] Scheduling entity extraction task for node_id=4e22210b-f68f-4d2e-ad11-e7c63e65f50f
2026-05-13 17:03:45,383 [INFO] Scheduling entity extraction task for node_id=64d78712-b84a-42bd-a444-70243c5434b3
2026-05-13 17:03:45,388 [INFO] Scheduling entity extraction task for node_id=dcaf0567-6a34-43ca-9b6b-32ec165745d9
2026-05-13 17:03:45,394 [INFO] Scheduling entity extraction task for node_id=498557cb-37f7-4c5f-bd24-1dae3161b886
2026-05-13 17:03:45,399 [INFO] Scheduling entity extraction task for node_id=2b376247-56d0-4f15-9680-fd45cca7255e
2026-05-13 17:03:45,405 [INFO] Scheduling entity extraction task for node_id=b179bfdf-f3a7-4490-9b59-c420a52e7b8f
2026-05-13 17:03:45,410 [INFO] Scheduling entity extraction task for node_id=34d42c37-e1a9-45b2-9915-bae16fe48218
2026-05-13 17:03:45,415 [INFO] Scheduling entity extraction task for node_id=fc553b36-be37-47ed-8434-557dc5d01398
2026-05-13 17:03:45,419 [INFO] Scheduling entity extraction task for node_id=e658414c-e8e4-4880-9614-afd757247613
2026-05-13 17:03:45,423 [INFO] Scheduling entity extraction task for node_id=8e636091-9069-4d4a-8bff-ebd8d23d62ea
2026-05-13 17:03:45,430 [INFO] Scheduling entity extraction task for node_id=6aee5ba0-aeff-457e-aaf9-c1bd55b2188b
2026-05-13 17:03:45,435 [INFO] Scheduling entity extraction task for node_id=450be7d0-6aeb-46db-b80c-27a80058847f
2026-05-13 17:03:45,440 [INFO] Scheduling entity extraction task for node_id=a15fba3d-a44f-4a46-9d4d-17e0303dab2f
2026-05-13 17:03:45,445 [INFO] Scheduling entity extraction task for node_id=de300aa8-0f36-470b-8c57-810f92ef678d
2026-05-13 17:03:45,449 [INFO] Scheduling entity extraction task for node_id=8dd45150-7468-42f5-be4f-c9f7ad04b5d0
2026-05-13 17:03:45,454 [INFO] Scheduling entity extraction task for node_id=67e2be59-a156-4c89-b810-d0498322df44
2026-05-13 17:03:45,458 [INFO] Scheduling entity extraction task for node_id=7dd9e842-c2c4-48a1-8909-066104538d04
2026-05-13 17:03:45,462 [INFO] Scheduling entity extraction task for node_id=797f6701-71ea-4654-93be-1aac6ba3e51c
2026-05-13 17:03:45,467 [INFO] Scheduling entity extraction task for node_id=addd92f5-b557-4bd8-b60e-6bac3d59ff3e
2026-05-13 17:03:45,471 [INFO] Scheduling entity extraction task for node_id=a0fadcb9-29ee-4167-85b6-007420803e3b
2026-05-13 17:03:45,476 [INFO] Scheduling entity extraction task for node_id=6e3345c9-995a-42ff-8ee9-098bb05a58aa
2026-05-13 17:03:45,532 [INFO] Scheduling entity extraction task for node_id=0e7d5781-99cd-44dc-a0e0-60b7fdb3580d
2026-05-13 17:03:45,537 [INFO] Scheduling entity extraction task for node_id=50852699-efe4-4fe5-b3a1-db6dc8c712a7
2026-05-13 17:03:45,543 [INFO] Scheduling entity extraction task for node_id=3e07706b-d58f-4c44-9827-205a3021fcfa
2026-05-13 17:03:45,549 [INFO] Scheduling entity extraction task for node_id=d9118a22-86fe-47f2-aa68-28b13bed9a2c
2026-05-13 17:03:45,554 [INFO] Scheduling entity extraction task for node_id=434243bb-915e-4f58-9307-c5f1c3ade8a3
2026-05-13 17:03:45,561 [INFO] Scheduling entity extraction task for node_id=0a2d187f-692d-420d-85b4-a468d7471acf
2026-05-13 17:03:45,566 [INFO] Scheduling entity extraction task for node_id=05a20100-8e3d-4179-97cb-ec45c0457062
2026-05-13 17:03:45,573 [INFO] Scheduling entity extraction task for node_id=c34efd60-df40-47bf-a6da-59bdaeab4f9d
2026-05-13 17:03:45,580 [INFO] Scheduling entity extraction task for node_id=c1d95423-3d15-43ee-8803-a3a014a1bc55
2026-05-13 17:03:45,585 [INFO] Scheduling entity extraction task for node_id=68408c16-4703-49e3-9492-ebea73cda7c7
2026-05-13 17:03:45,590 [INFO] Scheduling entity extraction task for node_id=6736a81f-cc8c-4649-abd2-c2189079706b
2026-05-13 17:03:45,596 [INFO] Scheduling entity extraction task for node_id=f0815c90-3c33-4a0d-95e4-12ed9c1ae2eb
2026-05-13 17:03:45,602 [INFO] Scheduling entity extraction task for node_id=8f48716d-79ba-4b94-9da1-bd4299c04cb8
2026-05-13 17:03:45,607 [INFO] Scheduling entity extraction task for node_id=fbbc9b69-ad23-4efe-8a97-cceaecbd3138
2026-05-13 17:03:45,612 [INFO] Scheduling entity extraction task for node_id=0fc3c0b5-fa7c-4f4b-8f7e-5d674d5d07f2
2026-05-13 17:03:45,617 [INFO] Scheduling entity extraction task for node_id=eb12dbba-2446-4c44-851d-790e5ed67520
2026-05-13 17:03:45,621 [INFO] Scheduling entity extraction task for node_id=34cf9c1d-6440-44c1-8ac8-0d551e03fb83
2026-05-13 17:03:45,673 [INFO] Scheduling entity extraction task for node_id=c982f8df-c94f-4402-8602-234f725c0227
2026-05-13 17:03:45,678 [INFO] Scheduling entity extraction task for node_id=49f5f76e-ae85-4533-a5c8-3cb14b5eec44
2026-05-13 17:03:45,682 [INFO] Scheduling entity extraction task for node_id=27f9e1e8-4355-49e9-9526-dacb5eae7029
2026-05-13 17:03:45,686 [INFO] Scheduling entity extraction task for node_id=94248158-10ba-4ce9-bb63-feadea835ef2
2026-05-13 17:03:45,691 [INFO] Scheduling entity extraction task for node_id=4526e487-25b7-42cc-89c5-11e1f9ea0e22
2026-05-13 17:03:45,695 [INFO] Scheduling entity extraction task for node_id=64575f2e-53d9-489f-8136-82d1f19ace08
2026-05-13 17:03:45,701 [INFO] Scheduling entity extraction task for node_id=4fa4a4ed-9f62-4763-8f92-ba0ad9802121
2026-05-13 17:03:45,707 [INFO] Scheduling entity extraction task for node_id=277997dd-f677-47fe-b456-320abd270ea8
2026-05-13 17:03:45,712 [INFO] Scheduling entity extraction task for node_id=1f6617f4-0155-4472-b064-cebe5267411f
2026-05-13 17:03:45,717 [INFO] Scheduling entity extraction task for node_id=7ce03e87-5dac-4665-bc89-b91eb21e4fa7
2026-05-13 17:03:45,721 [INFO] Scheduling entity extraction task for node_id=18ad7b7f-37b9-403a-92ce-56b0b47445e4
2026-05-13 17:03:45,725 [INFO] Scheduling entity extraction task for node_id=55ad4232-b3e4-42d3-80f4-e64f0336bbf4
2026-05-13 17:03:45,731 [INFO] Scheduling entity extraction task for node_id=15df9a6e-d98b-44c1-81ca-c1f48ac92acc
2026-05-13 17:03:45,735 [INFO] Scheduling entity extraction task for node_id=6965e171-a4a1-40d4-a94d-1ba3c5fe89fa
2026-05-13 17:03:45,739 [INFO] Scheduling entity extraction task for node_id=6860557c-ba28-44bd-8958-358b3fb5885d
2026-05-13 17:03:45,793 [INFO] Scheduling entity extraction task for node_id=8e6a560b-f3b8-4bb4-89d5-529d084c5c97
2026-05-13 17:03:45,799 [INFO] Scheduling entity extraction task for node_id=c0c3a494-0c2c-408f-8403-ccb5a45fe0ec
2026-05-13 17:03:45,805 [INFO] Scheduling entity extraction task for node_id=6aa3d744-a2a8-4f1d-965b-18f83421ae7e
2026-05-13 17:03:45,810 [INFO] Scheduling entity extraction task for node_id=339b40c0-788b-48d8-bf6d-16fa934af1b9
2026-05-13 17:03:45,817 [INFO] Scheduling entity extraction task for node_id=15d2ca24-7104-4a84-8ed8-ce33489b537e
2026-05-13 17:03:45,822 [INFO] Scheduling entity extraction task for node_id=7516753c-93ff-47c7-bd66-c8e7f4fdf1a3
2026-05-13 17:03:45,828 [INFO] Scheduling entity extraction task for node_id=7eb56f94-bda1-4409-84db-991963872beb
2026-05-13 17:03:45,834 [INFO] Scheduling entity extraction task for node_id=73eeae3c-1dbe-40d0-86bd-388a1ec4de00
2026-05-13 17:03:45,888 [INFO] Scheduling entity extraction task for node_id=4d6e6e67-1173-4318-a9bb-06dd52915797
2026-05-13 17:03:45,893 [INFO] Scheduling entity extraction task for node_id=00223888-b55a-4a81-b3d1-7e8bb6333cdd
2026-05-13 17:03:45,899 [INFO] Scheduling entity extraction task for node_id=b4a529c1-e788-4c1c-bc8b-10f4329c368d
2026-05-13 17:03:45,904 [INFO] Scheduling entity extraction task for node_id=c8138463-c90b-4ad6-9549-df40feabf9c1
2026-05-13 17:03:45,909 [INFO] Scheduling entity extraction task for node_id=fe4d5904-6e5c-47a1-b3d2-2c159fb1ebd0
2026-05-13 17:03:45,915 [INFO] Scheduling entity extraction task for node_id=5189f672-2c8a-40f6-b471-914da0228bc7
2026-05-13 17:03:45,921 [INFO] Scheduling entity extraction task for node_id=190d0c71-721e-42d7-9fa2-02f187c364a0
2026-05-13 17:03:45,927 [INFO] Scheduling entity extraction task for node_id=55dcbf46-fab1-4a72-9e07-5ea185e423df
2026-05-13 17:03:45,932 [INFO] Scheduling entity extraction task for node_id=69636e35-45e6-431d-a3db-b5e2ae9b46f6
2026-05-13 17:03:45,936 [INFO] Scheduling entity extraction task for node_id=dbcde8d2-3c8a-44c1-8a92-9f405c5ddbfa
2026-05-13 17:03:45,941 [INFO] Scheduling entity extraction task for node_id=f6233e2e-1f51-4ab1-aaa6-2b57630f55e5
2026-05-13 17:03:45,946 [INFO] Scheduling entity extraction task for node_id=43852b12-7972-41ea-a72c-d5f681b7f46f
2026-05-13 17:03:45,951 [INFO] Scheduling entity extraction task for node_id=a9e6ef9e-79e7-4e19-b2f5-c1373bbb7f81
2026-05-13 17:03:45,958 [INFO] Scheduling entity extraction task for node_id=2c0408e4-25d2-49dd-9f0a-21b43848bc39
2026-05-13 17:03:45,962 [INFO] Scheduling entity extraction task for node_id=36c5fa17-e868-48d7-9900-47e0ad85a1e3
2026-05-13 17:03:45,967 [INFO] Scheduling entity extraction task for node_id=f854473d-7525-4c2b-8dee-207e9439335d
2026-05-13 17:03:45,971 [INFO] Scheduling entity extraction task for node_id=919eadd6-ef90-4cbf-9902-183de3ae724e
2026-05-13 17:03:45,976 [INFO] Scheduling entity extraction task for node_id=3f1b0194-6118-474b-a77c-e7b54a3732c3
2026-05-13 17:03:45,981 [INFO] Scheduling entity extraction task for node_id=7d3e8d13-6b73-4b92-985f-a20532603a66
2026-05-13 17:03:45,985 [INFO] Scheduling entity extraction task for node_id=68eee8a9-0236-4570-9943-4e0272af598f
2026-05-13 17:03:45,990 [INFO] Scheduling entity extraction task for node_id=0cfd188b-fb56-42e5-aa63-0d92127efacc
2026-05-13 17:03:45,995 [INFO] Scheduling entity extraction task for node_id=97b6fdd5-8003-42ba-9b1c-f31f67571937
2026-05-13 17:03:46,004 [INFO] Scheduling entity extraction task for node_id=4a5e791f-938c-4e1a-9daf-97f16cb24e85
2026-05-13 17:03:46,008 [INFO] Scheduling entity extraction task for node_id=39384f75-620b-4a28-97e7-aff2f57dea19
2026-05-13 17:03:46,014 [INFO] Scheduling entity extraction task for node_id=9de07c96-7232-4657-9594-e13719614c00
2026-05-13 17:03:46,019 [INFO] Scheduling entity extraction task for node_id=b2c5f9c7-9074-4117-8742-40b55c9da740
2026-05-13 17:03:46,024 [INFO] Scheduling entity extraction task for node_id=8b655139-fe2f-4f59-b3f6-4a46fb558711
2026-05-13 17:03:46,030 [INFO] Scheduling entity extraction task for node_id=76340e63-f755-40c6-b02b-d63266847b7a
2026-05-13 17:03:46,034 [INFO] Scheduling entity extraction task for node_id=6b4161d4-a6f8-49be-a2a0-e37f20d67970
2026-05-13 17:03:46,039 [INFO] Scheduling entity extraction task for node_id=968626af-ab5f-4ecd-a1b2-6953095a1e2d
2026-05-13 17:03:46,044 [INFO] Scheduling entity extraction task for node_id=3bf988a0-9eda-41f5-a6db-ab4b7f245ebb
2026-05-13 17:03:46,048 [INFO] Scheduling entity extraction task for node_id=cf4ac674-1566-480a-8328-b97b286a4a92
2026-05-13 17:03:46,054 [INFO] Scheduling entity extraction task for node_id=a9d57827-d8f9-462f-be2b-adb747912855
2026-05-13 17:03:46,059 [INFO] Scheduling entity extraction task for node_id=0a6b827e-992c-46d3-b15f-d32cc8fb0c65
2026-05-13 17:03:46,064 [INFO] Scheduling entity extraction task for node_id=b7533a4e-47b4-427c-bf89-ab12014b29a8
2026-05-13 17:03:46,115 [INFO] Scheduling entity extraction task for node_id=be731dfe-a79f-4573-b40c-c48ce23e1502
2026-05-13 17:03:46,121 [INFO] Scheduling entity extraction task for node_id=26d37a41-15e8-4705-b67f-3f8677ffba95
2026-05-13 17:03:46,173 [INFO] Scheduling entity extraction task for node_id=9c512004-00df-46b1-97cf-a821ae9de460
2026-05-13 17:03:46,178 [INFO] Scheduling entity extraction task for node_id=6de2b0f4-c0fb-44a3-a298-b1567895f7e5
2026-05-13 17:03:46,182 [INFO] Scheduling entity extraction task for node_id=7ce43679-6380-46af-8048-dde74631c437
2026-05-13 17:03:46,186 [INFO] Scheduling entity extraction task for node_id=f8051ff1-5e6d-436b-861b-65c42839216a
2026-05-13 17:03:46,192 [INFO] Scheduling entity extraction task for node_id=d98b7df4-27a5-4751-b112-93e2901f5528
2026-05-13 17:03:46,196 [INFO] Scheduling entity extraction task for node_id=cf39db73-e50c-4c85-a290-e762b43575e9
2026-05-13 17:03:46,201 [INFO] Scheduling entity extraction task for node_id=0f47c77e-e65c-43a1-87cb-5364f7f295a7
2026-05-13 17:03:46,205 [INFO] Scheduling entity extraction task for node_id=68efa357-a1f9-4b0b-8c81-2b091a725ebc
2026-05-13 17:03:46,209 [INFO] Scheduling entity extraction task for node_id=4ae7b349-7bd0-48ae-8984-9a3b46cca717
2026-05-13 17:03:46,218 [INFO] Scheduling entity extraction task for node_id=ae8c0315-287f-4383-b235-8c97d5e729a3
2026-05-13 17:03:46,223 [INFO] Scheduling entity extraction task for node_id=4d8d1709-942d-48f9-8f37-04adbd6d2684
2026-05-13 17:03:46,227 [INFO] Scheduling entity extraction task for node_id=e4982fe7-e55c-4c22-a3b4-59cd3d182563
2026-05-13 17:03:46,231 [INFO] Scheduling entity extraction task for node_id=800ceed1-6fbb-4090-a005-fcbe623a2875
2026-05-13 17:03:46,236 [INFO] Scheduling entity extraction task for node_id=ae0c0180-e9c2-4cbf-a7aa-9785111335e6
2026-05-13 17:03:46,240 [INFO] Scheduling entity extraction task for node_id=d8f04933-9e08-4c74-b549-c9ff25a854e2
2026-05-13 17:03:46,245 [INFO] Scheduling entity extraction task for node_id=4bd928b9-989c-42f9-be56-55a1b8192ae0
2026-05-13 17:03:46,249 [INFO] Scheduling entity extraction task for node_id=afcf47e5-4f36-4754-b778-b54a203a0516
2026-05-13 17:03:46,254 [INFO] Scheduling entity extraction task for node_id=eeae8960-f425-4be7-8d9d-31be55b12ae5
2026-05-13 17:03:46,258 [INFO] Scheduling entity extraction task for node_id=fee475aa-c258-4c3c-8282-da5cfb623f1b
2026-05-13 17:03:46,263 [INFO] Scheduling entity extraction task for node_id=32a111e7-d1e7-4d99-9df6-9e5c68cf2288
2026-05-13 17:03:46,269 [INFO] Scheduling entity extraction task for node_id=54ef6ce1-fe25-4195-88b7-8fbb831ad8aa
2026-05-13 17:03:46,274 [INFO] Scheduling entity extraction task for node_id=484d8dd6-447b-4a6b-9f9d-029ab5895072
2026-05-13 17:03:46,278 [INFO] Scheduling entity extraction task for node_id=608d1186-f21d-41c6-83f3-aee3b779385d
2026-05-13 17:03:46,284 [INFO] Scheduling entity extraction task for node_id=ccf150a8-6ffd-41d8-bcd8-146ab72f6a1f
2026-05-13 17:03:46,288 [INFO] Scheduling entity extraction task for node_id=add438cf-37f3-42d6-8589-88c334b695fa
2026-05-13 17:03:46,293 [INFO] Scheduling entity extraction task for node_id=4c932db5-fc59-4f70-a7e1-5ab78995fc79
2026-05-13 17:03:46,297 [INFO] Scheduling entity extraction task for node_id=77bc6e2c-9085-4fcc-b9dc-67218dc73e75
2026-05-13 17:03:46,301 [INFO] Scheduling entity extraction task for node_id=c9159bfc-c7a5-4e39-96c3-282b64f4a956
2026-05-13 17:03:46,306 [INFO] Scheduling entity extraction task for node_id=a2e4a8ba-126a-43ca-94f5-9b7dbad77968
2026-05-13 17:03:46,311 [INFO] Scheduling entity extraction task for node_id=20a3e896-550c-4fb3-85a6-f0bd032c36e7
2026-05-13 17:03:46,316 [INFO] Scheduling entity extraction task for node_id=49820068-129e-46f8-aec2-918e76dc3b11
2026-05-13 17:03:46,320 [INFO] Scheduling entity extraction task for node_id=088f04a8-50b7-4a05-9520-9c5b0e3b8187
2026-05-13 17:03:46,326 [INFO] Scheduling entity extraction task for node_id=ca43d5c0-92b1-4b5e-b0d1-63065a5f716d
2026-05-13 17:03:46,330 [INFO] Scheduling entity extraction task for node_id=77ec2a71-6a2e-4f00-89ff-d6b9c1acd365
2026-05-13 17:03:46,334 [INFO] Scheduling entity extraction task for node_id=83d2fbbb-0000-441b-95b4-51c2d1892154
2026-05-13 17:03:46,340 [INFO] Scheduling entity extraction task for node_id=e79e9963-7bea-4942-896e-5cbb710477c7
2026-05-13 17:03:46,345 [INFO] Scheduling entity extraction task for node_id=46242905-06de-4521-82ab-236186635a32
2026-05-13 17:03:46,350 [INFO] Scheduling entity extraction task for node_id=9b079fa6-9ddc-4927-b8b6-50d5ddb11514
2026-05-13 17:03:46,354 [INFO] Scheduling entity extraction task for node_id=9603423a-2cc2-4c50-8758-36d7b786521b
2026-05-13 17:03:46,358 [INFO] Scheduling entity extraction task for node_id=4d63d5b0-dedd-4b67-8c71-1b519a32efd8
2026-05-13 17:03:46,363 [INFO] Scheduling entity extraction task for node_id=807a919f-597d-43d6-aca6-3d1b438b1194
2026-05-13 17:03:46,367 [INFO] Scheduling entity extraction task for node_id=92a55a64-5f09-4438-b14b-21955c31cd53
2026-05-13 17:03:46,371 [INFO] Scheduling entity extraction task for node_id=411a831a-79ff-4ea7-8fed-fad553018cad
2026-05-13 17:03:46,376 [INFO] Scheduling entity extraction task for node_id=cb8808a5-a183-4778-85d1-c49fcfceca85
2026-05-13 17:03:46,382 [INFO] Scheduling entity extraction task for node_id=cd79d0cb-3392-4041-b8f7-c5d240327342
2026-05-13 17:03:46,388 [INFO] Scheduling entity extraction task for node_id=2ed2a55f-50e3-4f8a-adfc-cc3af6336e01
2026-05-13 17:03:46,392 [INFO] Scheduling entity extraction task for node_id=f2a65341-e68c-4ab6-bd5a-0c20e8333466
2026-05-13 17:03:46,396 [INFO] Scheduling entity extraction task for node_id=16c944c7-4bd1-47ab-8b9c-997710589588
2026-05-13 17:03:46,404 [INFO] Scheduling entity extraction task for node_id=dcb17dc1-810b-49cc-b536-78e390aa1a12
2026-05-13 17:03:46,409 [INFO] Scheduling entity extraction task for node_id=0931c2c4-b7a7-4ac8-adbc-e62c6b895ff9
2026-05-13 17:03:46,413 [INFO] Scheduling entity extraction task for node_id=8bb218d0-f963-4e78-8628-8794e19bbae0
2026-05-13 17:03:46,417 [INFO] Scheduling entity extraction task for node_id=f377dc70-5799-4232-abcf-7a0f71f009f6
2026-05-13 17:03:46,423 [INFO] Scheduling entity extraction task for node_id=9ea9cc39-6559-42e1-89de-0efd9d87d761
2026-05-13 17:03:46,427 [INFO] Scheduling entity extraction task for node_id=62e82aba-8903-4dc2-8406-d93c8eceb61f
2026-05-13 17:03:46,433 [INFO] Scheduling entity extraction task for node_id=7b24010b-b94f-42ed-8c97-9ee31b2dfd65
2026-05-13 17:03:46,437 [INFO] Scheduling entity extraction task for node_id=396c3e9b-087c-415d-99b4-4bc86cad8180
2026-05-13 17:03:46,442 [INFO] Scheduling entity extraction task for node_id=fb930a97-b645-493a-8a2e-590aaed8f64d
2026-05-13 17:03:46,446 [INFO] Scheduling entity extraction task for node_id=22751674-e358-4fd6-8f75-783b45a650cf
2026-05-13 17:03:46,451 [INFO] Scheduling entity extraction task for node_id=d61cdc77-6290-4a9f-8040-4734b5b06f82
2026-05-13 17:03:46,455 [INFO] Scheduling entity extraction task for node_id=eb62ee87-e6d3-4363-94f5-937a2457ff34
2026-05-13 17:03:46,460 [INFO] Scheduling entity extraction task for node_id=69f4206f-5386-4553-b311-5ac72c718cad
2026-05-13 17:03:46,465 [INFO] Scheduling entity extraction task for node_id=387bbd0e-6607-4240-aa91-971bd48ea79d
2026-05-13 17:03:46,471 [INFO] Scheduling entity extraction task for node_id=e0a807c3-cd83-49d2-a610-580379c1efd5
2026-05-13 17:03:46,477 [INFO] Scheduling entity extraction task for node_id=dc38f1ff-d8d1-432c-b085-2cb2f226265f
2026-05-13 17:03:46,483 [INFO] Scheduling entity extraction task for node_id=0682f05b-5e28-4c5f-9a12-d9d0a5c004b2
2026-05-13 17:03:46,487 [INFO] Scheduling entity extraction task for node_id=299bc200-e34b-4a13-af48-88b9ee120e81
2026-05-13 17:03:46,492 [INFO] Scheduling entity extraction task for node_id=28dc1f22-11c3-4d0d-a874-025ddc8a9bea
2026-05-13 17:03:46,496 [INFO] Scheduling entity extraction task for node_id=50011f08-44c8-4ce2-bc09-4c1d5b1e0887
2026-05-13 17:03:46,515 [INFO] Scheduling entity extraction task for node_id=8ae48445-17bf-4147-98d4-6ec597771afe
2026-05-13 17:03:46,519 [INFO] Scheduling entity extraction task for node_id=53d6994b-1c84-43f4-89ed-ede2de344262
2026-05-13 17:03:46,524 [INFO] Scheduling entity extraction task for node_id=7debc6bd-8894-4e8e-b228-e07d5f4108f8
2026-05-13 17:03:46,529 [INFO] Scheduling entity extraction task for node_id=f5744b60-a199-4112-a5ea-0279e587d67e
2026-05-13 17:03:46,533 [INFO] Scheduling entity extraction task for node_id=6b2b6cda-d529-4a3c-8cb4-fda89e79bcb3
2026-05-13 17:03:46,539 [INFO] Scheduling entity extraction task for node_id=cba8b2bd-60cb-4e57-9168-de46385ea442
2026-05-13 17:03:46,545 [INFO] Scheduling entity extraction task for node_id=bd5d2a1d-3eb9-48b6-99b3-3e9e3919f574
2026-05-13 17:03:46,551 [INFO] Scheduling entity extraction task for node_id=c604827b-d3f5-48ef-a21c-058c90b71de1
2026-05-13 17:03:46,555 [INFO] Scheduling entity extraction task for node_id=3909a1d2-903b-4f13-a977-ede03fe75f95
2026-05-13 17:03:46,560 [INFO] Scheduling entity extraction task for node_id=148a715b-0cd6-4661-8a82-14c1f352dbf5
2026-05-13 17:03:46,565 [INFO] Scheduling entity extraction task for node_id=18fbd260-1a1a-462e-8f18-ce98e729cdb3
2026-05-13 17:03:46,570 [INFO] Scheduling entity extraction task for node_id=90673e69-147c-4e02-9c7d-a70a96140647
2026-05-13 17:03:46,585 [INFO] Scheduling entity extraction task for node_id=19c5cf4d-b202-42ba-9775-56a718e062c8
2026-05-13 17:03:46,589 [INFO] Scheduling entity extraction task for node_id=ec366e02-d881-4670-ad1f-7b719ae8efe9
2026-05-13 17:03:46,593 [INFO] Scheduling entity extraction task for node_id=c3254e07-da90-4c72-a613-0b164d24085f
2026-05-13 17:03:46,598 [INFO] Scheduling entity extraction task for node_id=f5b37b29-6839-44b1-9f07-ca27ecebc823
2026-05-13 17:03:46,602 [INFO] Scheduling entity extraction task for node_id=ea78530e-7306-47e2-a66f-a1a9b7f44772
2026-05-13 17:03:46,606 [INFO] Scheduling entity extraction task for node_id=57e15809-e007-4b97-b724-4649878884cd
2026-05-13 17:03:46,611 [INFO] Scheduling entity extraction task for node_id=111e293a-f151-4c85-a5ac-62fd032c7d34
2026-05-13 17:03:46,616 [INFO] Scheduling entity extraction task for node_id=65520ed2-41a8-4e64-a8a4-9dd21ad3503b
2026-05-13 17:03:46,624 [INFO] Scheduling entity extraction task for node_id=da4f9a4b-cca1-4f58-9110-b76e5407498b
2026-05-13 17:03:46,677 [INFO] Scheduling entity extraction task for node_id=83a7ad4a-83d0-44e9-9e41-ff9ec547a563
2026-05-13 17:03:46,682 [INFO] Scheduling entity extraction task for node_id=462571cd-3b6f-418f-af88-9f3179e139d4
2026-05-13 17:03:46,687 [INFO] Scheduling entity extraction task for node_id=7491f036-ad05-4e85-aaa0-580e016e0eea
2026-05-13 17:03:46,691 [INFO] Scheduling entity extraction task for node_id=6c93acd6-0915-4bda-be55-acc6510b0df1
2026-05-13 17:03:46,695 [INFO] Scheduling entity extraction task for node_id=9f20dffa-badb-4574-93ea-7eadc7843ce9
2026-05-13 17:03:46,701 [INFO] Scheduling entity extraction task for node_id=faadf578-b513-4a6b-9d7d-6d768774dee0
2026-05-13 17:03:46,705 [INFO] Scheduling entity extraction task for node_id=1a7ea2ac-78a2-4ebd-a792-f0e1d1d3f2b6
2026-05-13 17:03:46,709 [INFO] Scheduling entity extraction task for node_id=4c752c17-2e24-4883-8e83-0fadf0f129b5
2026-05-13 17:03:46,715 [INFO] Scheduling entity extraction task for node_id=f59b616d-51c3-4653-83f5-11edafa8b77d
2026-05-13 17:03:46,721 [INFO] Scheduling entity extraction task for node_id=40d584e3-44aa-4477-ba23-06bf4ccc3e46
2026-05-13 17:03:46,726 [INFO] Scheduling entity extraction task for node_id=c0bf801f-2112-4b44-b301-ca89148bc173
2026-05-13 17:03:46,731 [INFO] Scheduling entity extraction task for node_id=feacb402-df86-4866-a5eb-2b057510cdb5
2026-05-13 17:03:46,735 [INFO] Scheduling entity extraction task for node_id=58571b4e-0296-4997-8dfa-273536209886
2026-05-13 17:03:46,739 [INFO] Scheduling entity extraction task for node_id=c7447c74-ef6a-489f-b96f-169b757af52f
2026-05-13 17:03:46,744 [INFO] Scheduling entity extraction task for node_id=de0f5de2-ae3b-45a2-a0e1-0f48dd2e2633
2026-05-13 17:03:46,749 [INFO] Scheduling entity extraction task for node_id=247dff5e-aea8-446f-93bb-f5ec15266c42
2026-05-13 17:03:46,754 [INFO] Scheduling entity extraction task for node_id=7adb13aa-622f-459c-9b15-5de3e52d41ed
2026-05-13 17:03:46,807 [INFO] Scheduling entity extraction task for node_id=1a74860c-43ac-4653-b1c3-8a69037ba6ee
2026-05-13 17:03:46,812 [INFO] Scheduling entity extraction task for node_id=72446381-2806-4462-a7dc-9c070863265c
2026-05-13 17:03:46,818 [INFO] Scheduling entity extraction task for node_id=4b6540b6-d85e-4eb7-bb6c-d151a27958d5
2026-05-13 17:03:46,824 [INFO] Scheduling entity extraction task for node_id=139e832b-8d62-430b-a95d-9f69b25ea0b3
2026-05-13 17:03:46,830 [INFO] Scheduling entity extraction task for node_id=2b9efca5-440b-401d-ba84-95e6ef502c65
2026-05-13 17:03:46,837 [INFO] Scheduling entity extraction task for node_id=d115cbbe-ffd8-441d-b590-afa220ed6793
2026-05-13 17:03:46,845 [INFO] Scheduling entity extraction task for node_id=9a1cb3c7-51b2-4b64-8ce8-3af22c9d954e
2026-05-13 17:03:46,850 [INFO] Scheduling entity extraction task for node_id=559e874d-abc8-4d9e-bce0-ad8c78a3713f
2026-05-13 17:03:46,906 [INFO] Scheduling entity extraction task for node_id=4ec2603b-9cc1-4ab2-b1e4-e446640e8fdc
2026-05-13 17:03:46,914 [INFO] Scheduling entity extraction task for node_id=4cc8bc1a-26c3-4e5e-a737-9fdaa32cca2e
2026-05-13 17:03:46,921 [INFO] Scheduling entity extraction task for node_id=3c38b190-fffc-4fbc-9afc-2ad10f5135eb
2026-05-13 17:03:46,929 [INFO] Scheduling entity extraction task for node_id=281a488e-c457-4312-9ec3-6103ba6a1370
2026-05-13 17:03:46,936 [INFO] Scheduling entity extraction task for node_id=60eb005e-645b-4cbe-8f29-6105c23343c1
2026-05-13 17:03:46,942 [INFO] Scheduling entity extraction task for node_id=4ad0460c-5c5b-4f08-b988-d06844142f05
2026-05-13 17:03:46,948 [INFO] Scheduling entity extraction task for node_id=f97af7ea-6ea8-40a7-ba0d-e2e8cd76fa15
2026-05-13 17:03:46,955 [INFO] Scheduling entity extraction task for node_id=c74ab794-2a2d-43b3-8f5f-bffa86711785
2026-05-13 17:03:46,960 [INFO] Scheduling entity extraction task for node_id=ae753925-e683-4f3c-8caf-f3ba51d4e6c8
2026-05-13 17:03:46,968 [INFO] Scheduling entity extraction task for node_id=739260e6-c2cc-4114-8e0c-aebcc9725eae
2026-05-13 17:03:46,976 [INFO] Scheduling entity extraction task for node_id=e181e758-295e-49fa-8d89-e96d4587f89e
2026-05-13 17:03:46,982 [INFO] Scheduling entity extraction task for node_id=e6875f8b-ee37-4c6b-940c-7370f975f93f
2026-05-13 17:03:46,987 [INFO] Scheduling entity extraction task for node_id=559ebac0-dce7-4cce-a113-f18ec7575d33
2026-05-13 17:03:46,996 [INFO] Scheduling entity extraction task for node_id=076dd36a-47fb-465c-ad0f-d1d9f4dbcf8a
2026-05-13 17:03:47,004 [INFO] Scheduling entity extraction task for node_id=3359c8bc-3c50-40aa-aad7-a4e2ad588568
2026-05-13 17:03:47,027 [INFO] Scheduling entity extraction task for node_id=36c49ab5-5b2a-435a-9214-f030b7bc1a73
2026-05-13 17:03:47,078 [INFO] Scheduling entity extraction task for node_id=9ddf482a-d52c-4f16-a139-43baf7388b19
2026-05-13 17:03:47,084 [INFO] Scheduling entity extraction task for node_id=43b6bfbb-4b6e-4752-97f4-85235c23ab3b
2026-05-13 17:03:47,090 [INFO] Scheduling entity extraction task for node_id=7ee54ac4-bd36-4dbc-a669-089c4abb2405
2026-05-13 17:03:47,100 [INFO] Scheduling entity extraction task for node_id=a1165d79-eff4-421c-a8d6-4f3b520e2d28
2026-05-13 17:03:47,109 [INFO] Scheduling entity extraction task for node_id=26d936a6-7d1a-4615-89ca-6af03f60ae25
2026-05-13 17:03:47,117 [INFO] Scheduling entity extraction task for node_id=336c4aaa-2d31-4143-9ea5-6a2fbe88c254
2026-05-13 17:03:47,125 [INFO] Scheduling entity extraction task for node_id=9dd0f88e-98c8-4268-b764-a0977444d191
2026-05-13 17:03:47,133 [INFO] Scheduling entity extraction task for node_id=dc1344aa-5e0c-4609-af54-45965ebbf2c4
2026-05-13 17:03:47,144 [INFO] Scheduling entity extraction task for node_id=de03b87b-7f2c-4f90-9b7e-c2e978c78f31
2026-05-13 17:03:47,153 [INFO] Scheduling entity extraction task for node_id=b724b0e6-c81d-4293-84bb-38cc605e5c84
2026-05-13 17:03:47,160 [INFO] Scheduling entity extraction task for node_id=671a21c0-501c-423a-903d-53d9d22bbe03
2026-05-13 17:03:47,165 [INFO] Scheduling entity extraction task for node_id=4f904ed7-e8dc-48ae-9e6e-f02b14c5f43d
2026-05-13 17:03:47,171 [INFO] Scheduling entity extraction task for node_id=4272c0e7-a268-44b9-be12-5ba6bcc6845a
2026-05-13 17:03:47,177 [INFO] Scheduling entity extraction task for node_id=f41f656f-a56e-4949-8938-197241054ea4
2026-05-13 17:03:47,233 [INFO] Scheduling entity extraction task for node_id=95fb901c-2cbc-4099-8d30-e3b973e470f6
2026-05-13 17:03:47,241 [INFO] Scheduling entity extraction task for node_id=12017f3d-e3b6-4a48-b3c9-4e4d10fd86c9
2026-05-13 17:03:47,248 [INFO] Scheduling entity extraction task for node_id=d204df22-ce71-4bc6-932b-9443c7323aa9
2026-05-13 17:03:47,255 [INFO] Scheduling entity extraction task for node_id=eb8e30bd-fdeb-419c-9bba-1d70904292c6
2026-05-13 17:03:47,261 [INFO] Scheduling entity extraction task for node_id=e137dc70-bca8-4fbb-be00-08e136478de1
2026-05-13 17:03:47,269 [INFO] Scheduling entity extraction task for node_id=f4a74093-a50a-42ed-9479-70827b2c739d
2026-05-13 17:03:47,274 [INFO] Scheduling entity extraction task for node_id=99f787b3-641e-488c-b799-619d60ce01ab
2026-05-13 17:03:47,282 [INFO] Scheduling entity extraction task for node_id=fa1f21ad-bbaa-4b03-af56-439a43ab62bb
2026-05-13 17:03:47,298 [INFO] Scheduling entity extraction task for node_id=eaa49521-5f0c-4daf-9662-6e28adf9a8be
2026-05-13 17:03:47,304 [INFO] Scheduling entity extraction task for node_id=d59a2b00-622a-423e-af5d-c4ddaf3122d2
2026-05-13 17:03:47,310 [INFO] Scheduling entity extraction task for node_id=ce046bbf-0a25-4917-b67a-8faec429320d
2026-05-13 17:03:47,318 [INFO] Scheduling entity extraction task for node_id=9001e566-19de-4101-bf68-94c214ab858b
2026-05-13 17:03:47,329 [INFO] Scheduling entity extraction task for node_id=689f7d63-a0bf-477a-ac28-6aa8acaddeb9
2026-05-13 17:03:47,337 [INFO] Scheduling entity extraction task for node_id=e084875c-cd50-4a95-9795-446ac0fd7e2c
2026-05-13 17:03:47,344 [INFO] Scheduling entity extraction task for node_id=944467ee-6f66-4908-9eaa-74fb00107b7e
2026-05-13 17:03:47,349 [INFO] Scheduling entity extraction task for node_id=ce6ad78a-7c5b-47c3-9912-8f3c5c7a24c3
2026-05-13 17:03:47,357 [INFO] Scheduling entity extraction task for node_id=0e4a70a6-f5cb-45db-87d5-c8a4c71ecfff
2026-05-13 17:03:47,364 [INFO] Scheduling entity extraction task for node_id=5d60125b-6b9b-46e6-80c4-7670fe5ce5ce
2026-05-13 17:03:47,372 [INFO] Scheduling entity extraction task for node_id=c8fc4107-e59d-4496-8649-4575b03e4eb7
2026-05-13 17:03:47,377 [INFO] Scheduling entity extraction task for node_id=5ac98248-1ce8-44ab-91f1-552ad85809a4
2026-05-13 17:03:47,383 [INFO] Scheduling entity extraction task for node_id=b993c2d2-a497-4398-b389-0098f66090a2
2026-05-13 17:03:47,387 [INFO] Scheduling entity extraction task for node_id=127226c8-b5a8-4302-a2b0-75f48f58145a
2026-05-13 17:03:47,397 [INFO] Scheduling entity extraction task for node_id=d404c2f3-fec1-43f0-95d6-172c6bd173f2
2026-05-13 17:03:47,403 [INFO] Scheduling entity extraction task for node_id=5e001cea-5322-4f02-9019-d544326f4143
2026-05-13 17:03:47,409 [INFO] Scheduling entity extraction task for node_id=6aac53e9-e9dc-40dc-8b2d-94aeadeb73ec
2026-05-13 17:03:47,416 [INFO] Scheduling entity extraction task for node_id=c0a67ee9-a74d-49ea-a900-0ec252eb96c7
2026-05-13 17:03:47,422 [INFO] Scheduling entity extraction task for node_id=69cfbd5e-08a1-42be-aa7c-1d265d995f5f
2026-05-13 17:03:47,429 [INFO] Scheduling entity extraction task for node_id=7376c822-2b99-4140-96cd-f17eff520371
2026-05-13 17:03:47,784 [INFO] Scheduling entity extraction task for node_id=eccd531e-022a-482e-9ceb-872e4c899c69
2026-05-13 17:03:47,794 [INFO] Scheduling entity extraction task for node_id=aee1c905-c3b0-4362-b6d9-a3f287357bf8
2026-05-13 17:03:47,802 [INFO] Scheduling entity extraction task for node_id=5025aa13-ab0d-4591-b49c-6274512ec9f3
2026-05-13 17:03:47,808 [INFO] Scheduling entity extraction task for node_id=6654b801-4b06-4309-bac3-e52e1029467d
2026-05-13 17:03:47,815 [INFO] Scheduling entity extraction task for node_id=bd436764-8d39-4d86-8f5a-b8ac2d2408cf
2026-05-13 17:03:47,824 [INFO] Scheduling entity extraction task for node_id=eee59035-e74d-4d3b-8168-c48ddc78555a
2026-05-13 17:03:47,833 [INFO] Scheduling entity extraction task for node_id=1ff58c9e-46fb-4d2c-bc2a-696c42c9425d
2026-05-13 17:03:47,839 [INFO] Scheduling entity extraction task for node_id=54b27ffc-f7e7-4ee8-92be-e766e5152929
2026-05-13 17:03:47,848 [INFO] Scheduling entity extraction task for node_id=3f456ed3-6ceb-45c7-89d1-79cb4a23f494
2026-05-13 17:03:47,854 [INFO] Scheduling entity extraction task for node_id=c755aa10-f04a-4cec-b29e-23d32df86803
2026-05-13 17:03:47,860 [INFO] Scheduling entity extraction task for node_id=818d2b01-40ea-4ed8-b435-aec38d39010b
2026-05-13 17:03:47,867 [INFO] Scheduling entity extraction task for node_id=3775e710-d9f0-4c4f-b1e0-6c88573f1797
2026-05-13 17:03:47,875 [INFO] Scheduling entity extraction task for node_id=0b9a9c5c-eb82-472b-ae81-f0cfbceef9bd
2026-05-13 17:03:47,883 [INFO] Scheduling entity extraction task for node_id=2292d46d-b01b-465a-a9e0-4af076482caf
2026-05-13 17:03:47,891 [INFO] Scheduling entity extraction task for node_id=1ba0c5ca-af86-4e0f-a9af-ddc658b5271f
2026-05-13 17:03:47,897 [INFO] Scheduling entity extraction task for node_id=3084c82e-e63e-4325-bcb1-04b4022c304a
2026-05-13 17:03:47,904 [INFO] Scheduling entity extraction task for node_id=16affb6a-c129-4e77-ace3-dc5fc7b3ed7e
2026-05-13 17:03:47,912 [INFO] Scheduling entity extraction task for node_id=d42a2b78-c134-4ff8-9bf2-449517212006
2026-05-13 17:03:47,920 [INFO] Scheduling entity extraction task for node_id=f7b5f8a8-4d8a-4edf-b29b-22d391aa8f19
2026-05-13 17:03:47,926 [INFO] Scheduling entity extraction task for node_id=16e78a15-a5b8-4ba3-bf58-6978443243f4
2026-05-13 17:03:47,935 [INFO] Scheduling entity extraction task for node_id=f81aa7f1-61c2-4030-a340-fc4a5c66e15a
2026-05-13 17:03:47,944 [INFO] Scheduling entity extraction task for node_id=e0e81514-e1cf-4a3d-b63f-95a217a39847
2026-05-13 17:03:47,953 [INFO] Scheduling entity extraction task for node_id=d8686e49-5b03-47e2-8f34-54501862aba5
2026-05-13 17:03:47,960 [INFO] Scheduling entity extraction task for node_id=4fc3bdb8-5dd7-4d89-80a5-c4f6d247ec18
2026-05-13 17:03:47,972 [INFO] Scheduling entity extraction task for node_id=6bb177ab-f3a4-4311-9462-bb501b5566c0
2026-05-13 17:03:47,978 [INFO] Scheduling entity extraction task for node_id=53dee408-cb03-4707-8c7e-702d37c96c18
2026-05-13 17:03:47,984 [INFO] Scheduling entity extraction task for node_id=bcd46a5a-a28a-4e9f-826c-e5929a1f403a
2026-05-13 17:03:47,997 [INFO] Scheduling entity extraction task for node_id=e8f15cfa-fe0a-4660-a5b3-f0fef4bfa720
2026-05-13 17:03:48,004 [INFO] Scheduling entity extraction task for node_id=65578ee9-2c11-4bc2-bb98-84e3bc3c573c
2026-05-13 17:03:48,010 [INFO] Scheduling entity extraction task for node_id=a5ce7676-3efd-486c-af25-bad38e57360d
2026-05-13 17:03:48,017 [INFO] Scheduling entity extraction task for node_id=ce36cf95-d722-4adc-9595-5d305c884dff
2026-05-13 17:03:48,025 [INFO] Scheduling entity extraction task for node_id=1b57b665-b289-4402-954d-65a7db0e1443
2026-05-13 17:03:48,032 [INFO] Scheduling entity extraction task for node_id=5ec9f6e9-a14c-4093-b84e-2a52a5887f57
2026-05-13 17:03:48,037 [INFO] Scheduling entity extraction task for node_id=5edacbbb-63b7-4759-a013-d2f0a465e169
2026-05-13 17:03:48,043 [INFO] Scheduling entity extraction task for node_id=cf2032d6-052d-452f-ac1d-ce27ff01d363
2026-05-13 17:03:48,048 [INFO] Scheduling entity extraction task for node_id=df677175-1656-4326-9893-01d389e8aa82
2026-05-13 17:03:48,054 [INFO] Scheduling entity extraction task for node_id=82199ff1-bc72-4396-9b6e-b31a628508c8
2026-05-13 17:03:48,059 [INFO] Scheduling entity extraction task for node_id=9107ecac-8f37-4824-9f1d-b20cdc2a7e67
2026-05-13 17:03:48,068 [INFO] Scheduling entity extraction task for node_id=262ff386-c03d-4611-88dc-2fb6a2b02283
2026-05-13 17:03:48,078 [INFO] Scheduling entity extraction task for node_id=eb24ec6d-f7cc-4d05-ac63-4ca9a5ab2292
2026-05-13 17:03:48,086 [INFO] Scheduling entity extraction task for node_id=caa21362-bae3-4746-b982-679f5c0c09ae
2026-05-13 17:03:48,092 [INFO] Scheduling entity extraction task for node_id=26b58f5a-5229-4f95-a2f1-c4ad26fe6a5a
2026-05-13 17:03:48,096 [INFO] Scheduling entity extraction task for node_id=da0391b8-0cee-4410-92f1-f21f1631be3e
2026-05-13 17:03:48,105 [INFO] Scheduling entity extraction task for node_id=5ff6879c-c46a-40b5-b75f-826ca6a3be6f
2026-05-13 17:03:48,112 [INFO] Scheduling entity extraction task for node_id=3262e254-0f94-4d06-9411-0c450ae1ac79
2026-05-13 17:03:48,118 [INFO] Scheduling entity extraction task for node_id=cdc294e7-595c-4cbb-bdcd-6e66da0d6553
2026-05-13 17:03:48,127 [INFO] Scheduling entity extraction task for node_id=ed96cbe8-dc19-416c-8b2a-e8cc1abada02
2026-05-13 17:03:48,135 [INFO] Scheduling entity extraction task for node_id=d537e55f-d773-4391-a009-fec96da4c917
2026-05-13 17:03:48,142 [INFO] Scheduling entity extraction task for node_id=3e7adc72-ab61-44e7-88a4-bf94a9125be3
2026-05-13 17:03:48,150 [INFO] Scheduling entity extraction task for node_id=be59d0a2-697b-4705-a4ba-325292825a3d
2026-05-13 17:03:48,156 [INFO] Scheduling entity extraction task for node_id=b670fb3f-381d-4cff-8e3e-3e26ffabdfad
2026-05-13 17:03:48,162 [INFO] Scheduling entity extraction task for node_id=dd0e9839-59f0-4c2f-80b3-d62db2b95826
2026-05-13 17:03:48,172 [INFO] Scheduling entity extraction task for node_id=272b3d16-323f-4f94-b09a-9aa2d361c5ae
2026-05-13 17:03:48,180 [INFO] Scheduling entity extraction task for node_id=da9c9493-3710-464b-8577-3df2527d8d44
2026-05-13 17:03:48,186 [INFO] Scheduling entity extraction task for node_id=07eba46c-46eb-4f8d-ae05-e075e7e99928
2026-05-13 17:03:48,192 [INFO] Scheduling entity extraction task for node_id=8bd58a5d-b8d4-4099-9cc2-fad21fa5270d
2026-05-13 17:03:48,198 [INFO] Scheduling entity extraction task for node_id=6e633080-4441-4945-895b-ae74e3edde5a
2026-05-13 17:03:48,204 [INFO] Scheduling entity extraction task for node_id=7bf6d872-ee9a-474c-95c8-dcac59b173c6
2026-05-13 17:03:48,212 [INFO] Scheduling entity extraction task for node_id=b2760b95-6d7d-49a2-b7f6-77c66b6dd8ed
2026-05-13 17:03:48,219 [INFO] Scheduling entity extraction task for node_id=b862888a-2c99-4349-b0d1-79de6f434e20
2026-05-13 17:03:48,224 [INFO] Scheduling entity extraction task for node_id=7dc4f10b-5c70-405e-a8d9-3e5e763ff655
2026-05-13 17:03:48,236 [INFO] Scheduling entity extraction task for node_id=78b80aa4-7dd4-42f5-ae48-1b3b3e772f75
2026-05-13 17:03:48,243 [INFO] Scheduling entity extraction task for node_id=42225011-dc33-42cc-8988-ad0d08c6d39d
2026-05-13 17:03:48,252 [INFO] Scheduling entity extraction task for node_id=4a80dc75-8ea1-4622-a484-caa6cef73968
2026-05-13 17:03:48,260 [INFO] Scheduling entity extraction task for node_id=7fb25a88-cbfd-4f4d-a88e-f39285f67b0b
2026-05-13 17:03:48,267 [INFO] Scheduling entity extraction task for node_id=d486a736-dd25-405c-9215-a266fe261348
2026-05-13 17:03:48,273 [INFO] Scheduling entity extraction task for node_id=512a5686-0075-4d56-b3ba-32385d4d4708
2026-05-13 17:03:48,281 [INFO] Scheduling entity extraction task for node_id=3444ffaa-140e-477f-9ba5-ee36a8ee0119
2026-05-13 17:03:48,289 [INFO] Scheduling entity extraction task for node_id=0480e3ec-bddc-4d00-b6dd-19bb6e167d07
2026-05-13 17:03:48,294 [INFO] Scheduling entity extraction task for node_id=fa3c984a-ea36-4909-833d-ce51373f1a85
2026-05-13 17:03:48,300 [INFO] Scheduling entity extraction task for node_id=06a634e1-50d5-49d6-a83c-7c51d9c02c71
2026-05-13 17:03:48,307 [INFO] Scheduling entity extraction task for node_id=1d0950e7-6b03-45f3-a945-837b80f0964a
2026-05-13 17:03:48,313 [INFO] Scheduling entity extraction task for node_id=4ee9d97f-9301-47b2-b10d-6e7d52d1c33c
2026-05-13 17:03:48,319 [INFO] Scheduling entity extraction task for node_id=9a3cbb12-c95f-4680-bb04-dcd2a2ca3ee7
2026-05-13 17:03:48,325 [INFO] Scheduling entity extraction task for node_id=5be921c0-36c8-4201-8073-4920f478c045
2026-05-13 17:03:48,329 [INFO] Scheduling entity extraction task for node_id=6adfe80d-6040-4c28-85d0-90aa457067a8
2026-05-13 17:03:48,335 [INFO] Scheduling entity extraction task for node_id=8d477432-9169-4de2-aa76-f29d892b0261
2026-05-13 17:03:48,342 [INFO] Scheduling entity extraction task for node_id=bf82ed50-04fc-4cbd-a1cd-fa9916a85d2c
2026-05-13 17:03:48,348 [INFO] Scheduling entity extraction task for node_id=6dc629bf-9096-4821-9a8e-f4f13c006143
2026-05-13 17:03:48,357 [INFO] Scheduling entity extraction task for node_id=120dcc1a-2a4b-44bb-a2a3-dce44c5e2930
2026-05-13 17:03:48,363 [INFO] Scheduling entity extraction task for node_id=d0027448-c0cd-4365-bbc3-6d8ed89f7f3e
2026-05-13 17:03:48,370 [INFO] Scheduling entity extraction task for node_id=0417ce38-87af-45a8-809f-7258c6ae7ab2
2026-05-13 17:03:48,377 [INFO] Scheduling entity extraction task for node_id=0fba6535-b4e5-4cb7-a1ba-69733a0be7e8
2026-05-13 17:03:48,382 [INFO] Scheduling entity extraction task for node_id=78ef2470-8559-47de-9e38-bfc27924946f
2026-05-13 17:03:48,389 [INFO] Scheduling entity extraction task for node_id=0b664b58-73a0-4272-89b1-d888e0b85022
2026-05-13 17:03:48,397 [INFO] Scheduling entity extraction task for node_id=7db8f50e-2fb4-4c00-9895-109d4d9aeeda
2026-05-13 17:03:48,403 [INFO] Scheduling entity extraction task for node_id=6a8f68d3-e9f0-4394-9d0f-2906202096f3
2026-05-13 17:03:48,411 [INFO] Scheduling entity extraction task for node_id=f9c72464-0dff-4ac7-8f62-0183b31fd748
2026-05-13 17:03:48,418 [INFO] Scheduling entity extraction task for node_id=72f4b92a-4ab7-44f5-9f12-030c59149cf5
2026-05-13 17:03:48,427 [INFO] Scheduling entity extraction task for node_id=3cb2ca27-e6b3-4076-9a52-940449c468f0
2026-05-13 17:03:48,435 [INFO] Scheduling entity extraction task for node_id=ffca733b-9afc-47ab-8078-46c26404e7e5
2026-05-13 17:03:48,443 [INFO] Scheduling entity extraction task for node_id=785da295-8350-4a8c-9b51-4c8615c9ba22
2026-05-13 17:03:48,449 [INFO] Scheduling entity extraction task for node_id=d1a3bd74-9aff-42e4-8ff8-eee8560305c4
2026-05-13 17:03:48,456 [INFO] Scheduling entity extraction task for node_id=a1e07c03-a6b1-4582-ada0-76914218fbfa
2026-05-13 17:03:48,463 [INFO] Scheduling entity extraction task for node_id=b622d7b2-ecdc-44d4-bc22-f43e2d066af5
2026-05-13 17:03:48,467 [INFO] Scheduling entity extraction task for node_id=41d1bd6c-f342-492a-953f-181c25901671
2026-05-13 17:03:48,474 [INFO] Scheduling entity extraction task for node_id=27051a97-5d14-4893-be83-a00293fd491b
2026-05-13 17:03:48,481 [INFO] Scheduling entity extraction task for node_id=a439216d-1033-4348-8d8d-7b4b1f50a216
2026-05-13 17:03:48,487 [INFO] Scheduling entity extraction task for node_id=395ad40b-d0cf-4c45-82da-bd0c69ef9ec9
2026-05-13 17:03:48,495 [INFO] Scheduling entity extraction task for node_id=1036f7d4-0c48-4c85-b3a8-4919844aac92
2026-05-13 17:03:48,500 [INFO] Scheduling entity extraction task for node_id=9842d04c-5deb-4a1e-b060-47dca4289c03
2026-05-13 17:03:48,506 [INFO] Scheduling entity extraction task for node_id=05c2e4c0-48aa-4b17-abbd-557d8723a916
2026-05-13 17:03:48,513 [INFO] Scheduling entity extraction task for node_id=9671b5a2-4404-441e-b93c-12e6e414663d
2026-05-13 17:03:48,520 [INFO] Scheduling entity extraction task for node_id=9074e287-274a-49f4-b39b-a429d7c8cf13
2026-05-13 17:03:48,525 [INFO] Scheduling entity extraction task for node_id=35c59d27-6065-4be7-8823-6273f96b02bf
2026-05-13 17:03:48,532 [INFO] Scheduling entity extraction task for node_id=fe91045d-ef1d-4977-911a-c2509d8dc798
2026-05-13 17:03:48,538 [INFO] Scheduling entity extraction task for node_id=335b8781-9101-4dbd-8068-88d53177da79
2026-05-13 17:03:48,545 [INFO] Scheduling entity extraction task for node_id=d6965d45-4c70-4aad-a02f-571c6abc9367
2026-05-13 17:03:48,554 [INFO] Scheduling entity extraction task for node_id=dc648744-d672-4566-bc7a-fd4dc7ce6257
2026-05-13 17:03:48,561 [INFO] Scheduling entity extraction task for node_id=9834c83e-6689-4a91-9425-144d53d4c6f6
2026-05-13 17:03:48,569 [INFO] Scheduling entity extraction task for node_id=20d03d62-5851-4491-a8a5-0e88f9a3c7f9
2026-05-13 17:03:48,575 [INFO] Scheduling entity extraction task for node_id=567a21c3-0e07-44bd-aa3e-e09e7ddcbc75
2026-05-13 17:03:48,582 [INFO] Scheduling entity extraction task for node_id=1a1b3841-0e91-4df5-a6d6-e6c1881eda24
2026-05-13 17:03:48,588 [INFO] Scheduling entity extraction task for node_id=5a296b0f-e00a-4f46-b3d9-450cb34ec59b
2026-05-13 17:03:48,593 [INFO] Scheduling entity extraction task for node_id=abc0d277-e8ea-461e-958c-64cdf284a011
2026-05-13 17:03:48,602 [INFO] Scheduling entity extraction task for node_id=add27510-650f-4f7f-80a0-0100a1bcdd58
2026-05-13 17:03:48,610 [INFO] Scheduling entity extraction task for node_id=13c0a138-6fa1-4472-83cd-aecdbc21045e
2026-05-13 17:03:48,620 [INFO] Scheduling entity extraction task for node_id=f200a214-d33b-4cc5-bb02-68a3a1c23dd7
2026-05-13 17:03:48,629 [INFO] Scheduling entity extraction task for node_id=82d84977-6bfb-4c57-a6fc-7309a5c1a7b8
2026-05-13 17:03:48,637 [INFO] Scheduling entity extraction task for node_id=031a99d2-4470-4998-a5d6-663141cfb965
2026-05-13 17:03:48,645 [INFO] Scheduling entity extraction task for node_id=3e5d3623-dfe7-4d72-9001-047060beed8d
2026-05-13 17:03:48,650 [INFO] Scheduling entity extraction task for node_id=7816dd0a-ab80-496f-8fdc-46a65ff4853e
2026-05-13 17:03:48,656 [INFO] Scheduling entity extraction task for node_id=6e0f6858-3ecc-4ce0-ab4d-7ac47a337649
2026-05-13 17:03:48,665 [INFO] Scheduling entity extraction task for node_id=d799224c-611a-49d1-b42a-54228a463a94
2026-05-13 17:03:48,671 [INFO] Scheduling entity extraction task for node_id=66aad544-fd98-4ea6-ad37-a05c05410b0e
2026-05-13 17:03:48,679 [INFO] Scheduling entity extraction task for node_id=8b243eca-e676-4851-80ec-9d41ceb706b4
2026-05-13 17:03:48,686 [INFO] Scheduling entity extraction task for node_id=7cab9798-205a-42c5-938b-852c15aec8ce
2026-05-13 17:03:48,693 [INFO] Scheduling entity extraction task for node_id=ecaff92d-22a2-494f-9aa0-fb9874885189
2026-05-13 17:03:48,699 [INFO] Scheduling entity extraction task for node_id=eaafe9f4-e7fe-40e9-8cae-81ad91c075b4
2026-05-13 17:03:48,707 [INFO] Scheduling entity extraction task for node_id=c6284aa5-069c-4aa2-8dc5-83b60b5c4bb3
2026-05-13 17:03:48,714 [INFO] Scheduling entity extraction task for node_id=d25d6f06-40a1-467f-9aef-baa24d347733
2026-05-13 17:03:48,721 [INFO] Scheduling entity extraction task for node_id=728963b8-5c56-4f6a-b750-ebb9b50d44d6
2026-05-13 17:03:48,729 [INFO] Scheduling entity extraction task for node_id=e39be85c-64bd-41f5-af24-c68eccdafadf
2026-05-13 17:03:48,736 [INFO] Scheduling entity extraction task for node_id=cf5fdb41-68f3-4ca1-9d77-cb9f45334921
2026-05-13 17:03:48,743 [INFO] Scheduling entity extraction task for node_id=6ab1f847-41f9-457b-8990-8caffa81ce52
2026-05-13 17:03:48,754 [INFO] Scheduling entity extraction task for node_id=876940bc-07c5-4238-9ce8-ca02b8b4de53
2026-05-13 17:03:48,762 [INFO] Scheduling entity extraction task for node_id=6ac5ec1e-1361-4f4b-a98e-1020b38c936d
2026-05-13 17:03:48,770 [INFO] Scheduling entity extraction task for node_id=44e15e26-f11d-49d7-8f78-7047dfdeaa5a
2026-05-13 17:03:48,777 [INFO] Scheduling entity extraction task for node_id=a4c961e2-ca15-4ccb-9c41-6b4c8676c885
2026-05-13 17:03:48,785 [INFO] Scheduling entity extraction task for node_id=7c98d29e-b2e2-451e-8ce1-b861fe4ae308
2026-05-13 17:03:48,791 [INFO] Scheduling entity extraction task for node_id=99b7a453-74df-4f69-a16f-8b23165c024d
2026-05-13 17:03:48,848 [INFO] Scheduling entity extraction task for node_id=788a7161-4fe1-49a1-b9e1-24b16a30b081
2026-05-13 17:03:48,857 [INFO] Scheduling entity extraction task for node_id=93d41feb-bf5f-46b8-8d70-5213a15adeeb
2026-05-13 17:03:48,922 [INFO] Scheduling entity extraction task for node_id=00257a51-a27e-44e3-8582-9442b5497d08
2026-05-13 17:03:48,929 [INFO] Scheduling entity extraction task for node_id=67ee2e7b-d2cc-4766-b1e1-fe2fb1c6d141
2026-05-13 17:03:48,940 [INFO] Scheduling entity extraction task for node_id=291f4f1b-4a32-483d-9470-344c6df08350
2026-05-13 17:03:48,950 [INFO] Scheduling entity extraction task for node_id=88d0a9eb-221f-4205-a522-4ad22dd7488b
2026-05-13 17:03:48,958 [INFO] Scheduling entity extraction task for node_id=b10a5eca-74b0-4a93-bca1-eff90f528370
2026-05-13 17:03:48,968 [INFO] Scheduling entity extraction task for node_id=50842c43-134d-43b7-a5ba-989557ceb6d8
2026-05-13 17:03:48,977 [INFO] Scheduling entity extraction task for node_id=7e59a777-f0b7-40f1-8387-eba1e8362f46
2026-05-13 17:03:48,986 [INFO] Scheduling entity extraction task for node_id=0f57d3ac-ad47-444e-a796-56d4dfb7ad6f
2026-05-13 17:03:48,992 [INFO] Scheduling entity extraction task for node_id=87b3edc6-a32b-4669-88f4-7a09dc2a94e5
2026-05-13 17:03:48,999 [INFO] Scheduling entity extraction task for node_id=d9b56e6b-3192-43af-9612-a8b5efbea37e
2026-05-13 17:03:49,006 [INFO] Scheduling entity extraction task for node_id=00a87a5c-aac6-4fef-9a02-964a837cdbdf
2026-05-13 17:03:49,012 [INFO] Scheduling entity extraction task for node_id=5d683ffe-3318-42ef-82ad-e7d78b42c4a1
2026-05-13 17:03:49,017 [INFO] Scheduling entity extraction task for node_id=df97b5c6-1b14-468e-9bb6-498177b18470
2026-05-13 17:03:49,024 [INFO] Scheduling entity extraction task for node_id=e210afb4-f857-4b6b-8f7f-ceeb0fd9ebfe
2026-05-13 17:03:49,032 [INFO] Scheduling entity extraction task for node_id=a0ad3452-98f2-49dd-a5be-31dbdf826c19
2026-05-13 17:03:49,037 [INFO] Scheduling entity extraction task for node_id=18232c9e-9998-496f-ac75-e4dec4a7753a
2026-05-13 17:03:49,096 [INFO] Scheduling entity extraction task for node_id=8c0ea11e-76eb-490b-961d-0eb5ab811b64
2026-05-13 17:03:49,154 [INFO] Scheduling entity extraction task for node_id=2c5074df-711a-4312-950e-1bf5d7f90144
2026-05-13 17:03:49,161 [INFO] Scheduling entity extraction task for node_id=14a79561-3a0e-4cb6-8283-84fcb26cc9dc
2026-05-13 17:03:49,227 [INFO] Scheduling entity extraction task for node_id=fefe5d7b-66b1-4638-ad2b-55c96235b180
2026-05-13 17:03:49,235 [INFO] Scheduling entity extraction task for node_id=519bbc43-1b10-4b77-b02f-3b97d89b14f6
2026-05-13 17:03:49,243 [INFO] Scheduling entity extraction task for node_id=3f8b243d-6cb0-4b97-88d2-2f5430f0de66
2026-05-13 17:03:49,250 [INFO] Scheduling entity extraction task for node_id=be533e8e-9860-4053-a566-4989c2ca3dc8
2026-05-13 17:03:49,257 [INFO] Scheduling entity extraction task for node_id=b8afc5e5-7572-49bf-aa7e-e5fbe38df08f
2026-05-13 17:03:49,264 [INFO] Scheduling entity extraction task for node_id=12934636-af12-4424-8c57-3b32d389c876
2026-05-13 17:03:49,274 [INFO] Scheduling entity extraction task for node_id=f3f86dc7-c012-4f5e-8776-ae4631ac8aa3
2026-05-13 17:03:49,282 [INFO] Scheduling entity extraction task for node_id=df119df7-ee88-4581-8f92-aa8d4e2212e8
2026-05-13 17:03:49,290 [INFO] Scheduling entity extraction task for node_id=e2213102-3f28-4f45-8264-55e8d4084b5d
2026-05-13 17:03:49,354 [INFO] Scheduling entity extraction task for node_id=1e0867d9-d68f-4c4d-8024-5ef558d99fe2
2026-05-13 17:03:49,360 [INFO] Scheduling entity extraction task for node_id=ca4d094d-16e2-47de-8226-7442f5088821
2026-05-13 17:03:49,367 [INFO] Scheduling entity extraction task for node_id=2f02e2da-f94c-4b09-8db3-c46c96df4d4a
2026-05-13 17:03:49,373 [INFO] Scheduling entity extraction task for node_id=f121f943-4bca-4340-b516-6710699b21fe
2026-05-13 17:03:49,381 [INFO] Scheduling entity extraction task for node_id=7ae2e711-fd61-46c9-ba55-8109ff6c9509
2026-05-13 17:03:49,391 [INFO] Scheduling entity extraction task for node_id=afc9cf63-90ac-4635-a44d-4b70a046571e
2026-05-13 17:03:49,396 [INFO] Scheduling entity extraction task for node_id=dfbd1d5a-94b8-45ad-8ad9-2e88dbd50333
2026-05-13 17:03:49,403 [INFO] Scheduling entity extraction task for node_id=d6b5f039-a0f7-4287-8120-489653d62f81
2026-05-13 17:03:49,409 [INFO] Scheduling entity extraction task for node_id=891d7ddd-2577-4192-8f07-8fb9ccd67653
2026-05-13 17:03:49,417 [INFO] Scheduling entity extraction task for node_id=68ae4550-5c20-46fb-9169-1342ad4889cc
2026-05-13 17:03:49,479 [INFO] Scheduling entity extraction task for node_id=ea81f0dc-76bc-4f84-bb00-f7fe8fb3d120
2026-05-13 17:03:49,487 [INFO] Scheduling entity extraction task for node_id=7544cfa3-834e-4ee7-a9f8-66cd7c8183a6
2026-05-13 17:03:49,496 [INFO] Scheduling entity extraction task for node_id=fb0a3171-7b36-472f-b5d3-762c8e719ba0
2026-05-13 17:03:49,507 [INFO] Scheduling entity extraction task for node_id=b295a812-0508-486f-a19f-6116b81493db
2026-05-13 17:03:49,520 [INFO] Scheduling entity extraction task for node_id=aac50855-2a4c-46be-bf3f-679eb6fdecd6
2026-05-13 17:03:49,528 [INFO] Scheduling entity extraction task for node_id=983b6d37-0dae-474f-a22f-c323d3f2b4b6
2026-05-13 17:03:49,535 [INFO] Scheduling entity extraction task for node_id=1be5a3bb-e89e-4630-87e8-f944f8381689
2026-05-13 17:03:49,556 [INFO] Scheduling entity extraction task for node_id=5e080a80-43c3-43b4-a415-ea4da5b9b8ce
2026-05-13 17:03:49,568 [INFO] Scheduling entity extraction task for node_id=d23a232d-744b-4c01-8647-798d741c22f0
2026-05-13 17:03:49,578 [INFO] Scheduling entity extraction task for node_id=2b2d6e71-6290-4678-8fd7-5ad1e3d4d3d0
2026-05-13 17:03:49,593 [INFO] Scheduling entity extraction task for node_id=4ee39abf-ea45-4877-bc73-4d130e65bfa6
2026-05-13 17:03:49,604 [INFO] Scheduling entity extraction task for node_id=eb5598e0-da9b-4b80-9f24-d0f0877e9e59
2026-05-13 17:03:49,613 [INFO] Scheduling entity extraction task for node_id=21413f7b-146f-4d75-8466-412fc6f36b05
2026-05-13 17:03:49,626 [INFO] Scheduling entity extraction task for node_id=a234e794-37c4-4c0e-b454-6887a8716db7
2026-05-13 17:03:49,637 [INFO] Scheduling entity extraction task for node_id=724183e7-e6f2-4cfd-addb-9c434713be4d
2026-05-13 17:03:49,645 [INFO] Scheduling entity extraction task for node_id=ea812ffb-1bcb-4fb9-849e-96f0eab87acb
2026-05-13 17:03:49,652 [INFO] Scheduling entity extraction task for node_id=68ed4398-4a5a-4c4a-bc41-67e844194650
2026-05-13 17:03:49,660 [INFO] Scheduling entity extraction task for node_id=94b240d0-8d5b-487a-99ce-b4e4c523114a
2026-05-13 17:03:49,665 [INFO] Scheduling entity extraction task for node_id=fb5573b4-69ac-48e0-8c1a-eca0e5f3a775
2026-05-13 17:03:49,671 [INFO] Scheduling entity extraction task for node_id=b66e7a38-9e5d-4039-9fa0-2582292a8d8d
2026-05-13 17:03:49,676 [INFO] Scheduling entity extraction task for node_id=8802ca9c-1f9b-4817-9d2f-dd65ab054d23
2026-05-13 17:03:49,682 [INFO] Scheduling entity extraction task for node_id=c03f2f5b-4093-40ce-871b-b9b222b1b470
2026-05-13 17:03:49,689 [INFO] Scheduling entity extraction task for node_id=a6f99b7e-34f9-4f38-b0ec-863e2a93a1aa
2026-05-13 17:03:49,696 [INFO] Scheduling entity extraction task for node_id=6aeb2989-ea0c-4b82-b325-c076e685172e
2026-05-13 17:03:49,705 [INFO] Scheduling entity extraction task for node_id=0a0ffe10-e5fb-4b0e-b19b-20c24aa967ff
2026-05-13 17:03:49,713 [INFO] Scheduling entity extraction task for node_id=1368b8ec-7c74-4c23-9938-b08e62fd4acc
2026-05-13 17:03:49,719 [INFO] Scheduling entity extraction task for node_id=029c19ae-8f80-49e3-83fa-6b52f92fc226
2026-05-13 17:03:49,724 [INFO] Scheduling entity extraction task for node_id=d610b0fc-10c9-4f1b-a12e-ea8312b17671
2026-05-13 17:03:49,729 [INFO] Scheduling entity extraction task for node_id=28846617-4bfb-4ced-b19e-a04dd8c8058a
2026-05-13 17:03:49,735 [INFO] Scheduling entity extraction task for node_id=c92ae3b4-9bed-49cc-8419-4d1e631779ba
2026-05-13 17:03:49,743 [INFO] Scheduling entity extraction task for node_id=ec250f83-2983-4d39-8e98-28729ede9928
2026-05-13 17:03:49,752 [INFO] Scheduling entity extraction task for node_id=33102999-6098-4338-a07f-ef859550f9a2
2026-05-13 17:03:49,758 [INFO] Scheduling entity extraction task for node_id=481ee9ba-3963-44bd-bd83-e75d82f340a8
2026-05-13 17:03:49,766 [INFO] Scheduling entity extraction task for node_id=1d9d5723-f5a7-4b20-b685-6ec6bc70e8a2
2026-05-13 17:03:49,773 [INFO] Scheduling entity extraction task for node_id=746c7800-f876-4f43-a6ec-04c8e8fc3f06
2026-05-13 17:03:49,781 [INFO] Scheduling entity extraction task for node_id=147982bd-8bc4-473b-8d60-09f9dfda7973
2026-05-13 17:03:49,789 [INFO] Scheduling entity extraction task for node_id=3266f890-aec5-48c7-8360-8f6a21b8cfd7
2026-05-13 17:03:49,796 [INFO] Scheduling entity extraction task for node_id=e97c15cd-c823-40cb-9944-a63e0f9b0259
2026-05-13 17:03:49,804 [INFO] Scheduling entity extraction task for node_id=1581ea6a-730b-4521-b0b7-12ec8b977586
2026-05-13 17:03:49,810 [INFO] Scheduling entity extraction task for node_id=4a1ae0c7-f7bf-4979-b06a-bbe69e053b33
2026-05-13 17:03:49,818 [INFO] Scheduling entity extraction task for node_id=86f13d7f-c31f-442e-bbfe-51ba8c3013eb
2026-05-13 17:03:49,825 [INFO] Scheduling entity extraction task for node_id=bf6a76a2-b67e-4846-b157-00aafd847ad6
2026-05-13 17:03:49,831 [INFO] Scheduling entity extraction task for node_id=bd1f3c49-286b-4e13-9fc9-c22f4717d461
2026-05-13 17:03:49,905 [INFO] Scheduling entity extraction task for node_id=bf228037-2cc9-4c67-ad0b-07248b39e1a2
2026-05-13 17:03:49,917 [INFO] Scheduling entity extraction task for node_id=821b6c13-e00f-4698-b5c7-e119d5b410ac
2026-05-13 17:03:49,928 [INFO] Scheduling entity extraction task for node_id=6d01dab7-4426-4694-b9a8-6b9a9280b41f
2026-05-13 17:03:49,989 [INFO] Scheduling entity extraction task for node_id=7d378c3e-693f-4faa-84b6-040722dcfefe
2026-05-13 17:03:49,998 [INFO] Scheduling entity extraction task for node_id=95c74c62-ea6f-4510-8405-fc21691c4658
2026-05-13 17:03:50,067 [INFO] Scheduling entity extraction task for node_id=dee8ae86-cd8a-4d74-ac2c-22ebfb3ad3aa
2026-05-13 17:03:50,079 [INFO] Scheduling entity extraction task for node_id=8b58abe8-b565-4a2d-9e9d-87bf1638fc71
2026-05-13 17:03:50,146 [INFO] Scheduling entity extraction task for node_id=96832bb2-75e6-4351-92bd-160b111de188
2026-05-13 17:03:50,164 [INFO] Scheduling entity extraction task for node_id=7bbebb6b-fe82-45c2-b2dd-999f6491061d
2026-05-13 17:03:50,171 [INFO] Scheduling entity extraction task for node_id=ad14ae0e-17c9-41c9-95f8-8634b06acaf2
2026-05-13 17:03:50,180 [INFO] Scheduling entity extraction task for node_id=8d5c60f4-051f-4cae-976c-a603151bfbdc
2026-05-13 17:03:50,188 [INFO] Scheduling entity extraction task for node_id=9a5c3257-f603-4c4f-a6e2-4acca541a978
2026-05-13 17:03:50,194 [INFO] Scheduling entity extraction task for node_id=73c7ef06-4934-4a7a-b1fc-cfc76ab9f384
2026-05-13 17:03:50,200 [INFO] Scheduling entity extraction task for node_id=e58c4918-578e-463f-ba0d-12496db9353e
2026-05-13 17:03:50,209 [INFO] Scheduling entity extraction task for node_id=abe0e763-ee8c-4246-ba80-463e664e4086
2026-05-13 17:03:50,216 [INFO] Scheduling entity extraction task for node_id=eb203823-2aad-4bae-9861-af77ffb84696
2026-05-13 17:03:50,222 [INFO] Scheduling entity extraction task for node_id=14c2a305-238b-4884-a070-149e4ad27d8e
2026-05-13 17:03:50,229 [INFO] Scheduling entity extraction task for node_id=70eb8154-05ce-4b0e-964f-f918078d1afd
2026-05-13 17:03:50,235 [INFO] Scheduling entity extraction task for node_id=d4d76d7f-afba-43f3-98e7-f83a7599503a
2026-05-13 17:03:50,241 [INFO] Scheduling entity extraction task for node_id=a3d38277-57da-4b89-abce-d9be550d5f10
2026-05-13 17:03:50,247 [INFO] Scheduling entity extraction task for node_id=b73d9f61-5297-4266-8629-69ae94bad75e
2026-05-13 17:03:50,257 [INFO] Scheduling entity extraction task for node_id=c4aaefe2-bed5-45e0-aacd-09559c8d179b
2026-05-13 17:03:50,261 [INFO] Scheduling entity extraction task for node_id=c62c27b0-43c1-4b92-aa63-104176fc3a28
2026-05-13 17:03:50,267 [INFO] Scheduling entity extraction task for node_id=b2194f09-15ce-4b52-9df7-3fccd0977196
2026-05-13 17:03:50,276 [INFO] Scheduling entity extraction task for node_id=a21fafbe-8c3a-46da-b416-8d879b21f5f3
2026-05-13 17:03:50,283 [INFO] Scheduling entity extraction task for node_id=db9bd884-7c1f-4075-8291-7bbab1bb79e1
2026-05-13 17:03:50,293 [INFO] Scheduling entity extraction task for node_id=b4cbace4-b601-4e6d-b2f3-35946ed191e6
2026-05-13 17:03:50,298 [INFO] Scheduling entity extraction task for node_id=8f786c57-c342-4042-ba7f-a1f8f6ddcdb8
2026-05-13 17:03:50,303 [INFO] Scheduling entity extraction task for node_id=ae3057f8-c9bb-4f05-8a02-a585503e985a
2026-05-13 17:03:50,309 [INFO] Scheduling entity extraction task for node_id=121cb456-ad94-45eb-9b14-cdb7d2b66379
2026-05-13 17:03:50,316 [INFO] Scheduling entity extraction task for node_id=295a1161-481b-421e-9a95-1d69c2ccdf53
2026-05-13 17:03:50,323 [INFO] Scheduling entity extraction task for node_id=844de593-7773-4f4e-ad21-92459f1da330
2026-05-13 17:03:50,328 [INFO] Scheduling entity extraction task for node_id=2956db86-1db3-4b61-9f18-9a9f8b5a7d08
2026-05-13 17:03:50,334 [INFO] Scheduling entity extraction task for node_id=25641e33-2ba8-4cb3-8c81-8c1a36313cd0
2026-05-13 17:03:50,342 [INFO] Scheduling entity extraction task for node_id=648e5f23-ea6c-4593-bc93-7d57e7c95343
2026-05-13 17:03:50,397 [INFO] Scheduling entity extraction task for node_id=e7cc5b08-4446-4d85-a205-09440bf34c6d
2026-05-13 17:03:50,405 [INFO] Scheduling entity extraction task for node_id=e0102b56-ce4a-4680-b3ef-125377e52851
2026-05-13 17:03:50,463 [INFO] Scheduling entity extraction task for node_id=f7a78572-a8c3-420a-b598-37abacd35c01
2026-05-13 17:03:50,471 [INFO] Scheduling entity extraction task for node_id=38341d2b-fc9b-4553-9c32-3a44e4967493
2026-05-13 17:03:50,479 [INFO] Scheduling entity extraction task for node_id=5b14aa9f-2460-4f8a-b385-65e94e734d4a
2026-05-13 17:03:50,488 [INFO] Scheduling entity extraction task for node_id=7c030195-4c9b-441f-b65c-4cad204219c6
2026-05-13 17:03:50,496 [INFO] Scheduling entity extraction task for node_id=c45d219c-e61a-497c-810e-c165831efdd9
2026-05-13 17:03:50,505 [INFO] Scheduling entity extraction task for node_id=b3bea102-7b01-42be-8c9e-75d9de961a16
2026-05-13 17:03:50,512 [INFO] Scheduling entity extraction task for node_id=752d8534-b305-40bc-8c21-9149a84b818f
2026-05-13 17:03:50,522 [INFO] Scheduling entity extraction task for node_id=41a2c9fa-9fd1-4e59-b0f4-24275e8e6d3b
2026-05-13 17:03:50,529 [INFO] Scheduling entity extraction task for node_id=b9c4bbc9-7f5d-439a-8a2b-e0b45c09d625
2026-05-13 17:03:50,537 [INFO] Scheduling entity extraction task for node_id=40e66a4a-da96-4c99-a107-db003090a5b0
2026-05-13 17:03:50,545 [INFO] Scheduling entity extraction task for node_id=5a7b279b-00db-47ae-8694-a3e06c401d49
2026-05-13 17:03:50,550 [INFO] Scheduling entity extraction task for node_id=5bd0621c-d1bb-4a89-aa39-8f1954698bb9
2026-05-13 17:03:50,555 [INFO] Scheduling entity extraction task for node_id=e46745e9-8218-4ad6-af4e-2cb6bbd9b057
2026-05-13 17:03:50,561 [INFO] Scheduling entity extraction task for node_id=0e6e316a-9bd9-47bc-8f70-19fcef8e088c
2026-05-13 17:03:50,571 [INFO] Scheduling entity extraction task for node_id=6ea0f06f-b1cf-435d-a635-5a8fe5e64d61
2026-05-13 17:03:50,577 [INFO] Scheduling entity extraction task for node_id=bc9d62a3-e765-4487-8494-e9263b6ca3ec
2026-05-13 17:03:50,584 [INFO] Scheduling entity extraction task for node_id=372eab39-9495-46c7-8e12-8eaa114cd120
2026-05-13 17:03:50,590 [INFO] Scheduling entity extraction task for node_id=dc9108d9-b18a-4b63-a659-4195e5886169
2026-05-13 17:03:50,595 [INFO] Scheduling entity extraction task for node_id=19f1cd7f-1977-41f5-855a-4545adc51a94
2026-05-13 17:03:50,605 [INFO] Scheduling entity extraction task for node_id=c4a9121c-8c37-48da-8f8a-fa43ace1181e
2026-05-13 17:03:50,613 [INFO] Scheduling entity extraction task for node_id=3502f619-e01f-4878-b224-5e00b4225915
2026-05-13 17:03:50,621 [INFO] Scheduling entity extraction task for node_id=77245afe-fd94-4c35-8acc-a547a5cb1059
2026-05-13 17:03:50,627 [INFO] Scheduling entity extraction task for node_id=1e0bca36-0548-4e40-bddd-c5ca79aaabc2
2026-05-13 17:03:50,635 [INFO] Scheduling entity extraction task for node_id=be1e2032-82e4-43f2-a822-b7b48b7fec28
2026-05-13 17:03:50,641 [INFO] Scheduling entity extraction task for node_id=4de310e0-36b7-4927-bea3-717e849ce2f4
2026-05-13 17:03:50,648 [INFO] Scheduling entity extraction task for node_id=2ae32dcb-4476-451f-8aaa-da898f5d0553
2026-05-13 17:03:50,653 [INFO] Scheduling entity extraction task for node_id=471927fb-0e22-4be6-a5f0-afb4ba6ac748
2026-05-13 17:03:50,659 [INFO] Scheduling entity extraction task for node_id=64022e91-1724-4752-8ae8-b06350584a94
2026-05-13 17:03:50,669 [INFO] Scheduling entity extraction task for node_id=c5d0d816-b703-4be4-9bf8-c53d68a31685
2026-05-13 17:03:50,676 [INFO] Scheduling entity extraction task for node_id=bc830da1-ac7c-4f2c-a5d8-7f524887b96c
2026-05-13 17:03:50,686 [INFO] Scheduling entity extraction task for node_id=a773e318-6b61-435d-9904-5fdce595617d
2026-05-13 17:03:50,694 [INFO] Scheduling entity extraction task for node_id=b0531e00-f37c-44ce-8c19-db6bcd7c6488
2026-05-13 17:03:50,760 [INFO] Scheduling entity extraction task for node_id=3b87d212-569f-4318-ad0e-0e166b9b3901
2026-05-13 17:03:50,767 [INFO] Scheduling entity extraction task for node_id=66f5a420-8ec1-43dc-9a97-efc752a30b9b
2026-05-13 17:03:50,780 [INFO] Scheduling entity extraction task for node_id=4b4fcfaa-0a4a-4744-9b9a-cadc9b230460
2026-05-13 17:03:50,789 [INFO] Scheduling entity extraction task for node_id=b95e92b1-747f-486e-86b6-77b9e99c3221
2026-05-13 17:03:50,796 [INFO] Scheduling entity extraction task for node_id=4d1699c8-f25d-4421-9132-69046e1b60b7
2026-05-13 17:03:50,804 [INFO] Scheduling entity extraction task for node_id=dd1b90b8-3770-41c3-8981-2db07899222e
2026-05-13 17:03:50,811 [INFO] Scheduling entity extraction task for node_id=40e2665e-de96-4b03-9b7e-f3778f9a7d7d
2026-05-13 17:03:50,817 [INFO] Scheduling entity extraction task for node_id=d2d4fe8a-473d-49d9-ba6e-ad79d2bff380
2026-05-13 17:03:50,825 [INFO] Scheduling entity extraction task for node_id=12fbe9e3-971f-41df-b7ca-5cec8824c4c0
2026-05-13 17:03:50,834 [INFO] Scheduling entity extraction task for node_id=58195e6c-f12a-4999-abf7-ef7c567ccf0c
2026-05-13 17:03:50,840 [INFO] Scheduling entity extraction task for node_id=6f973ba8-ddfa-4228-92f6-007a4143bb4e
2026-05-13 17:03:50,847 [INFO] Scheduling entity extraction task for node_id=6292cdfe-7055-4fca-8361-b5c39dec471f
2026-05-13 17:03:50,854 [INFO] Scheduling entity extraction task for node_id=6b0d8063-c32d-43c8-a5cd-ac560eb55199
2026-05-13 17:03:50,861 [INFO] Scheduling entity extraction task for node_id=8546120c-af48-40ba-9ba7-eb373843c281
2026-05-13 17:03:50,869 [INFO] Scheduling entity extraction task for node_id=ab7a71fb-b1db-45ac-a891-14a470020f4a
2026-05-13 17:03:50,877 [INFO] Scheduling entity extraction task for node_id=a15d62ad-3565-472d-bdb5-ba5ecba577f2
2026-05-13 17:03:50,884 [INFO] Scheduling entity extraction task for node_id=972bb19c-db77-4627-90fe-f316f4777886
2026-05-13 17:03:50,889 [INFO] Scheduling entity extraction task for node_id=667ca7ce-9922-4069-b9d3-df44e397179f
2026-05-13 17:03:50,897 [INFO] Scheduling entity extraction task for node_id=7aed13b7-e5f3-43aa-a746-cdb849b37f1a
2026-05-13 17:03:50,905 [INFO] Scheduling entity extraction task for node_id=53571809-609d-4ea4-9953-2f288cfa6c73
2026-05-13 17:03:50,912 [INFO] Scheduling entity extraction task for node_id=285f953c-3661-4f14-8de0-79951319066f
2026-05-13 17:03:50,920 [INFO] Scheduling entity extraction task for node_id=8590d27e-5553-4c93-9c3e-6f3405d242ef
2026-05-13 17:03:50,981 [INFO] Scheduling entity extraction task for node_id=217e6292-3c88-462f-ab46-dfc83d59d45f
2026-05-13 17:03:50,989 [INFO] Scheduling entity extraction task for node_id=084a0641-3470-494d-a99d-037f6fb3321f
2026-05-13 17:03:50,997 [INFO] Scheduling entity extraction task for node_id=cb76e718-bbc9-4453-bb1b-235a06c861df
2026-05-13 17:03:51,005 [INFO] Scheduling entity extraction task for node_id=e1a507c3-6168-4fa8-bb50-7d93f168deec
2026-05-13 17:03:51,068 [INFO] Scheduling entity extraction task for node_id=a97a9682-5cae-48c9-95e4-5ab3a55bff2b
2026-05-13 17:03:51,075 [INFO] Scheduling entity extraction task for node_id=026d70be-ed31-4d64-8475-1e5535781f8c
2026-05-13 17:03:51,083 [INFO] Scheduling entity extraction task for node_id=1c1a7d5a-ed68-4101-a6f8-cd63f55d19e4
2026-05-13 17:03:51,091 [INFO] Scheduling entity extraction task for node_id=e7899c0c-be23-41f6-98d4-a4a11ac37320
2026-05-13 17:03:51,099 [INFO] Scheduling entity extraction task for node_id=e7a1a4fe-e2d3-4564-985e-db4335a4e8a6
2026-05-13 17:03:51,107 [INFO] Scheduling entity extraction task for node_id=1dccfb17-a643-418e-9114-6a05a693da70
2026-05-13 17:03:51,115 [INFO] Scheduling entity extraction task for node_id=6e2028c4-c717-4bea-b6bf-5d329a324369
2026-05-13 17:03:51,124 [INFO] Scheduling entity extraction task for node_id=d1aeddd5-fe60-4fa0-a292-4785945fb2d0
2026-05-13 17:03:51,130 [INFO] Scheduling entity extraction task for node_id=c6a22c13-6650-43e7-822f-4f2abf04949a
2026-05-13 17:03:51,136 [INFO] Scheduling entity extraction task for node_id=1df6884a-303e-462f-b221-8bcf255ae922
2026-05-13 17:03:51,142 [INFO] Scheduling entity extraction task for node_id=1acb7ca5-521b-46e8-acce-6df959236a02
2026-05-13 17:03:51,149 [INFO] Scheduling entity extraction task for node_id=89436bb1-714f-438e-94f2-10331bcc1030
2026-05-13 17:03:51,155 [INFO] Scheduling entity extraction task for node_id=0bf475e3-3507-4cfa-aa70-e131a0a4cb34
2026-05-13 17:03:51,162 [INFO] Scheduling entity extraction task for node_id=83ec962d-3866-4167-bf96-39f2ecfffd83
2026-05-13 17:03:51,171 [INFO] Scheduling entity extraction task for node_id=832eba0e-d3f7-4541-9494-0f8c1329c14d
2026-05-13 17:03:51,178 [INFO] Scheduling entity extraction task for node_id=6914e6b2-3613-430a-a573-142e3b557777
2026-05-13 17:03:51,184 [INFO] Scheduling entity extraction task for node_id=60299603-4483-463a-ae16-f7d4e48e33f1
2026-05-13 17:03:51,192 [INFO] Scheduling entity extraction task for node_id=2c478202-564b-43f5-80ba-9263f1f23d6d
2026-05-13 17:03:51,252 [INFO] Scheduling entity extraction task for node_id=3e015b70-0e95-4a13-a193-7dcc6f6d412a
2026-05-13 17:03:51,258 [INFO] Scheduling entity extraction task for node_id=bd50f4c5-769b-40fc-acb5-b6a7522939fc
2026-05-13 17:03:51,265 [INFO] Scheduling entity extraction task for node_id=5e28d780-2165-4bfc-9b46-8330637c9584
2026-05-13 17:03:51,271 [INFO] Scheduling entity extraction task for node_id=1f5aaa81-966f-41df-9849-8be5efcee7d2
2026-05-13 17:03:51,278 [INFO] Scheduling entity extraction task for node_id=0926bb20-ed09-4e51-9fca-d5dd3a7bd7de
2026-05-13 17:03:51,284 [INFO] Scheduling entity extraction task for node_id=45c58cc8-3bc0-435a-9fdc-194fc3fb6cda
2026-05-13 17:03:51,290 [INFO] Scheduling entity extraction task for node_id=88877c24-62f1-41b1-9151-6c6429ad726a
2026-05-13 17:03:51,298 [INFO] Scheduling entity extraction task for node_id=2c528956-ebd5-42aa-913c-ed3ef3d3b2f8
2026-05-13 17:03:51,304 [INFO] Scheduling entity extraction task for node_id=8fc134ad-6a2b-46d0-a5ff-7033db8c225a
2026-05-13 17:03:51,311 [INFO] Scheduling entity extraction task for node_id=8c642324-dcb7-467e-864e-38738b12a801
2026-05-13 17:03:51,319 [INFO] Scheduling entity extraction task for node_id=4810f880-5ab7-41cc-946d-ac9fda36d58b
2026-05-13 17:03:51,326 [INFO] Scheduling entity extraction task for node_id=a52170a1-339c-416c-9984-f7cc9d4592cd
2026-05-13 17:03:51,383 [INFO] Scheduling entity extraction task for node_id=841d3d3d-a5da-4a47-80b7-edec3fe042d0
2026-05-13 17:03:51,391 [INFO] Scheduling entity extraction task for node_id=4d983d0a-1c0a-4c65-a3f1-12dde14cef95
2026-05-13 17:03:51,399 [INFO] Scheduling entity extraction task for node_id=a1070888-95d2-42aa-b0b5-8b93a593cc9b
2026-05-13 17:03:51,406 [INFO] Scheduling entity extraction task for node_id=406ba1e2-b84d-4f6a-bf25-495498b739f9
2026-05-13 17:03:51,414 [INFO] Scheduling entity extraction task for node_id=0640aca5-9442-4540-b073-112ba97dd595
2026-05-13 17:03:51,419 [INFO] Scheduling entity extraction task for node_id=0e5d796c-46f2-4c67-89d6-0e7f9f8a39d3
2026-05-13 17:03:51,426 [INFO] Scheduling entity extraction task for node_id=24d25f1a-e163-4d09-8030-f3e69bb02b5f
2026-05-13 17:03:51,434 [INFO] Scheduling entity extraction task for node_id=46e38d7b-4c59-4b0b-b2bf-695dbf4dca46
2026-05-13 17:03:51,440 [INFO] Scheduling entity extraction task for node_id=eb3d5e16-e028-40b9-b09c-c4105199fc91
2026-05-13 17:03:51,448 [INFO] Scheduling entity extraction task for node_id=592b5d3e-41b0-40aa-a9a5-c61e1b79ca81
2026-05-13 17:03:51,456 [INFO] Scheduling entity extraction task for node_id=fb9c72a1-8380-4b56-aa76-92c86701316e
2026-05-13 17:03:51,463 [INFO] Scheduling entity extraction task for node_id=ad4d0aae-e8d8-44f9-9a69-e553720a4d30
2026-05-13 17:03:51,471 [INFO] Scheduling entity extraction task for node_id=d673d25c-2a3d-42c9-b3ce-aa456d392337
2026-05-13 17:03:51,530 [INFO] Scheduling entity extraction task for node_id=6325fe10-fedc-4801-b984-71bbf8c31e4a
2026-05-13 17:03:51,535 [INFO] Scheduling entity extraction task for node_id=0de4f9df-2722-4227-be91-4293c7f5bdaa
2026-05-13 17:03:51,543 [INFO] Scheduling entity extraction task for node_id=8ed4c5bd-f28f-4710-8438-c8010135ca1c
2026-05-13 17:03:51,552 [INFO] Scheduling entity extraction task for node_id=46771d3f-d563-4ec7-a74b-991a87cfe87e
2026-05-13 17:03:51,560 [INFO] Scheduling entity extraction task for node_id=35df3b78-4287-4e10-874c-060392dd3e81
2026-05-13 17:03:51,568 [INFO] Scheduling entity extraction task for node_id=fe4d6caa-48d3-4e24-babd-664df2a13ace
2026-05-13 17:03:51,575 [INFO] Scheduling entity extraction task for node_id=548953e3-ef04-441e-9879-ec9d6ab90b25
2026-05-13 17:03:51,583 [INFO] Scheduling entity extraction task for node_id=ed1ac47a-d6e6-46b5-a687-dc9396d75ac7
2026-05-13 17:03:51,591 [INFO] Scheduling entity extraction task for node_id=48aebea6-1137-4097-b257-900c0a23ce42
2026-05-13 17:03:51,598 [INFO] Scheduling entity extraction task for node_id=e65e0f0e-d161-40ee-bb45-6bc633169abf
2026-05-13 17:03:51,608 [INFO] Scheduling entity extraction task for node_id=d8329dc4-7e57-45d2-a438-685d1df19504
2026-05-13 17:03:51,615 [INFO] Scheduling entity extraction task for node_id=d7469d11-d1a5-4ba5-ab98-ef939182c156
2026-05-13 17:03:51,621 [INFO] Scheduling entity extraction task for node_id=50a7e88c-1669-4eda-b817-fa75c6cabac7
2026-05-13 17:03:51,628 [INFO] Scheduling entity extraction task for node_id=270bfccc-cb4f-4835-b975-c56707d8ea8e
2026-05-13 17:03:51,634 [INFO] Scheduling entity extraction task for node_id=602fd158-cead-493c-88b7-35730e54bade
2026-05-13 17:03:51,640 [INFO] Scheduling entity extraction task for node_id=c1ea2368-6526-42da-b287-a8f0652a8451
2026-05-13 17:03:51,646 [INFO] Scheduling entity extraction task for node_id=b69d25f8-9905-42de-bda8-9b87279273b4
2026-05-13 17:03:51,652 [INFO] Scheduling entity extraction task for node_id=84f698f0-4cb5-4a51-bf9a-5c2adb490c78
2026-05-13 17:03:51,657 [INFO] Scheduling entity extraction task for node_id=1c405a54-2b11-4200-869c-07b8675d23a9
2026-05-13 17:03:51,664 [INFO] Scheduling entity extraction task for node_id=d708ff81-505c-43a5-ab93-f1122dcd13e2
2026-05-13 17:03:51,671 [INFO] Scheduling entity extraction task for node_id=5f8bae5e-f6dc-45d4-b96b-3ac9ef6a27c1
2026-05-13 17:03:51,678 [INFO] Scheduling entity extraction task for node_id=2d605a80-e258-4a03-a06f-d5c344da1bd4
2026-05-13 17:03:51,686 [INFO] Scheduling entity extraction task for node_id=d8ca780f-18ed-4058-8297-609005a5f0c6
2026-05-13 17:03:51,695 [INFO] Scheduling entity extraction task for node_id=65f38f60-2fd2-457f-9a76-840c66eedd70
2026-05-13 17:03:51,703 [INFO] Scheduling entity extraction task for node_id=45d12a0a-c5b9-4c72-9024-b60150f8c3ba
2026-05-13 17:03:51,762 [INFO] Scheduling entity extraction task for node_id=46e5c469-518e-4f02-b1d1-00f52c866ef6
2026-05-13 17:03:51,772 [INFO] Scheduling entity extraction task for node_id=92d207e9-337f-40a7-9f8b-d3ab53cdde37
2026-05-13 17:03:51,779 [INFO] Scheduling entity extraction task for node_id=1528e339-22f3-4b3a-aee9-12c8aa742e84
2026-05-13 17:03:51,789 [INFO] Scheduling entity extraction task for node_id=1259cfd5-65e5-49c0-aef1-387c6f16faf4
2026-05-13 17:03:51,800 [INFO] Scheduling entity extraction task for node_id=bc06c344-27ca-4909-9633-f4c4106c711c
2026-05-13 17:03:51,857 [INFO] Scheduling entity extraction task for node_id=64b2f6a7-7171-4ef2-a9ad-b9c7cc329f3b
2026-05-13 17:03:51,865 [INFO] Scheduling entity extraction task for node_id=ebca6de8-f12c-4d40-8165-b722ecbd3365
2026-05-13 17:03:51,872 [INFO] Scheduling entity extraction task for node_id=c235aa2c-9a2a-4497-98e1-4d22c3b1ded7
2026-05-13 17:03:51,878 [INFO] Scheduling entity extraction task for node_id=d9ca6222-d44f-4b59-8ad1-57602f0e05c4
2026-05-13 17:03:51,883 [INFO] Scheduling entity extraction task for node_id=c1d0b6c7-4265-4607-9d8e-ea987495fea8
2026-05-13 17:03:51,890 [INFO] Scheduling entity extraction task for node_id=19e66974-aea1-4a00-a36e-61aba25496a0
2026-05-13 17:03:51,896 [INFO] Scheduling entity extraction task for node_id=c1744c54-1aaa-4604-9da9-c48dd53781e0
2026-05-13 17:03:51,902 [INFO] Scheduling entity extraction task for node_id=ae58b729-d315-41bd-ba32-08f44e124218
2026-05-13 17:03:51,908 [INFO] Scheduling entity extraction task for node_id=fd4019b8-a877-4507-b9b4-a45cf2d96b3d
2026-05-13 17:03:51,913 [INFO] Scheduling entity extraction task for node_id=09ff0a32-185a-4ce9-94ac-f2099be8fe56
2026-05-13 17:03:51,918 [INFO] Scheduling entity extraction task for node_id=42296227-c2f1-4bbe-b155-4a2a93bc0bae
2026-05-13 17:03:51,926 [INFO] Scheduling entity extraction task for node_id=464af7c5-6bdb-473b-9af8-dfc493edd3ea
2026-05-13 17:03:51,931 [INFO] Scheduling entity extraction task for node_id=e7872f22-0fa0-40d4-b132-6d0860da74fe
2026-05-13 17:03:51,937 [INFO] Scheduling entity extraction task for node_id=0a30acfc-ecde-4b90-a469-4168825eba06
2026-05-13 17:03:51,945 [INFO] Scheduling entity extraction task for node_id=5a710e76-6017-4dd0-acad-fffc79b91bbb
2026-05-13 17:03:51,952 [INFO] Scheduling entity extraction task for node_id=4df46606-9c22-462d-93e8-c7f75b95e336
2026-05-13 17:03:51,958 [INFO] Scheduling entity extraction task for node_id=309ec77f-d896-4e0b-8f00-d39ac0731d49
2026-05-13 17:03:51,967 [INFO] Scheduling entity extraction task for node_id=69a3b611-68dc-4cd1-a697-e17f70129560
2026-05-13 17:03:51,973 [INFO] Scheduling entity extraction task for node_id=11738d67-6708-4382-ae22-2a56d4720caa
2026-05-13 17:03:51,981 [INFO] Scheduling entity extraction task for node_id=0fa50422-b09b-460e-b646-cc777872187c
2026-05-13 17:03:51,986 [INFO] Scheduling entity extraction task for node_id=feca26eb-8373-4990-ac87-59ceadf1fbc5
2026-05-13 17:03:51,991 [INFO] Scheduling entity extraction task for node_id=26885402-5d34-4c1e-9090-29f998113eaf
2026-05-13 17:03:51,999 [INFO] Scheduling entity extraction task for node_id=d3dd8185-291c-432f-9233-f8a411379b09
2026-05-13 17:03:52,005 [INFO] Scheduling entity extraction task for node_id=8fef7b03-7793-4310-9345-2c9a54177b45
2026-05-13 17:03:52,063 [INFO] Scheduling entity extraction task for node_id=6db7e110-f3f0-4307-9469-0e57b1a65413
2026-05-13 17:03:52,071 [INFO] Scheduling entity extraction task for node_id=35683ed5-cc45-445b-9f22-ad421d063215
2026-05-13 17:03:52,078 [INFO] Scheduling entity extraction task for node_id=7874478c-0fac-4eb7-9470-ecd4344bd844
2026-05-13 17:03:52,140 [INFO] Scheduling entity extraction task for node_id=1d581d15-47cc-4428-ba63-15761cbc6278
2026-05-13 17:03:52,146 [INFO] Scheduling entity extraction task for node_id=8471a698-b723-4a48-82da-ea161697158d
2026-05-13 17:03:52,152 [INFO] Scheduling entity extraction task for node_id=58aebd66-0ea4-4b9c-87a6-644b8c439857
2026-05-13 17:03:52,162 [INFO] Scheduling entity extraction task for node_id=1045505c-1406-4587-b0b4-ab2ff36a2f7b
2026-05-13 17:03:52,170 [INFO] Scheduling entity extraction task for node_id=00b9d2ab-5b7f-412c-986e-95ed76038c53
2026-05-13 17:03:52,176 [INFO] Scheduling entity extraction task for node_id=791664e5-d8b5-4d88-b58c-7934a6de6628
2026-05-13 17:03:52,182 [INFO] Scheduling entity extraction task for node_id=096b933f-b18e-4b23-a175-ed43561cdb88
2026-05-13 17:03:52,189 [INFO] Scheduling entity extraction task for node_id=05b2ba1e-ee2a-4ff2-b786-fd3c303f3900
2026-05-13 17:03:52,197 [INFO] Scheduling entity extraction task for node_id=f0c17ca0-11b8-4956-b829-a2d08e43e273
2026-05-13 17:03:52,202 [INFO] Scheduling entity extraction task for node_id=33730c2a-64a9-4e40-9748-72eee119a0fc
2026-05-13 17:03:52,208 [INFO] Scheduling entity extraction task for node_id=9bcb67d0-a6c4-4bca-a59f-c1ebe98294ad
2026-05-13 17:03:52,217 [INFO] Scheduling entity extraction task for node_id=a1f15418-02e0-4c83-8cdb-9a53337191bd
2026-05-13 17:03:52,223 [INFO] Scheduling entity extraction task for node_id=edd6268f-105b-4742-b269-a610f801a26c
2026-05-13 17:03:52,227 [INFO] Scheduling entity extraction task for node_id=555bcb1c-e4ce-46ca-8951-b7f76f9287ac
2026-05-13 17:03:52,234 [INFO] Scheduling entity extraction task for node_id=fec0a10b-42d2-4b30-ba1e-54b0b43a4dc4
2026-05-13 17:03:52,239 [INFO] Scheduling entity extraction task for node_id=0887bbb7-e94a-44ee-948f-aabcf7daa4b4
2026-05-13 17:03:52,247 [INFO] Scheduling entity extraction task for node_id=fea29c12-c0fd-40ca-a4a1-a2bf42a3d638
2026-05-13 17:03:52,255 [INFO] Scheduling entity extraction task for node_id=2526e0fb-c493-415c-869b-01481ee9a696
2026-05-13 17:03:52,263 [INFO] Scheduling entity extraction task for node_id=008b0126-e23b-42d2-951f-964725c63767
2026-05-13 17:03:52,269 [INFO] Scheduling entity extraction task for node_id=9f65ba58-8294-4c88-aa20-140ad549fc26
2026-05-13 17:03:52,277 [INFO] Scheduling entity extraction task for node_id=5baeaf93-3976-47c0-987d-ffa73bed0242
2026-05-13 17:03:52,283 [INFO] Scheduling entity extraction task for node_id=2ae7cbb2-1944-44af-8fe5-abc5ad5dcf46
2026-05-13 17:03:52,291 [INFO] Scheduling entity extraction task for node_id=06bc6dd4-b329-47f1-ace5-2b5bb93882ba
2026-05-13 17:03:52,299 [INFO] Scheduling entity extraction task for node_id=1901165b-f75b-4062-b70f-1d2935a8d5dc
2026-05-13 17:03:52,311 [INFO] Scheduling entity extraction task for node_id=404e5a21-60a7-4aa4-a515-10fedab119c6
2026-05-13 17:03:52,317 [INFO] Scheduling entity extraction task for node_id=4d909f7c-d15c-471a-8de5-86934312f526
2026-05-13 17:03:52,324 [INFO] Scheduling entity extraction task for node_id=3bc2dd73-a290-481d-afac-6153736669a3
2026-05-13 17:03:52,329 [INFO] Scheduling entity extraction task for node_id=e17773e1-969f-443e-9a03-6abbcd111237
2026-05-13 17:03:52,336 [INFO] Scheduling entity extraction task for node_id=425c4e54-18bc-4f80-a37a-79bd31f7b151
2026-05-13 17:03:52,341 [INFO] Scheduling entity extraction task for node_id=81a7acf2-1f96-487a-9ed5-9f77f51ace9c
2026-05-13 17:03:52,349 [INFO] Scheduling entity extraction task for node_id=6a9dcb7c-2505-4783-9bc1-9cd82d8f2c52
2026-05-13 17:03:52,354 [INFO] Scheduling entity extraction task for node_id=281555ba-a48d-4d93-a417-2125dcc7eda9
2026-05-13 17:03:52,360 [INFO] Scheduling entity extraction task for node_id=6c82304d-7e7f-476c-a325-73cdd22ed6d6
2026-05-13 17:03:52,366 [INFO] Scheduling entity extraction task for node_id=29c6862f-7dea-442d-beef-2f0e2325fb6e
2026-05-13 17:03:52,373 [INFO] Scheduling entity extraction task for node_id=7cffbd7a-39c9-412d-9749-38d95cb144da
2026-05-13 17:03:52,379 [INFO] Scheduling entity extraction task for node_id=701c64ff-623f-494f-accd-6d7b8c896d5d
2026-05-13 17:03:52,383 [INFO] Scheduling entity extraction task for node_id=4e5851c3-2643-4a78-a6d4-26d5a333e490
2026-05-13 17:03:52,389 [INFO] Scheduling entity extraction task for node_id=945a22d8-33fc-406f-b49a-7b21d7f6aaf4
2026-05-13 17:03:52,395 [INFO] Scheduling entity extraction task for node_id=b59f2bfd-ded3-4513-a861-19202034c6bd
2026-05-13 17:03:52,403 [INFO] Scheduling entity extraction task for node_id=ec522b75-10c0-4279-ae0d-9e90b524b6fc
2026-05-13 17:03:52,410 [INFO] Scheduling entity extraction task for node_id=0ffe3e29-dcb4-4f15-adfe-7c0bbcfb73f8
2026-05-13 17:03:52,415 [INFO] Scheduling entity extraction task for node_id=300c07fb-e207-41d2-9bf6-4d44dae4ea82
2026-05-13 17:03:52,419 [INFO] Scheduling entity extraction task for node_id=4af227cf-4c45-4b71-896a-991141959547
2026-05-13 17:03:52,424 [INFO] Scheduling entity extraction task for node_id=ffd2222b-1948-4299-9f15-752ae8ec50e9
2026-05-13 17:03:52,431 [INFO] Scheduling entity extraction task for node_id=05d8ec64-61c3-4217-8178-e3638f745b9d
2026-05-13 17:03:52,437 [INFO] Scheduling entity extraction task for node_id=8118c4ab-083b-4052-b899-ba19092cbea4
2026-05-13 17:03:52,444 [INFO] Scheduling entity extraction task for node_id=375c5b92-fd6f-4e88-b86d-3ab67160a0f8
2026-05-13 17:03:52,451 [INFO] Scheduling entity extraction task for node_id=56e3fed7-7307-439a-b370-9358e9c5747d
2026-05-13 17:03:52,457 [INFO] Scheduling entity extraction task for node_id=4bde808c-2af6-404e-a464-28a7c73cd712
2026-05-13 17:03:52,461 [INFO] Scheduling entity extraction task for node_id=c02d6199-d710-435d-a779-5838add2cb1c
2026-05-13 17:03:52,468 [INFO] Scheduling entity extraction task for node_id=0b70f4af-e6a9-4ecf-84c2-e24017f9746c
2026-05-13 17:03:52,475 [INFO] Scheduling entity extraction task for node_id=27f2d551-d0a4-4d83-9f08-1d8d68f60901
2026-05-13 17:03:52,481 [INFO] Scheduling entity extraction task for node_id=5ce784dd-2c1b-423a-980e-caee9d44670d
2026-05-13 17:03:52,488 [INFO] Scheduling entity extraction task for node_id=764e8200-94e2-4dff-b9a7-bd15e8c06e26
2026-05-13 17:03:52,494 [INFO] Scheduling entity extraction task for node_id=c54474a1-6ae0-4886-90e8-db1c6dd5579c
2026-05-13 17:03:52,584 [INFO] Scheduling entity extraction task for node_id=0219db60-75de-4925-b5a5-ec1cea83766e
2026-05-13 17:03:52,892 [INFO] Scheduling entity extraction task for node_id=7d50a9f0-bcd2-4da3-abe2-e20125c5b4ca
2026-05-13 17:03:52,951 [INFO] Scheduling entity extraction task for node_id=0e3f415b-2817-44cf-8153-346f884ab972
2026-05-13 17:03:52,959 [INFO] Scheduling entity extraction task for node_id=eb88ecc3-ecb0-4e74-b1b2-9bed7c34cf66
2026-05-13 17:03:52,967 [INFO] Scheduling entity extraction task for node_id=45c020ba-d878-476d-ba27-5eb29946fdfe
2026-05-13 17:03:52,975 [INFO] Scheduling entity extraction task for node_id=dbde89a6-ed33-4de8-bfb4-662d1b8741c2
2026-05-13 17:03:52,982 [INFO] Scheduling entity extraction task for node_id=5119d2ec-53da-487c-9e77-afd117a2111c
2026-05-13 17:03:52,988 [INFO] Scheduling entity extraction task for node_id=834f3f32-bf4c-44e6-be52-57d462629af4
2026-05-13 17:03:52,995 [INFO] Scheduling entity extraction task for node_id=0e847fe4-dcde-40b9-bb3f-d6c1bfa02dae
2026-05-13 17:03:53,000 [INFO] Scheduling entity extraction task for node_id=cfec08ea-6f67-4fee-a3c5-0f955f5cc81b
2026-05-13 17:03:53,008 [INFO] Scheduling entity extraction task for node_id=d780dca9-6dd7-4a81-a933-55e8f72f16a0
2026-05-13 17:03:53,015 [INFO] Scheduling entity extraction task for node_id=ffab794e-1eff-429e-b690-c4e0707cb04e
2026-05-13 17:03:53,021 [INFO] Scheduling entity extraction task for node_id=5947d8cc-1f8b-4966-be59-b7e78f1cd570
2026-05-13 17:03:53,027 [INFO] Scheduling entity extraction task for node_id=60db3499-644e-4340-a643-5e77fdee6982
2026-05-13 17:03:53,033 [INFO] Scheduling entity extraction task for node_id=acb0288a-55e3-4117-85d0-4caf2b1b4e33
2026-05-13 17:03:53,040 [INFO] Scheduling entity extraction task for node_id=8c0db3d1-1b52-44d4-8568-b68a6163b4a6
2026-05-13 17:03:53,048 [INFO] Scheduling entity extraction task for node_id=186fa549-1f41-4924-93fa-0df369694ff1
2026-05-13 17:03:53,055 [INFO] Scheduling entity extraction task for node_id=1fc9e33f-6c2b-48b3-8a46-4e87a18e3202
2026-05-13 17:03:53,115 [INFO] Scheduling entity extraction task for node_id=1b1faf91-a1d0-42e5-a68f-7f6f5aa804d2
2026-05-13 17:03:53,123 [INFO] Scheduling entity extraction task for node_id=2f639fae-65ac-4b2a-b368-600d9daaa9f1
2026-05-13 17:03:53,129 [INFO] Scheduling entity extraction task for node_id=228e0409-1de6-4b4f-a179-68e210567e1f
2026-05-13 17:03:53,136 [INFO] Scheduling entity extraction task for node_id=a67b5bed-cb7e-43cc-8705-850894e37cde
2026-05-13 17:03:53,142 [INFO] Scheduling entity extraction task for node_id=9286cb5a-7b74-41de-89a3-e21a0f5ea905
2026-05-13 17:03:53,150 [INFO] Scheduling entity extraction task for node_id=a6b87d9d-b058-411b-97c6-1fe4360cebfe
2026-05-13 17:03:53,162 [INFO] Scheduling entity extraction task for node_id=3df52d42-e953-4c0c-b1f5-af3b6cfe3d7e
2026-05-13 17:03:53,169 [INFO] Scheduling entity extraction task for node_id=2f2ff248-6a3f-4e57-9764-bf53029bfa26
2026-05-13 17:03:53,177 [INFO] Scheduling entity extraction task for node_id=8c4ba2e8-3625-482c-9143-79d5a0b9e540
2026-05-13 17:03:53,182 [INFO] Scheduling entity extraction task for node_id=262b1d43-79d6-40fb-8377-72c49e17d73e
2026-05-13 17:03:53,190 [INFO] Scheduling entity extraction task for node_id=e184d88f-79d7-47d1-8252-0a0b6c190616
2026-05-13 17:03:53,197 [INFO] Scheduling entity extraction task for node_id=b5175239-2183-47ac-86f9-c187bbfd3f8e
2026-05-13 17:03:53,205 [INFO] Scheduling entity extraction task for node_id=89060b2c-0ac8-4bd9-8425-5e66f546bfd3
2026-05-13 17:03:53,210 [INFO] Scheduling entity extraction task for node_id=4d1094b7-0551-4d0b-b6fb-ad094d5fd20a
2026-05-13 17:03:53,218 [INFO] Scheduling entity extraction task for node_id=dbe50720-73be-4d3b-8a95-dbb318805667
2026-05-13 17:03:53,226 [INFO] Scheduling entity extraction task for node_id=24080286-6f4a-4021-a9f2-41d54d455155
2026-05-13 17:03:53,231 [INFO] Scheduling entity extraction task for node_id=0d6a4c7f-e30c-4eb7-9101-517038e666ca
2026-05-13 17:03:53,289 [INFO] Scheduling entity extraction task for node_id=e68f0f06-42b1-46e6-bcb6-afa7e96e75f7
2026-05-13 17:03:53,297 [INFO] Scheduling entity extraction task for node_id=6ace1a47-3680-47aa-a037-ebba8846ffb7
2026-05-13 17:03:53,304 [INFO] Scheduling entity extraction task for node_id=76737cec-fc55-42c9-b933-7c870368f75b
2026-05-13 17:03:53,310 [INFO] Scheduling entity extraction task for node_id=40dd7dc9-699c-45d0-bfd9-2d1c962790d3
2026-05-13 17:03:53,315 [INFO] Scheduling entity extraction task for node_id=2713a8be-69c4-481f-b341-6caa42fc3306
2026-05-13 17:03:53,321 [INFO] Scheduling entity extraction task for node_id=739ddc0c-73ea-43b2-ae86-1e9a190bf761
2026-05-13 17:03:53,331 [INFO] Scheduling entity extraction task for node_id=4802ba97-d10b-483a-8da3-72ffa29d7a06
2026-05-13 17:03:53,337 [INFO] Scheduling entity extraction task for node_id=55a18bc4-da8e-4505-96da-32d182c70bab
2026-05-13 17:03:53,396 [INFO] Scheduling entity extraction task for node_id=1768a66c-5ca4-485c-beed-5397d9e2d34c
2026-05-13 17:03:53,403 [INFO] Scheduling entity extraction task for node_id=0111d1ad-c97d-475e-bb92-68bc0e3443a5
2026-05-13 17:03:53,426 [INFO] Scheduling entity extraction task for node_id=913ca543-ef47-4dbd-b42c-672f427a9f65
2026-05-13 17:03:53,433 [INFO] Scheduling entity extraction task for node_id=0a73cdfe-26f6-4268-a985-724403d9cf41
2026-05-13 17:03:53,441 [INFO] Scheduling entity extraction task for node_id=4d44fdb2-459b-4412-af17-91d9a3f4769f
2026-05-13 17:03:53,449 [INFO] Scheduling entity extraction task for node_id=130dffa7-00e5-43ad-8db0-e0ee15263757
2026-05-13 17:03:53,457 [INFO] Scheduling entity extraction task for node_id=2bb77494-0d64-4de2-bff3-3eeb76bb8c65
2026-05-13 17:03:53,464 [INFO] Scheduling entity extraction task for node_id=0e117fe7-3d24-4158-8641-2de00fe46032
2026-05-13 17:03:53,470 [INFO] Scheduling entity extraction task for node_id=261e00a2-b209-4b50-bbb9-25ec28ff466d
2026-05-13 17:03:53,476 [INFO] Scheduling entity extraction task for node_id=ad99ac93-0c1a-4cca-9021-c826067a48a7
2026-05-13 17:03:53,483 [INFO] Scheduling entity extraction task for node_id=48f68f64-a5d3-4bcb-82a3-fa2073299537
2026-05-13 17:03:53,491 [INFO] Scheduling entity extraction task for node_id=12c8e5d2-359b-4cbd-b7c1-a48af58d9170
2026-05-13 17:03:53,501 [INFO] Scheduling entity extraction task for node_id=98c718fc-de77-4b34-850d-61bfcfbf5a9c
2026-05-13 17:03:53,507 [INFO] Scheduling entity extraction task for node_id=68885dc4-f1f8-439d-98c1-3f217b8b97ae
2026-05-13 17:03:53,514 [INFO] Scheduling entity extraction task for node_id=d564768c-5229-452f-a2e2-d5ccbd10cb07
2026-05-13 17:03:53,519 [INFO] Scheduling entity extraction task for node_id=a234621b-8ef7-4e42-ab30-98842e33b729
2026-05-13 17:03:53,525 [INFO] Scheduling entity extraction task for node_id=d436bbc3-bf42-45a1-a6dc-087f652b7012
2026-05-13 17:03:53,532 [INFO] Scheduling entity extraction task for node_id=02ca5f9a-c8d4-4bf5-9101-27417fcb1d6e
2026-05-13 17:03:53,538 [INFO] Scheduling entity extraction task for node_id=e2229914-1c17-42ab-b5bf-7fa5bd93c341
2026-05-13 17:03:53,545 [INFO] Scheduling entity extraction task for node_id=32ec5317-0518-4ee5-951e-43c604dcf4bc
2026-05-13 17:03:53,552 [INFO] Scheduling entity extraction task for node_id=a63c7932-b458-4732-9236-077ffbb8ce3e
2026-05-13 17:03:53,560 [INFO] Scheduling entity extraction task for node_id=717d8d42-51e2-44dc-86f0-3a866e121a95
2026-05-13 17:03:53,567 [INFO] Scheduling entity extraction task for node_id=0ccc68ab-aaf9-491c-ba22-2525e1ed13a2
2026-05-13 17:03:53,575 [INFO] Scheduling entity extraction task for node_id=2d5797b5-9d33-46da-8958-74a0dfe6edc4
2026-05-13 17:03:53,585 [INFO] Scheduling entity extraction task for node_id=4c2ab326-ad5f-46bf-bed8-1d9452a15cbe
2026-05-13 17:03:53,592 [INFO] Scheduling entity extraction task for node_id=2e7ad324-0ced-4678-8c6e-460e1f940f09
2026-05-13 17:03:53,598 [INFO] Scheduling entity extraction task for node_id=55cd8517-9fb2-4990-945d-ea2f60b8be34
2026-05-13 17:03:53,605 [INFO] Scheduling entity extraction task for node_id=650e52ff-1a4d-404e-afd2-9bb440cd2a0f
2026-05-13 17:03:53,611 [INFO] Scheduling entity extraction task for node_id=7bbecc7c-f74e-4857-b899-a72cfc70f5d5
2026-05-13 17:03:53,618 [INFO] Scheduling entity extraction task for node_id=52366636-821d-4bd0-bed3-0ecb67b72248
2026-05-13 17:03:53,623 [INFO] Scheduling entity extraction task for node_id=09c3d791-d14b-46b2-8f3a-6c440ab26da0
2026-05-13 17:03:53,631 [INFO] Scheduling entity extraction task for node_id=9e322e03-87f6-4dc2-a1a9-e3eddc4a73ff
2026-05-13 17:03:53,638 [INFO] Scheduling entity extraction task for node_id=a43c7c5d-b077-4c49-b531-27d8716f0a96
2026-05-13 17:03:53,644 [INFO] Scheduling entity extraction task for node_id=adc176b3-613e-420b-a7ee-2c68e00a2cb1
2026-05-13 17:03:53,652 [INFO] Scheduling entity extraction task for node_id=e89654f7-ec60-4584-bdef-acb665c15190
2026-05-13 17:03:53,660 [INFO] Scheduling entity extraction task for node_id=fef77516-b706-41c1-8cf2-3daa38764895
2026-05-13 17:03:53,665 [INFO] Scheduling entity extraction task for node_id=ef78c64b-ba0d-4ab2-af0e-0a8e7a42ac58
2026-05-13 17:03:53,672 [INFO] Scheduling entity extraction task for node_id=a476b056-7d50-4b93-a05f-2a6fe3dcb644
2026-05-13 17:03:53,678 [INFO] Scheduling entity extraction task for node_id=b8693952-cd4d-4620-ba3a-065a0c09cf60
2026-05-13 17:03:53,684 [INFO] Scheduling entity extraction task for node_id=d702cd0a-c49f-48f6-a4c3-8ddff7fb5b6b
2026-05-13 17:03:53,690 [INFO] Scheduling entity extraction task for node_id=eca25209-dbac-40fb-9591-7ac75213a56a
2026-05-13 17:03:53,696 [INFO] Scheduling entity extraction task for node_id=5895091a-10aa-4802-b502-a93cb92f9ebc
2026-05-13 17:03:53,704 [INFO] Scheduling entity extraction task for node_id=c1b5f0f9-4537-4071-aaa6-b08e954ff3ee
2026-05-13 17:03:53,709 [INFO] Scheduling entity extraction task for node_id=c8e1d66c-aae1-4531-b943-d589ae675bc6
2026-05-13 17:03:53,717 [INFO] Scheduling entity extraction task for node_id=23ecb3b4-70e4-4f25-a995-b0da99e91918
2026-05-13 17:03:53,722 [INFO] Scheduling entity extraction task for node_id=b79eaa32-c413-4a47-bf5c-2747e4242017
2026-05-13 17:03:53,748 [INFO] Scheduling entity extraction task for node_id=72d3ad04-7ce4-4bf6-b050-43db0d761eb4
2026-05-13 17:03:53,799 [INFO] Scheduling entity extraction task for node_id=e1283383-9c53-4328-a092-191f27577de2
2026-05-13 17:03:53,807 [INFO] Scheduling entity extraction task for node_id=68a162e6-27f2-4d80-b8c4-a426256ffbcf
2026-05-13 17:03:53,816 [INFO] Scheduling entity extraction task for node_id=a346ee33-84ee-4ff3-ac7a-d98e5c5386a3
2026-05-13 17:03:53,822 [INFO] Scheduling entity extraction task for node_id=cd627265-76e2-47c0-a5bf-265e3f23de62
2026-05-13 17:03:53,829 [INFO] Scheduling entity extraction task for node_id=a5449635-5db7-4c84-92c6-10f224a6a832
2026-05-13 17:03:53,847 [INFO] Scheduling entity extraction task for node_id=8fefeda7-0f6b-4b94-a3cf-4b375556ffc0
2026-05-13 17:03:53,852 [INFO] Scheduling entity extraction task for node_id=2ba40fd7-e404-445a-b64e-e4f5e2359b8c
2026-05-13 17:03:53,859 [INFO] Scheduling entity extraction task for node_id=ca5070af-a2c3-4f7c-a32d-b02ddd47ce81
2026-05-13 17:03:53,918 [INFO] Scheduling entity extraction task for node_id=43591c0d-baad-47f2-aa3e-698adec16b5a
2026-05-13 17:03:53,926 [INFO] Scheduling entity extraction task for node_id=ff949c41-6e3b-43ca-b24e-93b9b5651127
2026-05-13 17:03:53,934 [INFO] Scheduling entity extraction task for node_id=f2b6a636-2c2d-40ea-acf2-a96fad1488f9
2026-05-13 17:03:53,939 [INFO] Scheduling entity extraction task for node_id=202e7a2b-6781-4f3b-8c47-dc9911d3c9a1
2026-05-13 17:03:53,947 [INFO] Scheduling entity extraction task for node_id=c6025670-14bf-49a1-8f99-03c3a6d5f039
2026-05-13 17:03:53,955 [INFO] Scheduling entity extraction task for node_id=4a56b477-716f-45ea-a194-f6825abdc9c2
2026-05-13 17:03:53,963 [INFO] Scheduling entity extraction task for node_id=8f7f5b64-27ab-46e3-8d2b-25afb7fec1ae
2026-05-13 17:03:53,971 [INFO] Scheduling entity extraction task for node_id=11cfa089-46f3-439d-8cc7-67cde79a35ef
2026-05-13 17:03:53,979 [INFO] Scheduling entity extraction task for node_id=21ffcbe8-4c22-46cf-9b96-87b1261c5b08
2026-05-13 17:03:53,983 [INFO] Scheduling entity extraction task for node_id=e97fe9d1-37e1-4100-8286-1903ded92880
2026-05-13 17:03:53,989 [INFO] Scheduling entity extraction task for node_id=1173d5ed-d026-4dff-ba2a-bbfb2b7e16f8
2026-05-13 17:03:53,994 [INFO] Scheduling entity extraction task for node_id=9b99f2d9-ff6e-429c-b44e-68bdc51a8e82
2026-05-13 17:03:54,002 [INFO] Scheduling entity extraction task for node_id=5c8c27d8-828d-4002-ad22-ea42814c2f72
2026-05-13 17:03:54,062 [INFO] Scheduling entity extraction task for node_id=5e9af236-60af-457b-91f7-e4bd37434d1c
2026-05-13 17:03:54,070 [INFO] Scheduling entity extraction task for node_id=c45e6790-eb77-4918-9f46-182cb78ebcff
2026-05-13 17:03:54,078 [INFO] Scheduling entity extraction task for node_id=58c745b3-36ce-421c-96be-11b1cbbe8535
2026-05-13 17:03:54,083 [INFO] Scheduling entity extraction task for node_id=9c86eb77-1c13-4b18-8648-c40025cb6fc7
2026-05-13 17:03:54,092 [INFO] Scheduling entity extraction task for node_id=a66b35bd-0dc9-484c-97a1-88c54c2ee373
2026-05-13 17:03:54,148 [INFO] Scheduling entity extraction task for node_id=37544989-ce3d-41bc-b6fd-d9cf0469ba70
2026-05-13 17:03:54,153 [INFO] Scheduling entity extraction task for node_id=cc13751b-3721-4ef0-bd77-e81ed4136525
2026-05-13 17:03:54,161 [INFO] Scheduling entity extraction task for node_id=5b0a9e7f-2f6b-47b5-800e-3198a8890bf7
2026-05-13 17:03:54,169 [INFO] Scheduling entity extraction task for node_id=a75ae4b1-3238-49a9-a790-0b01a2bbeb9b
2026-05-13 17:03:54,177 [INFO] Scheduling entity extraction task for node_id=8e71d1d4-35f1-423a-bc06-261064dc218b
2026-05-13 17:03:54,185 [INFO] Scheduling entity extraction task for node_id=18436f87-4b14-4d3b-9ec5-0029334e5b69
2026-05-13 17:03:54,193 [INFO] Scheduling entity extraction task for node_id=2b826080-01d3-4ee9-ab00-9f0de49c8d5f
2026-05-13 17:03:54,200 [INFO] Scheduling entity extraction task for node_id=49e83091-bcd1-40bd-b543-53b2dbfa4f7a
2026-05-13 17:03:54,206 [INFO] Scheduling entity extraction task for node_id=ac86124a-6a30-4073-8baa-055972f54845
2026-05-13 17:03:54,227 [INFO] Scheduling entity extraction task for node_id=3a39637f-da9d-4020-ab0e-fe54e281ecd1
2026-05-13 17:03:54,286 [INFO] Scheduling entity extraction task for node_id=76b8525d-9462-47d4-8baf-21d1dde4a1f4
2026-05-13 17:03:54,291 [INFO] Scheduling entity extraction task for node_id=8d192752-0841-454d-b2c4-dd4179c136af
2026-05-13 17:03:54,299 [INFO] Scheduling entity extraction task for node_id=73a32370-3f53-4d9c-a3ad-a9828ace6bcb
2026-05-13 17:03:54,304 [INFO] Scheduling entity extraction task for node_id=85f07a45-c62b-4584-a3c5-707bded660eb
2026-05-13 17:03:54,312 [INFO] Scheduling entity extraction task for node_id=fe12f56a-6fa5-4651-b4e6-d3f324c14a6e
2026-05-13 17:03:54,320 [INFO] Scheduling entity extraction task for node_id=07bb9ebc-72d3-4e70-9610-6b7efeb35e53
2026-05-13 17:03:54,327 [INFO] Scheduling entity extraction task for node_id=b04bc8a8-c93d-4991-b8fe-a57b20904469
2026-05-13 17:03:54,335 [INFO] Scheduling entity extraction task for node_id=b027eea6-3035-4e98-9628-9cd409179618
2026-05-13 17:03:54,339 [INFO] Scheduling entity extraction task for node_id=2457153d-1846-41e5-b307-ac94d1a59d9e
2026-05-13 17:03:54,344 [INFO] Scheduling entity extraction task for node_id=4bbf3314-2bcd-423a-aef6-7d23416ce0cb
2026-05-13 17:03:54,350 [INFO] Scheduling entity extraction task for node_id=5ea21271-3732-4dc7-ad77-0d7e29d9ae27
2026-05-13 17:03:54,358 [INFO] Scheduling entity extraction task for node_id=f3a018f1-cf4b-4d0a-901d-82cbf6e5e1bb
2026-05-13 17:03:54,364 [INFO] Scheduling entity extraction task for node_id=236a6b58-44a7-4354-bb96-13951e851e72
2026-05-13 17:03:54,370 [INFO] Scheduling entity extraction task for node_id=dd155a51-5273-4e2c-8832-4abcfd7e29ae
2026-05-13 17:03:54,377 [INFO] Scheduling entity extraction task for node_id=ff200fa1-bb34-4992-bf18-d2999436cb08
2026-05-13 17:03:54,382 [INFO] Scheduling entity extraction task for node_id=56115be4-4199-4958-918e-431d951e9fce
2026-05-13 17:03:54,390 [INFO] Scheduling entity extraction task for node_id=79034301-3550-462c-9996-95eb0b333512
2026-05-13 17:03:54,397 [INFO] Scheduling entity extraction task for node_id=11bd2d75-dcca-429a-817c-485849c25aad
2026-05-13 17:03:54,401 [INFO] Scheduling entity extraction task for node_id=64492fef-27b8-4606-a24a-aa2455fd778a
2026-05-13 17:03:54,410 [INFO] Scheduling entity extraction task for node_id=45111cb8-64ce-49a0-a453-76471c45a2c8
2026-05-13 17:03:54,418 [INFO] Scheduling entity extraction task for node_id=4ff7a39c-f8f1-4919-a671-41c16b4142a1
2026-05-13 17:03:54,423 [INFO] Scheduling entity extraction task for node_id=e355f63f-8eea-47ee-94f6-db063ad1e5cc
2026-05-13 17:03:54,429 [INFO] Scheduling entity extraction task for node_id=a346c9a7-2202-41cf-8a9e-922145988ed3
2026-05-13 17:03:54,437 [INFO] Scheduling entity extraction task for node_id=9d1b8309-a543-423c-a41a-02f6f0839efb
2026-05-13 17:03:54,444 [INFO] Scheduling entity extraction task for node_id=3a46f2eb-e75d-49be-8af4-e2f4a9748d9a
2026-05-13 17:03:54,452 [INFO] Scheduling entity extraction task for node_id=489233a1-5f3a-4f26-99c6-7187bc816df4
2026-05-13 17:03:54,459 [INFO] Scheduling entity extraction task for node_id=7f060e19-5f03-4f1f-82de-b0e75438db3f
2026-05-13 17:03:54,465 [INFO] Scheduling entity extraction task for node_id=be2fada5-093c-4b94-960b-9515acc8971c
2026-05-13 17:03:54,470 [INFO] Scheduling entity extraction task for node_id=9bddab43-58a3-49f4-907c-914856f0af5e
2026-05-13 17:03:54,477 [INFO] Scheduling entity extraction task for node_id=752acc95-a413-49f5-b564-ff5a99a7cb8f
2026-05-13 17:03:54,492 [INFO] Scheduling entity extraction task for node_id=53ebed3f-28d0-4e1a-8590-febc0bf5240a
2026-05-13 17:03:54,498 [INFO] Scheduling entity extraction task for node_id=593c554a-061d-46ea-9112-7842559b35f7
2026-05-13 17:03:54,505 [INFO] Scheduling entity extraction task for node_id=4e02857f-9d34-4a3a-b08c-9f8584dbfb9c
2026-05-13 17:03:54,513 [INFO] Scheduling entity extraction task for node_id=9903ce22-ded7-4bf6-8bb2-ab8311d8d5f4
2026-05-13 17:03:54,518 [INFO] Scheduling entity extraction task for node_id=83330b37-bb53-4bc5-af5a-f123f4990c42
2026-05-13 17:03:54,526 [INFO] Scheduling entity extraction task for node_id=fbf1e11e-fce9-41b1-a0e2-abee20d59387
2026-05-13 17:03:54,533 [INFO] Scheduling entity extraction task for node_id=f12caa0e-0c62-495a-bbe2-89cffe64518d
2026-05-13 17:03:54,541 [INFO] Scheduling entity extraction task for node_id=494349ac-d7b8-4b51-b4b1-4032a9431626
2026-05-13 17:03:54,546 [INFO] Scheduling entity extraction task for node_id=2eb742cd-4159-4e0e-8956-2a3e779a388b
2026-05-13 17:03:54,552 [INFO] Scheduling entity extraction task for node_id=aa34f991-1bd9-4f10-94cb-da273dda16d9
2026-05-13 17:03:54,558 [INFO] Scheduling entity extraction task for node_id=c265d54a-aab6-4aac-9b81-411e6b38aef4
2026-05-13 17:03:54,564 [INFO] Scheduling entity extraction task for node_id=ea5b3d0b-a6db-4e46-ab9c-9bdb1e79c065
2026-05-13 17:03:54,570 [INFO] Scheduling entity extraction task for node_id=2cc0fa06-002d-45ec-9735-6a226cba67b1
2026-05-13 17:03:54,578 [INFO] Scheduling entity extraction task for node_id=786cb48a-e9f6-4f7d-9844-29d742d661f4
2026-05-13 17:03:54,586 [INFO] Scheduling entity extraction task for node_id=2ebf749e-49fe-44c4-98eb-69a196da1078
2026-05-13 17:03:54,591 [INFO] Scheduling entity extraction task for node_id=521857f7-bab4-4c55-bb7a-c647afc355d1
2026-05-13 17:03:54,597 [INFO] Scheduling entity extraction task for node_id=70d7742f-d710-4969-9d49-51e0f769eebe
2026-05-13 17:03:54,603 [INFO] Scheduling entity extraction task for node_id=abf9e5fe-cc2c-48d1-bfb2-c8306e1a253d
2026-05-13 17:03:54,611 [INFO] Scheduling entity extraction task for node_id=597236f1-7528-47c8-943e-ec806fb35151
2026-05-13 17:03:54,616 [INFO] Scheduling entity extraction task for node_id=c2e2bc88-4d71-483b-8889-275f2583ce5f
2026-05-13 17:03:54,621 [INFO] Scheduling entity extraction task for node_id=e62338fb-91f8-4386-80b1-20ca4723941d
2026-05-13 17:03:54,627 [INFO] Scheduling entity extraction task for node_id=9c3564af-4b51-4c62-b28b-cb632ee9452d
2026-05-13 17:03:54,634 [INFO] Scheduling entity extraction task for node_id=4897c778-1a16-4be7-9eb8-ea60bbbeb038
2026-05-13 17:03:54,640 [INFO] Scheduling entity extraction task for node_id=49b21967-73f9-4546-b9c9-1f8ec6f1e589
2026-05-13 17:03:54,646 [INFO] Scheduling entity extraction task for node_id=bf74cb47-4746-4d83-aa3b-f8cb218c5c78
2026-05-13 17:03:54,652 [INFO] Scheduling entity extraction task for node_id=cbab5927-1ddf-4dce-85e0-d6d7b5c4af8c
2026-05-13 17:03:54,665 [INFO] Scheduling entity extraction task for node_id=a3db34c0-11ce-4cbb-a4f7-4ec3875414ea
2026-05-13 17:03:54,673 [INFO] Scheduling entity extraction task for node_id=ab7d6666-53a6-49a5-9682-03d267213ac0
2026-05-13 17:03:54,680 [INFO] Scheduling entity extraction task for node_id=6e064bdd-c4a0-4216-a8c9-d16bcee101d7
2026-05-13 17:03:54,685 [INFO] Scheduling entity extraction task for node_id=d406591e-acae-4308-80a4-f31762e0cb51
2026-05-13 17:03:54,692 [INFO] Scheduling entity extraction task for node_id=204d211f-df91-4b53-b27c-100853e1fce8
2026-05-13 17:03:54,700 [INFO] Scheduling entity extraction task for node_id=03c72ec8-0edc-40f4-890c-f506e43e496b
2026-05-13 17:03:54,705 [INFO] Scheduling entity extraction task for node_id=8abf002e-267d-497a-88f0-74f2a51af81a
2026-05-13 17:03:54,712 [INFO] Scheduling entity extraction task for node_id=a0c0101c-d7c5-418d-8a06-9991fa4dfa34
2026-05-13 17:03:54,717 [INFO] Scheduling entity extraction task for node_id=ab49a51c-71fc-4022-9819-1593d80d3230
2026-05-13 17:03:54,725 [INFO] Scheduling entity extraction task for node_id=e44aac44-e97f-4088-8b07-6d1561af510c
2026-05-13 17:03:54,731 [INFO] Scheduling entity extraction task for node_id=b80868f7-4d11-4e4d-a980-8c1e713f436e
2026-05-13 17:03:54,738 [INFO] Scheduling entity extraction task for node_id=985afcfe-5b33-4c09-90a1-19e3cef9d509
2026-05-13 17:03:54,746 [INFO] Scheduling entity extraction task for node_id=4189e839-b75e-4391-95ff-0b4323870a9c
2026-05-13 17:03:54,753 [INFO] Scheduling entity extraction task for node_id=019fd6bf-7ba0-4e51-b283-2bd3ae9b2bc0
2026-05-13 17:03:54,761 [INFO] Scheduling entity extraction task for node_id=4158c395-ca6a-4678-a9fd-370c5357e40b
2026-05-13 17:03:54,767 [INFO] Scheduling entity extraction task for node_id=e295746b-f908-4e3a-bf90-5fc24632e32a
2026-05-13 17:03:54,774 [INFO] Scheduling entity extraction task for node_id=09e7b859-8c2e-412c-9b90-82bee7ef8c17
2026-05-13 17:03:54,781 [INFO] Scheduling entity extraction task for node_id=97764c85-bb8e-45b0-8426-1194c2adbc69
2026-05-13 17:03:54,790 [INFO] Scheduling entity extraction task for node_id=e2304d1c-74e4-4d4f-9a88-8124db9630c2
2026-05-13 17:03:54,798 [INFO] Scheduling entity extraction task for node_id=4e1d7bc0-5eec-4455-a5e3-4c4c57c3a24a
2026-05-13 17:03:54,806 [INFO] Scheduling entity extraction task for node_id=cce35bc4-deca-439c-85c5-389053a149c0
2026-05-13 17:03:54,814 [INFO] Scheduling entity extraction task for node_id=be379285-d3e5-461a-8c4b-8d0362c0caa7
2026-05-13 17:03:54,823 [INFO] Scheduling entity extraction task for node_id=b4e5b385-0cd9-493a-bcf9-bdf19c3bc81a
2026-05-13 17:03:54,829 [INFO] Scheduling entity extraction task for node_id=0a360771-ee7a-42e2-a134-d10ed68abb67
2026-05-13 17:03:54,837 [INFO] Scheduling entity extraction task for node_id=0634cad3-081a-4302-bc06-5058fd4bfad9
2026-05-13 17:03:54,844 [INFO] Scheduling entity extraction task for node_id=6b9c6c0d-cb47-41cd-ab24-8ca0508e329d
2026-05-13 17:03:54,902 [INFO] Scheduling entity extraction task for node_id=f40eca30-b1ca-498c-8635-2d1afd7b856f
2026-05-13 17:03:54,908 [INFO] Scheduling entity extraction task for node_id=f40e5f59-1d98-4820-b812-e3f2ebbb68f2
2026-05-13 17:03:54,915 [INFO] Scheduling entity extraction task for node_id=597e4c72-11af-46e1-8778-896f49bce1f1
2026-05-13 17:03:54,923 [INFO] Scheduling entity extraction task for node_id=25849aed-55bc-4044-ab0d-abffde6938ab
2026-05-13 17:03:54,931 [INFO] Scheduling entity extraction task for node_id=9ead05cc-7acf-4e53-b10e-1c0476a59ba9
2026-05-13 17:03:54,939 [INFO] Scheduling entity extraction task for node_id=50c63d0f-b427-4563-8ebb-35b8de144d32
2026-05-13 17:03:54,947 [INFO] Scheduling entity extraction task for node_id=11d95c94-a1c2-48f3-bdff-690260cc074a
2026-05-13 17:03:54,955 [INFO] Scheduling entity extraction task for node_id=9bf25784-f0dc-4d8e-bb4a-b7432327f7eb
2026-05-13 17:03:54,963 [INFO] Scheduling entity extraction task for node_id=b629f35d-1322-444d-974e-3bb2bd803ac6
2026-05-13 17:03:54,971 [INFO] Scheduling entity extraction task for node_id=03ef334d-a3ec-4147-b771-7ecb67c96522
2026-05-13 17:03:54,979 [INFO] Scheduling entity extraction task for node_id=17980b48-b72f-42a0-ab9e-0623050d727b
2026-05-13 17:03:54,986 [INFO] Scheduling entity extraction task for node_id=66945d4f-a26c-48c3-8218-88ec9dacc911
2026-05-13 17:03:54,992 [INFO] Scheduling entity extraction task for node_id=ca988817-6bdf-48fa-8166-606741bdd125
2026-05-13 17:03:54,997 [INFO] Scheduling entity extraction task for node_id=06846ce6-cc7a-49b0-86df-32e0af44c5f3
2026-05-13 17:03:55,007 [INFO] Scheduling entity extraction task for node_id=bb4642d9-dce3-4834-bfcd-b76fcdc7a7ba
2026-05-13 17:03:55,012 [INFO] Scheduling entity extraction task for node_id=f1d8706b-27b4-4ebb-8787-10241027d1ce
2026-05-13 17:03:55,018 [INFO] Scheduling entity extraction task for node_id=a07d7da3-134c-4e7b-a83c-adc56666e1c1
2026-05-13 17:03:55,026 [INFO] Scheduling entity extraction task for node_id=ab69c353-2e59-488f-905e-403fc9f8d801
2026-05-13 17:03:55,032 [INFO] Scheduling entity extraction task for node_id=3c6bc1ba-d056-46b4-9666-4175618ee64b
2026-05-13 17:03:55,089 [INFO] Scheduling entity extraction task for node_id=afe5132f-dca6-45e9-ad22-9d1981640680
2026-05-13 17:03:55,099 [INFO] Scheduling entity extraction task for node_id=85f77e0b-7a51-439d-b35f-04f0cbbf23e3
2026-05-13 17:03:55,106 [INFO] Scheduling entity extraction task for node_id=2d7fd476-56ee-4e92-ac4c-bf55b806f67c
2026-05-13 17:03:55,115 [INFO] Scheduling entity extraction task for node_id=d34fbaa5-6c02-432c-b3e1-17e1ef3c4e71
2026-05-13 17:03:55,125 [INFO] Scheduling entity extraction task for node_id=99b5aa2a-7e33-41d0-87e9-5b6754084d48
2026-05-13 17:03:55,133 [INFO] Scheduling entity extraction task for node_id=977780dd-8f3a-4abc-95cb-a332bbd8ac33
2026-05-13 17:03:55,141 [INFO] Scheduling entity extraction task for node_id=59e166ce-2daa-4cb8-be47-160d749497fb
2026-05-13 17:03:55,148 [INFO] Scheduling entity extraction task for node_id=e5d79834-ff64-4233-8843-2c90868ef355
2026-05-13 17:03:55,156 [INFO] Scheduling entity extraction task for node_id=98d0a490-4420-4d48-9529-421cb7dadb04
2026-05-13 17:03:55,161 [INFO] Scheduling entity extraction task for node_id=7f9abaff-4be1-4578-85e0-c0df802c3db2
2026-05-13 17:03:55,167 [INFO] Scheduling entity extraction task for node_id=eb0bfb17-bb87-45e4-a4a2-cb7b9e503b3e
2026-05-13 17:03:55,178 [INFO] Scheduling entity extraction task for node_id=1d613540-5736-4055-b6a9-42c3ea8acca5
2026-05-13 17:03:55,186 [INFO] Scheduling entity extraction task for node_id=bcff9c80-de1b-4a33-8820-951b52aef114
2026-05-13 17:03:55,192 [INFO] Scheduling entity extraction task for node_id=adfdb154-b26a-4e10-a8f0-9d43fea997b3
2026-05-13 17:03:55,199 [INFO] Scheduling entity extraction task for node_id=7d3fd27f-45fb-45ea-b4a0-6d5f417a4c65
2026-05-13 17:03:55,205 [INFO] Scheduling entity extraction task for node_id=303c92c3-1534-41ed-8175-0d74952266c4
2026-05-13 17:03:55,212 [INFO] Scheduling entity extraction task for node_id=5770feba-3428-41c8-a31a-7b6dc3250698
2026-05-13 17:03:55,218 [INFO] Scheduling entity extraction task for node_id=df7acb56-a47f-4854-9b37-cfdd50c68cf4
2026-05-13 17:03:55,227 [INFO] Scheduling entity extraction task for node_id=1488f1bc-d081-442b-9508-facebae1deeb
2026-05-13 17:03:55,237 [INFO] Scheduling entity extraction task for node_id=7f8a8c11-ca75-489e-b4f1-f7a5fe1eeb93
2026-05-13 17:03:55,244 [INFO] Scheduling entity extraction task for node_id=abf9db46-9610-4be9-a40c-3a2ac2d47965
2026-05-13 17:03:55,252 [INFO] Scheduling entity extraction task for node_id=679d0661-01c3-47e5-9c09-c200ceeda81b
2026-05-13 17:03:55,260 [INFO] Scheduling entity extraction task for node_id=854e9434-3b85-4874-88ca-6119abde99f4
2026-05-13 17:03:55,265 [INFO] Scheduling entity extraction task for node_id=550b8f1a-77b9-4150-b40c-82af07b825a9
2026-05-13 17:03:55,273 [INFO] Scheduling entity extraction task for node_id=df2a675a-49ec-4158-8ce2-31aaf4ef0681
2026-05-13 17:03:55,281 [INFO] Scheduling entity extraction task for node_id=a5d330b9-3c34-4e78-b18d-ab1a0c1e3483
2026-05-13 17:03:55,287 [INFO] Scheduling entity extraction task for node_id=f36b5d8b-3b43-47bc-8888-2ad34d793d91
2026-05-13 17:03:55,293 [INFO] Scheduling entity extraction task for node_id=698ee86f-73b7-4fcd-8a1f-5e94359358ff
2026-05-13 17:03:55,300 [INFO] Scheduling entity extraction task for node_id=a4dbe89b-35fc-4bfe-8aa2-0ef5530e583f
2026-05-13 17:03:55,311 [INFO] Scheduling entity extraction task for node_id=0077fcd5-da31-497c-9816-625421efe677
2026-05-13 17:03:55,317 [INFO] Scheduling entity extraction task for node_id=edea6f07-8ff7-4853-ad0d-74255d5127ad
2026-05-13 17:03:55,322 [INFO] Scheduling entity extraction task for node_id=dba1842c-a4f3-4b42-8499-7a1a183c466e
2026-05-13 17:03:55,329 [INFO] Scheduling entity extraction task for node_id=32843650-92ce-4877-81d2-c62610a7756d
2026-05-13 17:03:55,334 [INFO] Scheduling entity extraction task for node_id=9350632f-b740-4f46-9110-8ff6236894fd
2026-05-13 17:03:55,342 [INFO] Scheduling entity extraction task for node_id=2e45edde-94ac-4061-bd33-83f3b6cbb407
2026-05-13 17:03:55,348 [INFO] Scheduling entity extraction task for node_id=55563de7-7e2f-4b46-ace0-eb4652bdb36c
2026-05-13 17:03:55,355 [INFO] Scheduling entity extraction task for node_id=54efca0d-8b5a-43a4-8c79-3137824fb984
2026-05-13 17:03:55,361 [INFO] Scheduling entity extraction task for node_id=d9cc4ee0-8ff8-4f23-b820-2eacbf59fa10
2026-05-13 17:03:55,368 [INFO] Scheduling entity extraction task for node_id=e5f9a2a6-372b-4215-b14b-67101842d338
2026-05-13 17:03:55,374 [INFO] Scheduling entity extraction task for node_id=c913d753-1602-4006-b62b-e56f74afe8c9
2026-05-13 17:03:55,380 [INFO] Scheduling entity extraction task for node_id=9a52ee66-5d4b-40ef-a4d3-ed021b05a76b
2026-05-13 17:03:55,386 [INFO] Scheduling entity extraction task for node_id=6a32b752-2577-43be-845a-60b2e4c3e7a7
2026-05-13 17:03:55,392 [INFO] Scheduling entity extraction task for node_id=bc6cddf5-1252-4a99-b2ff-1d63775bc786
2026-05-13 17:03:55,399 [INFO] Scheduling entity extraction task for node_id=22437fb1-937f-4d08-9936-6d72fa641d82
2026-05-13 17:03:55,406 [INFO] Scheduling entity extraction task for node_id=cf302520-d084-4d79-aded-a2f9ac595dde
2026-05-13 17:03:55,415 [INFO] Scheduling entity extraction task for node_id=34a27d75-d0b4-4cc2-9305-c31cf37d0d07
2026-05-13 17:03:55,421 [INFO] Scheduling entity extraction task for node_id=0c283a45-189f-487e-b564-c8f9cb2e2732
2026-05-13 17:03:55,428 [INFO] Scheduling entity extraction task for node_id=f9a4418a-3313-47b2-ac06-903c5cd1254b
2026-05-13 17:03:55,434 [INFO] Scheduling entity extraction task for node_id=c038b0f2-5904-433b-a484-913e956a3940
2026-05-13 17:03:55,440 [INFO] Scheduling entity extraction task for node_id=a9b3e3d5-c403-441e-a54c-77adc45b68be
2026-05-13 17:03:55,447 [INFO] Scheduling entity extraction task for node_id=7ab460ae-6198-4556-b989-6dc9388a5d08
2026-05-13 17:03:55,453 [INFO] Scheduling entity extraction task for node_id=eb9cbe23-6785-4e27-b32d-2d789ba1f2c8
2026-05-13 17:03:55,458 [INFO] Scheduling entity extraction task for node_id=01db3a4f-6fdd-40dc-940f-2632e336601c
2026-05-13 17:03:55,463 [INFO] Scheduling entity extraction task for node_id=cc689ea2-fb25-4555-b04b-8e963411708b
2026-05-13 17:03:55,470 [INFO] Scheduling entity extraction task for node_id=7d7dcfea-6363-4b8c-8617-b6381b99c602
2026-05-13 17:03:55,477 [INFO] Scheduling entity extraction task for node_id=9ceaf0b3-dcdf-4cc1-98e4-96554362fa9c
2026-05-13 17:03:55,484 [INFO] Scheduling entity extraction task for node_id=fc22e3ae-8b4c-4c8e-aa8f-481cec3396bb
2026-05-13 17:03:55,492 [INFO] Scheduling entity extraction task for node_id=171f2f26-37d6-43dc-aae0-e3377dfcca32
2026-05-13 17:03:55,497 [INFO] Scheduling entity extraction task for node_id=9b9e406b-e659-4938-b2ed-2b42af237962
2026-05-13 17:03:55,505 [INFO] Scheduling entity extraction task for node_id=193e2b38-99b8-47cb-ba6f-f95a4f921fda
2026-05-13 17:03:55,510 [INFO] Scheduling entity extraction task for node_id=117c7b00-0dea-49a6-a51d-d88d44a0fe2e
2026-05-13 17:03:55,516 [INFO] Scheduling entity extraction task for node_id=fd0cb7de-4a00-4412-9c23-ac462365b8ef
2026-05-13 17:03:55,521 [INFO] Scheduling entity extraction task for node_id=e8a1708d-4b76-4538-83f3-b3dd3df46727
2026-05-13 17:03:55,529 [INFO] Scheduling entity extraction task for node_id=f6eacaa1-a856-4e48-b75a-2668689983a4
2026-05-13 17:03:55,533 [INFO] Scheduling entity extraction task for node_id=d271a210-a026-4766-84b2-896f0dbac5b4
2026-05-13 17:03:55,541 [INFO] Scheduling entity extraction task for node_id=7a42b91b-39d3-4a7e-9a3b-32cc1aadd82d
2026-05-13 17:03:55,548 [INFO] Scheduling entity extraction task for node_id=5733bbde-dd79-4a69-9aa1-cf602d58612a
2026-05-13 17:03:55,555 [INFO] Scheduling entity extraction task for node_id=3817f1ea-d855-41f1-bc09-0581c65dbe47
2026-05-13 17:03:55,560 [INFO] Scheduling entity extraction task for node_id=a3653a2d-ab98-496a-b026-a9921be726e5
2026-05-13 17:03:55,565 [INFO] Scheduling entity extraction task for node_id=5db20a21-6cc7-49e4-bf3c-3609a4d739ab
2026-05-13 17:03:55,573 [INFO] Scheduling entity extraction task for node_id=22765f1a-feb7-4bdf-befa-ce453f04c025
2026-05-13 17:03:55,581 [INFO] Scheduling entity extraction task for node_id=1d842043-e30a-4cbc-9108-739d46f1c706
2026-05-13 17:03:55,588 [INFO] Scheduling entity extraction task for node_id=2735af76-807d-497a-bc78-1b66388f2402
2026-05-13 17:03:55,594 [INFO] Scheduling entity extraction task for node_id=1800615b-bc08-4851-96c5-f322ace1cb14
2026-05-13 17:03:55,602 [INFO] Scheduling entity extraction task for node_id=6ab9f553-b7c3-441f-a068-934656198493
2026-05-13 17:03:55,608 [INFO] Scheduling entity extraction task for node_id=c8c44383-d18c-4770-88af-dfea822e3e48
2026-05-13 17:03:55,614 [INFO] Scheduling entity extraction task for node_id=87fae38d-6544-4d8b-a2c8-8991f7c5d8b2
2026-05-13 17:03:55,620 [INFO] Scheduling entity extraction task for node_id=4055ba4c-c001-4103-87f9-9ef6e45a549d
2026-05-13 17:03:55,625 [INFO] Scheduling entity extraction task for node_id=a5244b5a-c778-4c78-9a52-ddf1bc15add4
2026-05-13 17:03:55,635 [INFO] Scheduling entity extraction task for node_id=dff62a8e-d39e-4c59-b2e7-089cf4d501e8
2026-05-13 17:03:55,645 [INFO] Scheduling entity extraction task for node_id=f371466f-ba49-4e5d-abc4-d4e9f91b23e4
2026-05-13 17:03:55,653 [INFO] Scheduling entity extraction task for node_id=8260eea2-5ed5-4d6c-850b-16cf1923ed73
2026-05-13 17:03:55,661 [INFO] Scheduling entity extraction task for node_id=e1feadfa-4255-49bc-8688-8393f8ba9e5f
2026-05-13 17:03:55,665 [INFO] Scheduling entity extraction task for node_id=a52e9d21-e68f-43a3-8bd9-d557468b9f7a
2026-05-13 17:03:55,671 [INFO] Scheduling entity extraction task for node_id=cc27a69a-e695-4a95-ae79-02c6f0046cbe
2026-05-13 17:03:55,679 [INFO] Scheduling entity extraction task for node_id=4b745231-1d86-432b-ab67-c0d40a4a7bbd
2026-05-13 17:03:55,685 [INFO] Scheduling entity extraction task for node_id=b89431fc-d61c-4768-bfe3-832428a8db38
2026-05-13 17:03:55,692 [INFO] Scheduling entity extraction task for node_id=c5f795fb-f852-4837-9da3-6e02b3f24ef5
2026-05-13 17:03:55,703 [INFO] Scheduling entity extraction task for node_id=d21b7846-54a3-4b84-bf05-507b140899af
2026-05-13 17:03:55,762 [INFO] Scheduling entity extraction task for node_id=62b2d736-cba9-44f5-a3db-82fd07d37cf0
2026-05-13 17:03:55,769 [INFO] Scheduling entity extraction task for node_id=3fe8b5d2-5f46-47eb-82da-66c59df2e47b
2026-05-13 17:03:55,777 [INFO] Scheduling entity extraction task for node_id=26abd42b-6d7e-4390-9efa-ad489eaf8574
2026-05-13 17:03:55,783 [INFO] Scheduling entity extraction task for node_id=ef2dbf37-96b7-4bd4-80eb-19d0a64e931c
2026-05-13 17:03:55,791 [INFO] Scheduling entity extraction task for node_id=e0dec208-22ff-43e0-9565-ce6929d282c5
2026-05-13 17:03:55,801 [INFO] Scheduling entity extraction task for node_id=aa1c66b5-1d95-4f52-b298-87dedee5164b
2026-05-13 17:03:55,809 [INFO] Scheduling entity extraction task for node_id=45913bfb-c74d-4857-b2cc-28bf30887b0b
2026-05-13 17:03:55,817 [INFO] Scheduling entity extraction task for node_id=395e6ca3-38c8-4290-b85e-ee53edb93677
2026-05-13 17:03:55,824 [INFO] Scheduling entity extraction task for node_id=b80d230e-3764-4fc6-9559-8cdc7a755da5
2026-05-13 17:03:55,830 [INFO] Scheduling entity extraction task for node_id=85ae6eee-4244-41c5-b1c3-3c8e8eb97493
2026-05-13 17:03:55,836 [INFO] Scheduling entity extraction task for node_id=5845816c-8f26-4ad6-9562-05252c9295b2
2026-05-13 17:03:55,842 [INFO] Scheduling entity extraction task for node_id=42ed2932-1140-4287-9359-0453aa8b50cd
2026-05-13 17:03:55,847 [INFO] Scheduling entity extraction task for node_id=f8063fbd-e84a-4766-b70c-c484ba47476c
2026-05-13 17:03:55,855 [INFO] Scheduling entity extraction task for node_id=c8151b53-db9c-45d7-a1ef-4ea29683a4a2
2026-05-13 17:03:55,861 [INFO] Scheduling entity extraction task for node_id=7e0dbd18-6049-4358-a512-206dc94938db
2026-05-13 17:03:55,919 [INFO] Scheduling entity extraction task for node_id=5b29b9b9-546f-4727-9c5b-ef6033da1d68
2026-05-13 17:03:55,927 [INFO] Scheduling entity extraction task for node_id=122108e5-5c3e-489a-8df3-fc3225ccdd06
2026-05-13 17:03:55,936 [INFO] Scheduling entity extraction task for node_id=c0b96a36-50a5-4dd1-a903-8bff8030c28c
2026-05-13 17:03:55,942 [INFO] Scheduling entity extraction task for node_id=24c1ebb9-e9df-4500-9c54-fe71681717dc
2026-05-13 17:03:55,950 [INFO] Scheduling entity extraction task for node_id=11a98208-8c63-4bc4-9e36-5c4ca6dccdec
2026-05-13 17:03:55,957 [INFO] Scheduling entity extraction task for node_id=ee3847c7-ff9a-4fa9-b625-daaba0ad92d1
2026-05-13 17:03:55,964 [INFO] Scheduling entity extraction task for node_id=17f88bf5-a83d-416d-9e40-8d7b2762058e
2026-05-13 17:03:55,973 [INFO] Scheduling entity extraction task for node_id=38f0b480-cedf-410e-8970-3d4667a317cb
2026-05-13 17:03:55,981 [INFO] Scheduling entity extraction task for node_id=e429c0bf-8b08-4bf0-b68f-06b79b1340b6
2026-05-13 17:03:55,987 [INFO] Scheduling entity extraction task for node_id=9106786c-2989-4609-8127-7303785fbc52
2026-05-13 17:03:55,995 [INFO] Scheduling entity extraction task for node_id=157497f2-961d-4103-907f-69958fd159e1
2026-05-13 17:03:56,001 [INFO] Scheduling entity extraction task for node_id=6754ecbe-e19b-4d45-83fe-9d6b4d5bfe58
2026-05-13 17:03:56,058 [INFO] Scheduling entity extraction task for node_id=18865cc4-1e32-4212-a9fd-f53814cc38a0
2026-05-13 17:03:56,064 [INFO] Scheduling entity extraction task for node_id=173a4958-d36a-47a6-a2d1-338792dcf30d
2026-05-13 17:03:56,071 [INFO] Scheduling entity extraction task for node_id=d2127aa2-06e7-41ff-b5c4-66f2936a377f
2026-05-13 17:03:56,133 [INFO] Scheduling entity extraction task for node_id=a1d87f57-1aaf-4e73-bf2e-544124e2abf0
2026-05-13 17:03:56,143 [INFO] Scheduling entity extraction task for node_id=60de1aaf-aea8-4d58-921a-faee2b5511cc
2026-05-13 17:03:56,202 [INFO] Scheduling entity extraction task for node_id=e9d847f8-359a-4d53-9ff3-477f541b3cd0
2026-05-13 17:03:56,207 [INFO] Scheduling entity extraction task for node_id=07d65807-2b7c-4c16-8747-660cc55fb32d
2026-05-13 17:03:56,215 [INFO] Scheduling entity extraction task for node_id=60c6b0c9-5560-4a38-9fae-decd217fc401
2026-05-13 17:03:56,225 [INFO] Scheduling entity extraction task for node_id=ce0c9502-04d7-43ff-aee3-b93b80c501f6
2026-05-13 17:03:56,232 [INFO] Scheduling entity extraction task for node_id=89479e2b-5bf5-4e19-aa6a-fe02ea69b6a0
2026-05-13 17:03:56,240 [INFO] Scheduling entity extraction task for node_id=d0cf108a-532b-4a00-bb27-9c6d8ae76268
2026-05-13 17:03:56,247 [INFO] Scheduling entity extraction task for node_id=d0cc8e5b-bc38-4587-977d-a2d833cab937
2026-05-13 17:03:56,255 [INFO] Scheduling entity extraction task for node_id=62cd9387-487d-4c65-b542-2d1ee8b4046b
2026-05-13 17:03:56,262 [INFO] Scheduling entity extraction task for node_id=1b946796-845c-41f4-9dfd-867137d4add2
2026-05-13 17:03:56,268 [INFO] Scheduling entity extraction task for node_id=95432485-0840-4465-b13c-39689ab2cfde
2026-05-13 17:03:56,274 [INFO] Scheduling entity extraction task for node_id=d2206e92-a4cd-4c63-89d4-b9130ed16652
2026-05-13 17:03:56,280 [INFO] Scheduling entity extraction task for node_id=35f2a4b0-042a-4b91-88e3-48ca109b9b26
2026-05-13 17:03:56,286 [INFO] Scheduling entity extraction task for node_id=baa16d8b-bc96-4769-9a49-1772ffeef24f
2026-05-13 17:03:56,291 [INFO] Scheduling entity extraction task for node_id=2d19ed31-cf52-44cf-8bd2-26d6484c14d1
2026-05-13 17:03:56,298 [INFO] Scheduling entity extraction task for node_id=3307e839-711f-45aa-affb-f9f763a6ff00
2026-05-13 17:03:56,303 [INFO] Scheduling entity extraction task for node_id=01244b6a-86b1-4922-856c-6010623fa32a
2026-05-13 17:03:56,311 [INFO] Scheduling entity extraction task for node_id=8d2e549b-8467-4ded-b8a3-b65aa9c2a32c
2026-05-13 17:03:56,319 [INFO] Scheduling entity extraction task for node_id=61b8c8e4-109e-4839-b0be-3341f64b3e2f
2026-05-13 17:03:56,325 [INFO] Scheduling entity extraction task for node_id=f84ec1f8-4c64-4059-b658-3bc8c128cd25
2026-05-13 17:03:56,329 [INFO] Scheduling entity extraction task for node_id=fa3bd63c-d086-4cbc-9e47-0bd291e8fde6
2026-05-13 17:03:56,336 [INFO] Scheduling entity extraction task for node_id=e7b1f74d-61d6-48d6-a019-b995d1348349
2026-05-13 17:03:56,342 [INFO] Scheduling entity extraction task for node_id=5bd1dff1-2a6a-4fb5-88e5-60fe072ea794
2026-05-13 17:03:56,349 [INFO] Scheduling entity extraction task for node_id=ce8b2131-ecea-4e92-a309-6f63ebaa1972
2026-05-13 17:03:56,356 [INFO] Scheduling entity extraction task for node_id=a245b0f4-5ed5-4f17-9f45-149f0dec902b
2026-05-13 17:03:56,362 [INFO] Scheduling entity extraction task for node_id=30073ec1-22f7-458e-8ae5-16220f1cc3df
2026-05-13 17:03:56,368 [INFO] Scheduling entity extraction task for node_id=06ae7e03-f6dc-47ca-8632-ae43cfd43cf7
2026-05-13 17:03:56,375 [INFO] Scheduling entity extraction task for node_id=8f054579-7876-4391-a01f-7c716b209a9f
2026-05-13 17:03:56,379 [INFO] Scheduling entity extraction task for node_id=44c4fcac-afe5-4c92-84cc-e21efc0ef153
2026-05-13 17:03:56,386 [INFO] Scheduling entity extraction task for node_id=eb8a6555-dbfa-4375-93dd-b1062e049cc8
2026-05-13 17:03:56,397 [INFO] Scheduling entity extraction task for node_id=c7555cc4-b5ab-432e-834c-e511e9f48428
2026-05-13 17:03:56,402 [INFO] Scheduling entity extraction task for node_id=c2fb051f-8edb-4939-9d6e-3e82d3889618
2026-05-13 17:03:56,408 [INFO] Scheduling entity extraction task for node_id=0a8ea9cb-4173-4a91-8fc4-77a0511bd9d1
2026-05-13 17:03:56,415 [INFO] Scheduling entity extraction task for node_id=bad1d64b-b04b-483c-8e3e-54a53d172b9a
2026-05-13 17:03:56,421 [INFO] Scheduling entity extraction task for node_id=3fff708d-0627-4e07-8508-11075b41ffb7
2026-05-13 17:03:56,427 [INFO] Scheduling entity extraction task for node_id=99a91fc6-708c-4d04-bc1c-c9fde2037be0
2026-05-13 17:03:56,432 [INFO] Scheduling entity extraction task for node_id=6b80cefc-6a93-40ec-8904-535828e359c2
2026-05-13 17:03:56,438 [INFO] Scheduling entity extraction task for node_id=b71c40e9-4f68-41f8-81f7-ea7a924470c3
2026-05-13 17:03:56,444 [INFO] Scheduling entity extraction task for node_id=55ce8725-9966-4009-887b-4620a9d7a95c
2026-05-13 17:03:56,450 [INFO] Scheduling entity extraction task for node_id=e85c6348-5140-482a-9518-4b24ea4a7e8b
2026-05-13 17:03:56,455 [INFO] Scheduling entity extraction task for node_id=d6de2c51-1e58-4251-95ad-072ca66064cd
2026-05-13 17:03:56,460 [INFO] Scheduling entity extraction task for node_id=bfad7860-ad25-474c-b6cc-453a39ed954f
2026-05-13 17:03:56,521 [INFO] Scheduling entity extraction task for node_id=21ea5272-6c54-4c51-96d5-16cfb34a85c8
2026-05-13 17:03:56,527 [INFO] Scheduling entity extraction task for node_id=8ffd2fea-0764-415b-b626-d10a15aaf79c
2026-05-13 17:03:56,535 [INFO] Scheduling entity extraction task for node_id=75e037ef-98a7-4fa2-af6d-467c4fc28093
2026-05-13 17:03:56,542 [INFO] Scheduling entity extraction task for node_id=a3692a5e-856b-47bd-818c-285d7167df43
2026-05-13 17:03:56,548 [INFO] Scheduling entity extraction task for node_id=03e0245e-0cdb-4c22-aaa1-2abc483fdb61
2026-05-13 17:03:56,555 [INFO] Scheduling entity extraction task for node_id=4f7777c5-f163-4921-8e8f-c3b9db000d33
2026-05-13 17:03:56,562 [INFO] Scheduling entity extraction task for node_id=b9161a65-92e6-4291-b98e-57e51f442b2a
2026-05-13 17:03:56,568 [INFO] Scheduling entity extraction task for node_id=45e13a4b-e0f5-420d-b91e-2999ace53e69
2026-05-13 17:03:56,574 [INFO] Scheduling entity extraction task for node_id=9ed32ac5-e360-4f05-90bb-e2975fd7d652
2026-05-13 17:03:56,581 [INFO] Scheduling entity extraction task for node_id=fcf1ce2d-ebd9-4bf2-a2cb-c9e8d9bc1364
2026-05-13 17:03:56,585 [INFO] Scheduling entity extraction task for node_id=61ace6cd-fa0f-47cc-aea5-e95ac94db879
2026-05-13 17:03:56,590 [INFO] Scheduling entity extraction task for node_id=b10f96e3-a794-446b-8d9d-21ea641aa84d
2026-05-13 17:03:56,596 [INFO] Scheduling entity extraction task for node_id=3ca19867-839e-4b14-9341-2ee1176e365f
2026-05-13 17:03:56,604 [INFO] Scheduling entity extraction task for node_id=af34f293-60de-4574-a9cb-024eef0ade07
2026-05-13 17:03:56,610 [INFO] Scheduling entity extraction task for node_id=0222d239-d9f9-4d05-ae9f-aad374525995
2026-05-13 17:03:56,616 [INFO] Scheduling entity extraction task for node_id=0d8e5555-fcd5-407e-9ce5-e67c92c9d709
2026-05-13 17:03:56,623 [INFO] Scheduling entity extraction task for node_id=6a916b8b-60a2-4364-8936-c0bdd58045c4
2026-05-13 17:03:56,631 [INFO] Scheduling entity extraction task for node_id=85f0747d-7739-438c-9447-26306b673cce
2026-05-13 17:03:56,637 [INFO] Scheduling entity extraction task for node_id=c4129baa-c4fc-4163-bd71-febe7278061d
2026-05-13 17:03:56,691 [INFO] Scheduling entity extraction task for node_id=76e8641a-cddb-4dbc-96f2-aa2f538edb97
2026-05-13 17:03:56,698 [INFO] Scheduling entity extraction task for node_id=2e4ebbdc-c20f-444f-bb79-1edfe420a801
2026-05-13 17:03:56,706 [INFO] Scheduling entity extraction task for node_id=e1a08df1-0d16-465d-a584-d71c37d3604d
2026-05-13 17:03:56,711 [INFO] Scheduling entity extraction task for node_id=20af822e-1afc-428d-a1fc-42b1b9439b6d
2026-05-13 17:03:56,717 [INFO] Scheduling entity extraction task for node_id=b2fdb96d-2abd-4d1b-b52c-c06b906b9f6d
2026-05-13 17:03:56,726 [INFO] Scheduling entity extraction task for node_id=1061bc9c-7403-481b-821b-2fbdea48b54f
2026-05-13 17:03:56,732 [INFO] Scheduling entity extraction task for node_id=2f87c0c6-2d4c-495f-b01a-1bf1d2cbc5d2
2026-05-13 17:03:56,739 [INFO] Scheduling entity extraction task for node_id=9afe415a-cc54-4f57-9c6e-0a1323a47260
2026-05-13 17:03:56,747 [INFO] Scheduling entity extraction task for node_id=2d8061f1-0dab-4e2a-a9cb-aec81a67f04d
2026-05-13 17:03:56,754 [INFO] Scheduling entity extraction task for node_id=8bed6b4f-7110-44cf-a94f-2dc939151512
2026-05-13 17:03:56,760 [INFO] Scheduling entity extraction task for node_id=eff78d98-04cf-45b4-bdf6-3c90505d1160
2026-05-13 17:03:56,767 [INFO] Scheduling entity extraction task for node_id=4ef05d13-835f-43c7-947d-46627ddab80f
2026-05-13 17:03:56,771 [INFO] Scheduling entity extraction task for node_id=c0417f55-931b-4519-9057-84e6c9946f0e
2026-05-13 17:03:56,777 [INFO] Scheduling entity extraction task for node_id=99c486de-e920-4615-9449-2b3e2b3e44ae
2026-05-13 17:03:56,784 [INFO] Scheduling entity extraction task for node_id=74b7c4ba-76ac-4468-84e5-c7a49d15664c
2026-05-13 17:03:56,791 [INFO] Scheduling entity extraction task for node_id=96c6b8b1-0ea6-4b02-ad9c-8ae2ca667804
2026-05-13 17:03:56,798 [INFO] Scheduling entity extraction task for node_id=cd8871eb-9fd7-41d6-959a-1eeb7b8f15ff
2026-05-13 17:03:56,805 [INFO] Scheduling entity extraction task for node_id=9b477052-6c2c-43e6-9dbb-151ed863ab1b
2026-05-13 17:03:56,811 [INFO] Scheduling entity extraction task for node_id=e38b7027-4d6c-47c1-9b41-71c8c38cf409
2026-05-13 17:03:56,819 [INFO] Scheduling entity extraction task for node_id=d744c1d6-e1e3-4178-94a9-59a91a4dd5b1
2026-05-13 17:03:56,825 [INFO] Scheduling entity extraction task for node_id=14801f03-56d2-4437-939f-a3348b2fbdaa
2026-05-13 17:03:56,831 [INFO] Scheduling entity extraction task for node_id=95edb736-5fcc-4bcb-bdef-c8f9c8b070de
2026-05-13 17:03:56,840 [INFO] Scheduling entity extraction task for node_id=4d070ae8-eb23-4388-850f-a04461b388b2
2026-05-13 17:03:56,857 [INFO] Scheduling entity extraction task for node_id=5779fd74-04a5-4753-bc4c-e593f8d84e34
2026-05-13 17:03:56,863 [INFO] Scheduling entity extraction task for node_id=006783ec-7b74-4266-bfb0-d200c9f27f4f
2026-05-13 17:03:56,871 [INFO] Scheduling entity extraction task for node_id=a2d9bb4f-9efc-4914-bb78-433dec1d2d5d
2026-05-13 17:03:56,875 [INFO] Scheduling entity extraction task for node_id=d3babe24-3b6e-4a93-b082-90eb9695dcc3
2026-05-13 17:03:56,882 [INFO] Scheduling entity extraction task for node_id=07d7e5ef-defb-407f-816b-9c3d92d49182
2026-05-13 17:03:56,889 [INFO] Scheduling entity extraction task for node_id=baec48ca-bde5-4adb-a93a-c1754132ff33
2026-05-13 17:03:56,897 [INFO] Scheduling entity extraction task for node_id=ba76da5b-ac4b-468a-a0e6-d0305e3fe16e
2026-05-13 17:03:56,906 [INFO] Scheduling entity extraction task for node_id=e8fa5d5b-ea25-4227-be2c-4fdec7ad4b02
2026-05-13 17:03:56,916 [INFO] Scheduling entity extraction task for node_id=83e2469d-a571-4f19-a003-0f0c455aa9c0
2026-05-13 17:03:56,922 [INFO] Scheduling entity extraction task for node_id=df8a9f66-7b2a-44a7-bb64-a0f0f6c24e79
2026-05-13 17:03:56,927 [INFO] Scheduling entity extraction task for node_id=eef33f8b-3128-4957-ab0b-0114abf2bc5c
2026-05-13 17:03:56,933 [INFO] Scheduling entity extraction task for node_id=80781598-05b1-4da5-bef2-7a0607815bae
2026-05-13 17:03:56,938 [INFO] Scheduling entity extraction task for node_id=bcdd314f-ccfd-4c04-91a1-84bc5f3475be
2026-05-13 17:03:56,944 [INFO] Scheduling entity extraction task for node_id=1c3181ea-10d4-4b51-8473-60b41357fb00
2026-05-13 17:03:56,951 [INFO] Scheduling entity extraction task for node_id=e6837277-1853-4939-866b-6e0e6830ebd9
2026-05-13 17:03:56,957 [INFO] Scheduling entity extraction task for node_id=5be67402-9b6b-49fa-b808-7f25882a79c5
2026-05-13 17:03:56,965 [INFO] Scheduling entity extraction task for node_id=8df8e22d-83d1-4a73-8d52-62991ef3c15d
2026-05-13 17:03:56,971 [INFO] Scheduling entity extraction task for node_id=cb80e7a0-8b97-4c7d-955f-59ea39062304
2026-05-13 17:03:56,976 [INFO] Scheduling entity extraction task for node_id=08f0d085-1804-4d04-87d3-de1d222585f7
2026-05-13 17:03:56,984 [INFO] Scheduling entity extraction task for node_id=2c8ea2b9-f5f8-4052-bbfb-9f5b69c43085
2026-05-13 17:03:56,990 [INFO] Scheduling entity extraction task for node_id=7e241fe7-50c8-43dd-a2b3-1783f2af7beb
2026-05-13 17:03:56,997 [INFO] Scheduling entity extraction task for node_id=3d015ac7-305c-4cbe-ac68-00381d51ddeb
2026-05-13 17:03:57,005 [INFO] Scheduling entity extraction task for node_id=3ce596a8-82a8-43b6-9663-eed03856c81f
2026-05-13 17:03:57,011 [INFO] Scheduling entity extraction task for node_id=08549b3d-aad6-4f7b-a88f-e6b90a040e95
2026-05-13 17:03:57,016 [INFO] Scheduling entity extraction task for node_id=723099c5-1e23-4195-a372-11bbb282e60d
2026-05-13 17:03:57,024 [INFO] Scheduling entity extraction task for node_id=dc1748b1-405b-483d-9ade-cb3de0313764
2026-05-13 17:03:57,029 [INFO] Scheduling entity extraction task for node_id=d7cad500-9503-4181-a8ad-312b0e376f14
2026-05-13 17:03:57,037 [INFO] Scheduling entity extraction task for node_id=eea250cf-7ac1-4440-b04c-15417849b963
2026-05-13 17:03:57,042 [INFO] Scheduling entity extraction task for node_id=9a6cdaf3-883c-453c-9e85-7caf5cfab1d2
2026-05-13 17:03:57,049 [INFO] Scheduling entity extraction task for node_id=e898444f-c89e-40f1-8ae2-ac47857e5ad0
2026-05-13 17:03:57,053 [INFO] Scheduling entity extraction task for node_id=71ce8a64-527e-448a-b4c9-c8f517be3adf
2026-05-13 17:03:57,059 [INFO] Scheduling entity extraction task for node_id=1715b5e8-c71c-4557-ab40-1ea3adf067cf
2026-05-13 17:03:57,065 [INFO] Scheduling entity extraction task for node_id=b88eb590-557a-4862-84e0-64f506652ee1
2026-05-13 17:03:57,070 [INFO] Scheduling entity extraction task for node_id=9a694489-1809-4015-bdae-0e14f52bdb02
2026-05-13 17:03:57,076 [INFO] Scheduling entity extraction task for node_id=67268af8-88ab-4fdc-a2b0-09defd4c2978
2026-05-13 17:03:57,084 [INFO] Scheduling entity extraction task for node_id=fab7fbef-4794-4c0e-9cd0-58e0aff24e06
2026-05-13 17:03:57,090 [INFO] Scheduling entity extraction task for node_id=c8b6b535-7a70-4227-9cc9-05bd0b4619cd
2026-05-13 17:03:57,096 [INFO] Scheduling entity extraction task for node_id=b74dec4b-7e8d-4860-937b-0237f819a773
2026-05-13 17:03:57,103 [INFO] Scheduling entity extraction task for node_id=e33b504a-b4e8-44e7-8f97-9b35ad54fb7e
2026-05-13 17:03:57,109 [INFO] Scheduling entity extraction task for node_id=a0e09b34-dd85-4a9d-a888-ee6df43bddbd
2026-05-13 17:03:57,116 [INFO] Scheduling entity extraction task for node_id=847cd6eb-4543-43e4-a959-db63726d0911
2026-05-13 17:03:57,122 [INFO] Scheduling entity extraction task for node_id=101e5e67-40b3-4523-aa15-d4f958be62b5
2026-05-13 17:03:57,129 [INFO] Scheduling entity extraction task for node_id=63cb02f8-00f4-4182-87be-d40b039f73fa
2026-05-13 17:03:57,137 [INFO] Scheduling entity extraction task for node_id=f7ba1a53-b573-4a8c-9895-1b5dde99ba3b
2026-05-13 17:03:57,141 [INFO] Scheduling entity extraction task for node_id=0e709331-60cb-4b98-a608-2f339acdb89a
2026-05-13 17:03:57,146 [INFO] Scheduling entity extraction task for node_id=e303541a-659c-4108-81b8-0f8ae0e1232f
2026-05-13 17:03:57,152 [INFO] Scheduling entity extraction task for node_id=1ff261b3-6330-482f-818f-76c54644c8ed
2026-05-13 17:03:57,159 [INFO] Scheduling entity extraction task for node_id=8ab0300b-a373-4ef0-8ab2-425a6800e8f9
2026-05-13 17:03:57,165 [INFO] Scheduling entity extraction task for node_id=29ccec57-bc6d-48e8-9826-a01d5eb7517f
2026-05-13 17:03:57,173 [INFO] Scheduling entity extraction task for node_id=b5adfd1a-115e-4224-bb9f-1b9474e87b4e
2026-05-13 17:03:57,181 [INFO] Scheduling entity extraction task for node_id=50c6fc19-21e2-4e37-928b-d67fb3ee5a22
2026-05-13 17:03:57,188 [INFO] Scheduling entity extraction task for node_id=640681c1-fda6-4acc-a734-8928f5502fac
2026-05-13 17:03:57,213 [INFO] Scheduling entity extraction task for node_id=b92543ca-8a81-48fc-a252-241ad04aecad
2026-05-13 17:03:57,221 [INFO] Scheduling entity extraction task for node_id=b6a5ce7d-351d-4949-b4e1-3849a2ed2b07
2026-05-13 17:03:57,281 [INFO] Scheduling entity extraction task for node_id=dabdcdf0-0a5d-4dec-80f5-8d333e218b53
2026-05-13 17:03:57,289 [INFO] Scheduling entity extraction task for node_id=75a8f015-e1a0-4dbc-ba68-d7680050632f
2026-05-13 17:03:57,297 [INFO] Scheduling entity extraction task for node_id=72e71d7f-e279-4ab0-88ca-1680bfe00c17
2026-05-13 17:03:57,307 [INFO] Scheduling entity extraction task for node_id=87b9a99e-2751-45ee-a2b6-622ced4a9c7d
2026-05-13 17:03:57,366 [INFO] Scheduling entity extraction task for node_id=4dd86542-c7da-4c31-be38-f82f0df2e07f
2026-05-13 17:03:57,372 [INFO] Scheduling entity extraction task for node_id=22ca30df-17a2-41fc-af9f-4379c94653bc
2026-05-13 17:03:57,378 [INFO] Scheduling entity extraction task for node_id=a8eebd78-2c11-4198-8dcd-86075eef2623
2026-05-13 17:03:57,385 [INFO] Scheduling entity extraction task for node_id=c8c44482-407b-4dad-b15c-48a00735163c
2026-05-13 17:03:57,390 [INFO] Scheduling entity extraction task for node_id=ca0c15a3-6e1c-483e-a5a9-6fde4df8da71
2026-05-13 17:03:57,396 [INFO] Scheduling entity extraction task for node_id=e361923a-e55e-4bab-8a71-a65682a7db3f
2026-05-13 17:03:57,402 [INFO] Scheduling entity extraction task for node_id=d8ec7867-4d4d-4a45-ada8-e78a821b8899
2026-05-13 17:03:57,409 [INFO] Scheduling entity extraction task for node_id=e74cd0de-2c91-412d-8149-d9fec2dd17be
2026-05-13 17:03:57,414 [INFO] Scheduling entity extraction task for node_id=36d64ede-f8f9-4a63-99ec-6607a09d6b99
2026-05-13 17:03:57,422 [INFO] Scheduling entity extraction task for node_id=ea76e2c4-8118-49ea-88f2-ffac82b58a87
2026-05-13 17:03:57,429 [INFO] Scheduling entity extraction task for node_id=573a158c-ee98-40db-bb23-054d48f32cec
2026-05-13 17:03:57,433 [INFO] Scheduling entity extraction task for node_id=6b742c29-95e3-47f5-8bb1-b9923281ba6d
2026-05-13 17:03:57,441 [INFO] Scheduling entity extraction task for node_id=cbf92214-9b7c-4c49-adf0-69c00f9c904c
2026-05-13 17:03:57,449 [INFO] Scheduling entity extraction task for node_id=b013dbaf-20c4-4b21-913c-76f0340b9961
2026-05-13 17:03:57,454 [INFO] Scheduling entity extraction task for node_id=9c3c8d05-5252-42a3-971d-ed6cfb242728
2026-05-13 17:03:57,462 [INFO] Scheduling entity extraction task for node_id=6e75b911-323a-428f-a641-f030d4dce622
2026-05-13 17:03:57,467 [INFO] Scheduling entity extraction task for node_id=36b01588-ab60-4a0c-8789-a20c4f0bf7a1
2026-05-13 17:03:57,475 [INFO] Scheduling entity extraction task for node_id=9a9dbcd4-d685-4457-9c4b-5256e738fa14
2026-05-13 17:03:57,495 [INFO] Scheduling entity extraction task for node_id=469e79b7-8406-4bbc-9c33-dbe90d641dd1
2026-05-13 17:03:57,503 [INFO] Scheduling entity extraction task for node_id=bb2eea4d-fbee-4211-96bd-5ce43f87e6ae
2026-05-13 17:03:57,509 [INFO] Scheduling entity extraction task for node_id=5b60f320-20ee-4b48-a9d1-2d8fa09e61bc
2026-05-13 17:03:57,517 [INFO] Scheduling entity extraction task for node_id=b0d6220d-8e3c-4e6b-b05d-7770dbcb4b76
2026-05-13 17:03:57,523 [INFO] Scheduling entity extraction task for node_id=153af039-1f0d-489d-9c1e-c70006d4ccfa
2026-05-13 17:03:57,529 [INFO] Scheduling entity extraction task for node_id=0fc77e31-db9c-4e84-988a-2364524e6517
2026-05-13 17:03:57,534 [INFO] Scheduling entity extraction task for node_id=b33e2f2a-3530-46ad-b84f-5e979a21dfb2
2026-05-13 17:03:57,538 [INFO] Scheduling entity extraction task for node_id=2b01ff4b-5dfb-433f-ba5a-432f97f67319
2026-05-13 17:03:57,544 [INFO] Scheduling entity extraction task for node_id=8a8ec4fc-719b-45a9-9867-d77b70ebba91
2026-05-13 17:03:57,551 [INFO] Scheduling entity extraction task for node_id=18b70bcf-72e9-450c-8a63-d6ac0859e48a
2026-05-13 17:03:57,559 [INFO] Scheduling entity extraction task for node_id=cceca493-3e83-4dca-9b21-7327872996ed
2026-05-13 17:03:57,566 [INFO] Scheduling entity extraction task for node_id=54aa1e61-40c6-468a-aa2e-622139c64549
2026-05-13 17:03:57,573 [INFO] Scheduling entity extraction task for node_id=0b763c45-9332-4493-801f-1b1963f557ad
2026-05-13 17:03:57,581 [INFO] Scheduling entity extraction task for node_id=f9563a93-7a8f-4a4d-bdae-c691e0014e27
2026-05-13 17:03:57,593 [INFO] Scheduling entity extraction task for node_id=a76047ad-2e5f-4375-a22b-0cd2a0b87583
2026-05-13 17:03:57,645 [INFO] Scheduling entity extraction task for node_id=e90e6db9-f648-4968-9a4b-1d73b8276f21
2026-05-13 17:03:57,651 [INFO] Scheduling entity extraction task for node_id=5ccfafee-3e25-4cfb-ac4b-1fb873241764
2026-05-13 17:03:57,659 [INFO] Scheduling entity extraction task for node_id=d253e5ba-0d21-432f-bfdf-31a07212055f
2026-05-13 17:03:57,667 [INFO] Scheduling entity extraction task for node_id=c1d65db1-5c28-4db6-acd9-eef5fc35f6f4
2026-05-13 17:03:57,675 [INFO] Scheduling entity extraction task for node_id=7fa28e65-a6ed-495e-9fdc-43ce6c5839b0
2026-05-13 17:03:57,686 [INFO] Scheduling entity extraction task for node_id=26c3bec6-b0a4-4365-b6d9-ff360a3f62c3
2026-05-13 17:03:57,701 [INFO] Scheduling entity extraction task for node_id=fc87067b-39e9-468d-989e-3a12adb6726f
2026-05-13 17:03:57,751 [INFO] Scheduling entity extraction task for node_id=518ed09e-1131-4987-8533-fd3ecd4f56d3
2026-05-13 17:03:57,759 [INFO] Scheduling entity extraction task for node_id=e7d1488c-e112-46a2-8119-4fbca79dae5f
2026-05-13 17:03:57,765 [INFO] Scheduling entity extraction task for node_id=fe0efe31-711a-4b78-9974-7ac436ee13a5
2026-05-13 17:03:57,770 [INFO] Scheduling entity extraction task for node_id=70e47638-0375-401c-a844-372f591f15a6
2026-05-13 17:03:57,778 [INFO] Scheduling entity extraction task for node_id=dd63ef65-6e60-459a-9462-de890e5026de
2026-05-13 17:03:57,785 [INFO] Scheduling entity extraction task for node_id=df76e62a-315e-45a2-aa67-626c55dea63e
2026-05-13 17:03:57,790 [INFO] Scheduling entity extraction task for node_id=065c14e8-6cc9-4f2c-9eb6-c970eee4756c
2026-05-13 17:03:57,797 [INFO] Scheduling entity extraction task for node_id=33aa1219-2bbc-4640-ba30-9b8f6379b013
2026-05-13 17:03:57,804 [INFO] Scheduling entity extraction task for node_id=ca6e702b-4b4a-497d-a8f5-0da630ab709c
2026-05-13 17:03:57,812 [INFO] Scheduling entity extraction task for node_id=9fdfb4b1-d758-452a-8179-1d68b43f5ba4
2026-05-13 17:03:57,818 [INFO] Scheduling entity extraction task for node_id=68ca8ca8-e58e-434c-a1fc-fe2c66e68a3d
2026-05-13 17:03:57,824 [INFO] Scheduling entity extraction task for node_id=78203beb-2ff5-4786-a0bc-3750dea31b61
2026-05-13 17:03:57,831 [INFO] Scheduling entity extraction task for node_id=3e271684-9820-436b-80f7-5f06077e1166
2026-05-13 17:03:57,837 [INFO] Scheduling entity extraction task for node_id=e1337511-444e-4b48-a3d5-3ba09ae2e346
2026-05-13 17:03:57,843 [INFO] Scheduling entity extraction task for node_id=78e20bc3-f0d0-4a49-a445-d95c390e2ca9
2026-05-13 17:03:57,900 [INFO] Scheduling entity extraction task for node_id=bb1aa1c9-be39-4e95-94fd-3f18157fd3ca
2026-05-13 17:03:57,907 [INFO] Scheduling entity extraction task for node_id=454c0e9b-b48b-465d-8cf7-625f65a488b3
2026-05-13 17:03:57,915 [INFO] Scheduling entity extraction task for node_id=6a9035d2-083c-4921-8025-3256386ca70b
2026-05-13 17:03:57,923 [INFO] Scheduling entity extraction task for node_id=e489e0c6-7fde-400c-9fcb-a020962e58fa
2026-05-13 17:03:57,931 [INFO] Scheduling entity extraction task for node_id=da66d165-9ba4-4cb1-bb98-7c7f95ecac12
2026-05-13 17:03:57,940 [INFO] Scheduling entity extraction task for node_id=734daa1e-e4c1-4568-a12f-055bb09854c4
2026-05-13 17:03:57,948 [INFO] Scheduling entity extraction task for node_id=1cdb71c8-c089-4c95-a731-d5e5a2cd64a0
2026-05-13 17:03:57,954 [INFO] Scheduling entity extraction task for node_id=73786409-1208-4abd-b8c5-6cdc1a60ea93
2026-05-13 17:03:57,960 [INFO] Scheduling entity extraction task for node_id=7960477e-77e3-4517-84fd-34e7769ec887
2026-05-13 17:03:57,967 [INFO] Scheduling entity extraction task for node_id=0a7c4aec-d078-4393-b3ed-42589820a51a
2026-05-13 17:03:57,973 [INFO] Scheduling entity extraction task for node_id=310f8d59-cf6a-448a-9815-5b2396e21975
2026-05-13 17:03:57,979 [INFO] Scheduling entity extraction task for node_id=38f0ac34-3ebf-4c48-970c-6d9b0fd2446f
2026-05-13 17:03:57,984 [INFO] Scheduling entity extraction task for node_id=92b4be9e-259d-45ce-b3ec-c8f8fe78ad8b
2026-05-13 17:03:57,990 [INFO] Scheduling entity extraction task for node_id=ed7b86d0-7e3e-430f-ab92-aac6e6469889
2026-05-13 17:03:57,995 [INFO] Scheduling entity extraction task for node_id=1c5d68b8-a74f-42d6-98bf-331977240c02
2026-05-13 17:03:58,005 [INFO] Scheduling entity extraction task for node_id=8e559517-5967-43d8-bb29-9d5864239a78
2026-05-13 17:03:58,010 [INFO] Scheduling entity extraction task for node_id=2a6ad605-1f2d-4c88-9b6a-f7a058a4a5d8
2026-05-13 17:03:58,016 [INFO] Scheduling entity extraction task for node_id=37178681-fbc0-4827-ad3d-85109e14b9e0
2026-05-13 17:03:58,023 [INFO] Scheduling entity extraction task for node_id=7cb9f7b5-199a-4170-b668-af98437f57a4
2026-05-13 17:03:58,028 [INFO] Scheduling entity extraction task for node_id=a1c606c4-509d-4c47-bc1b-eca937bda2ff
2026-05-13 17:03:58,035 [INFO] Scheduling entity extraction task for node_id=3df74210-9542-42ee-bf4c-50679dcd9de4
2026-05-13 17:03:58,041 [INFO] Scheduling entity extraction task for node_id=9e35b0e1-8bb8-488e-a5b4-b1148bcd4dde
2026-05-13 17:03:58,048 [INFO] Scheduling entity extraction task for node_id=2cbb7a6d-c457-46dc-95ab-424f9861d539
2026-05-13 17:03:58,054 [INFO] Scheduling entity extraction task for node_id=316ac2f9-2553-4a2c-b83b-aafdcfe98b27
2026-05-13 17:03:58,061 [INFO] Scheduling entity extraction task for node_id=c2221f7f-df8f-425e-9dd6-704efce473df
2026-05-13 17:03:58,067 [INFO] Scheduling entity extraction task for node_id=4d645b27-b813-4a44-9f81-dae4d639e0a0
2026-05-13 17:03:58,075 [INFO] Scheduling entity extraction task for node_id=2660a4cc-bbd2-4833-a1ab-aeadb959d7b0
2026-05-13 17:03:58,082 [INFO] Scheduling entity extraction task for node_id=70568b6c-5d6f-4779-9378-cd8e110479dd
2026-05-13 17:03:58,088 [INFO] Scheduling entity extraction task for node_id=8b5b61fb-d09c-4010-ac0f-23805c5a56f9
2026-05-13 17:03:58,094 [INFO] Scheduling entity extraction task for node_id=0ac8d4b8-f17d-4a25-be3e-db1534a004a0
2026-05-13 17:03:58,100 [INFO] Scheduling entity extraction task for node_id=fa18969f-968b-4b17-9983-5aedec9de85f
2026-05-13 17:03:58,106 [INFO] Scheduling entity extraction task for node_id=d48b5a52-cfef-49a1-ae0e-9e7abdd7aee6
2026-05-13 17:03:58,114 [INFO] Scheduling entity extraction task for node_id=67a65600-e025-4c1a-b017-cf2c5d6377db
2026-05-13 17:03:58,122 [INFO] Scheduling entity extraction task for node_id=458dd1cb-3759-46c0-8d20-53effc00e34b
2026-05-13 17:03:58,128 [INFO] Scheduling entity extraction task for node_id=c7ec5f2b-8e27-4df1-acdf-28f052c2272d
2026-05-13 17:03:58,134 [INFO] Scheduling entity extraction task for node_id=f8ac4cd7-9e94-44e8-9031-330d0b9566f8
2026-05-13 17:03:58,142 [INFO] Scheduling entity extraction task for node_id=068f11da-39c9-4156-8aec-14a59d9beaa8
2026-05-13 17:03:58,147 [INFO] Scheduling entity extraction task for node_id=a5d2c925-02bd-4b2f-8d73-be6e59a5110d
2026-05-13 17:03:58,154 [INFO] Scheduling entity extraction task for node_id=3f51c930-cdd3-4636-903a-fd53f4db1389
2026-05-13 17:03:58,160 [INFO] Scheduling entity extraction task for node_id=4d698d9f-1c5b-433d-a477-1ee04ab350a1
2026-05-13 17:03:58,166 [INFO] Scheduling entity extraction task for node_id=4f7d8014-e3f2-4068-a242-b6a7a8b0ad00
2026-05-13 17:03:58,173 [INFO] Scheduling entity extraction task for node_id=af671f74-1b21-46f9-b1db-aa882b5e6507
2026-05-13 17:03:58,178 [INFO] Scheduling entity extraction task for node_id=5857756f-5a21-40b5-921c-4a81613db03e
2026-05-13 17:03:58,186 [INFO] Scheduling entity extraction task for node_id=426dd532-a7c7-426a-8401-76c6b4dc7d7d
2026-05-13 17:03:58,192 [INFO] Scheduling entity extraction task for node_id=db37c721-8109-4aa5-95eb-5d7f444b7484
2026-05-13 17:03:58,198 [INFO] Scheduling entity extraction task for node_id=8c917464-cfd0-4f0d-9bda-17cdf7a562da
2026-05-13 17:03:58,205 [INFO] Scheduling entity extraction task for node_id=4af340fb-61d1-48ef-accf-932df7de878b
2026-05-13 17:03:58,211 [INFO] Scheduling entity extraction task for node_id=72eb027b-6979-4629-a827-67b2c300dae7
2026-05-13 17:03:58,218 [INFO] Scheduling entity extraction task for node_id=8d87f092-5604-4297-b33a-a28f255ce166
2026-05-13 17:03:58,224 [INFO] Scheduling entity extraction task for node_id=e8dfd403-598d-421d-b8a9-2fbcc4c2f352
2026-05-13 17:03:58,232 [INFO] Scheduling entity extraction task for node_id=f8f7c771-07f4-433b-9ffe-9f5b9702b13f
2026-05-13 17:03:58,237 [INFO] Scheduling entity extraction task for node_id=bff71a8c-acfa-40ba-b841-6077073cd6fc
2026-05-13 17:03:58,245 [INFO] Scheduling entity extraction task for node_id=33b70278-2f6f-4b38-a775-c491e6f39e40
2026-05-13 17:03:58,250 [INFO] Scheduling entity extraction task for node_id=514e317e-19ef-44ab-b200-ca979525e689
2026-05-13 17:03:58,258 [INFO] Scheduling entity extraction task for node_id=f832f12a-0941-4e3b-a24b-74b772e61149
2026-05-13 17:03:58,266 [INFO] Scheduling entity extraction task for node_id=d78c256b-ad50-4e92-aa8b-27f75a95b9b0
2026-05-13 17:03:58,271 [INFO] Scheduling entity extraction task for node_id=87b61242-1f17-49e6-b79c-76994437d28b
2026-05-13 17:03:58,277 [INFO] Scheduling entity extraction task for node_id=f2abeca5-4dae-4adc-93a8-ae885f95182c
2026-05-13 17:03:58,284 [INFO] Scheduling entity extraction task for node_id=3c3e9b0d-07da-4f95-9ebe-1da57761e924
2026-05-13 17:03:58,292 [INFO] Scheduling entity extraction task for node_id=53b8a1e8-1039-4f97-8047-94002f6a60eb
2026-05-13 17:03:58,297 [INFO] Scheduling entity extraction task for node_id=d5d5c72c-455d-4bbf-adf6-81a381d66f24
2026-05-13 17:03:58,303 [INFO] Scheduling entity extraction task for node_id=e6e93167-765c-4908-a173-3a19396c5075
2026-05-13 17:03:58,311 [INFO] Scheduling entity extraction task for node_id=ccdf5b0f-2ddf-40cd-9935-8244733250b3
2026-05-13 17:03:58,317 [INFO] Scheduling entity extraction task for node_id=4958c0b2-c163-4bfa-84ed-0b620efde1d8
2026-05-13 17:03:58,324 [INFO] Scheduling entity extraction task for node_id=b8099cbb-de0d-42ad-a87c-f575c6d4f960
2026-05-13 17:03:58,331 [INFO] Scheduling entity extraction task for node_id=6add327d-d8d1-4fea-9e2a-1a8ed1e74d3a
2026-05-13 17:03:58,338 [INFO] Scheduling entity extraction task for node_id=977469ac-9893-4a5a-9d60-89a7e153b438
2026-05-13 17:03:58,344 [INFO] Scheduling entity extraction task for node_id=89950829-12a7-402d-aaf7-0bbf4a61c36e
2026-05-13 17:03:58,350 [INFO] Scheduling entity extraction task for node_id=bab51f6d-4007-4c40-b98c-9bdd0f68a91e
2026-05-13 17:03:58,356 [INFO] Scheduling entity extraction task for node_id=475d148b-19ac-4333-be87-efa01c0ad126
2026-05-13 17:03:58,364 [INFO] Scheduling entity extraction task for node_id=02d06ba5-bfd2-47e8-b989-23f1575f35d6
2026-05-13 17:03:58,370 [INFO] Scheduling entity extraction task for node_id=a6c0cca6-0cf3-4b61-83e7-8dde01fadcf9
2026-05-13 17:03:58,375 [INFO] Scheduling entity extraction task for node_id=24633d12-b6b9-4ec9-ac92-8bb55b24e831
2026-05-13 17:03:58,383 [INFO] Scheduling entity extraction task for node_id=9113aaee-ea24-4546-887a-94cc63f1af54
2026-05-13 17:03:58,390 [INFO] Scheduling entity extraction task for node_id=74cf25ff-58db-4097-850f-2f429798198b
2026-05-13 17:03:58,397 [INFO] Scheduling entity extraction task for node_id=5ce6c92d-04b4-4a95-932d-e7dc95c698bd
2026-05-13 17:03:58,404 [INFO] Scheduling entity extraction task for node_id=2774159c-05a1-48bb-9f82-3c731fee4374
2026-05-13 17:03:58,410 [INFO] Scheduling entity extraction task for node_id=131fdcc2-428f-40d1-93df-e211f905e772
2026-05-13 17:03:58,416 [INFO] Scheduling entity extraction task for node_id=0907006a-7765-4d72-9bf9-eac9a795d1e8
2026-05-13 17:03:58,423 [INFO] Scheduling entity extraction task for node_id=8c5e4d43-7c89-4a9b-9e61-e69eb4daaacf
2026-05-13 17:03:58,427 [INFO] Scheduling entity extraction task for node_id=51ece159-1bfd-4c3a-ba76-32adf3dddefb
2026-05-13 17:03:58,432 [INFO] Scheduling entity extraction task for node_id=c934705a-4944-4f2c-9581-7b668c788317
2026-05-13 17:03:58,438 [INFO] Scheduling entity extraction task for node_id=a9135e15-0b2d-4651-8ae9-50ad46193944
2026-05-13 17:03:58,444 [INFO] Scheduling entity extraction task for node_id=06ede090-ff42-41fd-b978-2cc3ead378b5
2026-05-13 17:03:58,451 [INFO] Scheduling entity extraction task for node_id=115f486e-e3fd-4f11-8ec9-83d1d1a8322a
2026-05-13 17:03:58,457 [INFO] Scheduling entity extraction task for node_id=b1747eb5-a0c3-41fb-ba2a-c54bc149f865
2026-05-13 17:03:58,464 [INFO] Scheduling entity extraction task for node_id=1a49a3ca-c20f-4ebb-b092-c4366cfe10f5
2026-05-13 17:03:58,470 [INFO] Scheduling entity extraction task for node_id=9674fc25-95ad-415d-aba5-6d1883c1b771
2026-05-13 17:03:58,476 [INFO] Scheduling entity extraction task for node_id=17f52664-328f-46cb-88a9-d09e20dd4f1a
2026-05-13 17:03:58,486 [INFO] Scheduling entity extraction task for node_id=0c3f60ad-31b3-4825-a612-2859a37aa563
2026-05-13 17:03:58,490 [INFO] Scheduling entity extraction task for node_id=85a2080d-1535-4971-af70-a5b40fb0fc71
2026-05-13 17:03:58,497 [INFO] Scheduling entity extraction task for node_id=a26db25c-a7c1-4923-8674-122cc492e019
2026-05-13 17:03:58,505 [INFO] Scheduling entity extraction task for node_id=cef224c9-fec9-48ef-a63b-0ac631c84f9b
2026-05-13 17:03:58,510 [INFO] Scheduling entity extraction task for node_id=2f3bcf3d-d7cf-4e09-9c16-9ae41df64352
2026-05-13 17:03:58,516 [INFO] Scheduling entity extraction task for node_id=34bf0270-21be-47fa-8101-89657ab0f836
2026-05-13 17:03:58,522 [INFO] Scheduling entity extraction task for node_id=80424d0f-9a6c-48d9-8f66-6d6d423381aa
2026-05-13 17:03:58,581 [INFO] Scheduling entity extraction task for node_id=1955ecb3-ec60-47db-b2a1-0867c8862018
2026-05-13 17:03:58,590 [INFO] Scheduling entity extraction task for node_id=b9d5a758-1c09-47c8-b97e-4fbf615136bc
2026-05-13 17:03:58,596 [INFO] Scheduling entity extraction task for node_id=03c3175f-4666-4094-8049-a9b121565ad7
2026-05-13 17:03:58,603 [INFO] Scheduling entity extraction task for node_id=f0ebf3b6-585f-4c12-a31b-8aedf2c1546f
2026-05-13 17:03:58,610 [INFO] Scheduling entity extraction task for node_id=5552abb1-5b76-4fa2-86e0-28832a2cfec7
2026-05-13 17:03:58,616 [INFO] Scheduling entity extraction task for node_id=41667130-4d73-415f-80d1-51bf3f9a7355
2026-05-13 17:03:58,622 [INFO] Scheduling entity extraction task for node_id=84635e8a-5246-46e7-9c14-89e302fff93d
2026-05-13 17:03:58,629 [INFO] Scheduling entity extraction task for node_id=c6319011-52bc-43bf-a44d-4effe8c61f46
2026-05-13 17:03:58,633 [INFO] Scheduling entity extraction task for node_id=8c043a3f-fa60-467e-a803-577e02941bab
2026-05-13 17:03:58,639 [INFO] Scheduling entity extraction task for node_id=fd93e10e-580a-4de9-8f0c-e38a591589e8
2026-05-13 17:03:58,644 [INFO] Scheduling entity extraction task for node_id=861e1124-5f4f-4387-bb2e-f3929fb52b83
2026-05-13 17:03:58,652 [INFO] Scheduling entity extraction task for node_id=e986af31-94cd-48b3-bd0c-8ae27224b1b3
2026-05-13 17:03:58,658 [INFO] Scheduling entity extraction task for node_id=68891f65-0dcb-4b6a-895a-71eb4d17297d
2026-05-13 17:03:58,663 [INFO] Scheduling entity extraction task for node_id=c0acec19-02ad-49d9-8d1f-1eff80de641a
2026-05-13 17:03:58,671 [INFO] Scheduling entity extraction task for node_id=3a3c2393-c299-47e4-b19f-cd98c34c5454
2026-05-13 17:03:58,676 [INFO] Scheduling entity extraction task for node_id=22b6193d-a28c-4fc4-b44f-95d5f1c92b6e
2026-05-13 17:03:58,682 [INFO] Scheduling entity extraction task for node_id=34c2adb0-8bf5-4056-8b02-67ddd80a9b62
2026-05-13 17:03:58,688 [INFO] Scheduling entity extraction task for node_id=99608785-6e8b-49ce-a3c8-2a476d355f02
2026-05-13 17:03:58,696 [INFO] Scheduling entity extraction task for node_id=b11a15c7-a946-465e-89c3-10e30ea784ce
2026-05-13 17:03:58,703 [INFO] Scheduling entity extraction task for node_id=9c112dc4-fd9a-473d-9943-800d31915e08
2026-05-13 17:03:58,711 [INFO] Scheduling entity extraction task for node_id=6b345ef3-da1f-44aa-8894-c850653f33b4
2026-05-13 17:03:58,715 [INFO] Scheduling entity extraction task for node_id=90a273e2-7471-41f8-8a2a-9e7d8d1343e6
2026-05-13 17:03:58,721 [INFO] Scheduling entity extraction task for node_id=218c65e4-a702-4017-aa48-60820d024cf3
2026-05-13 17:03:58,728 [INFO] Scheduling entity extraction task for node_id=487e0ef9-e459-4bec-b39f-4f742c070c2a
2026-05-13 17:03:58,734 [INFO] Scheduling entity extraction task for node_id=314344d4-a17b-4390-bb19-d98855da4990
2026-05-13 17:03:58,791 [INFO] Scheduling entity extraction task for node_id=8c262f9f-ed39-4e4e-b2fa-e50c0757fcfc
2026-05-13 17:03:58,799 [INFO] Scheduling entity extraction task for node_id=df3bd4b9-be6b-42f8-b40a-a50d20e03af1
2026-05-13 17:03:58,806 [INFO] Scheduling entity extraction task for node_id=56b095c3-fbb5-4250-9d2d-e189e67ffeb2
2026-05-13 17:03:58,813 [INFO] Scheduling entity extraction task for node_id=dc2269d3-a54c-4226-a5e4-666557dfd5f8
2026-05-13 17:03:58,821 [INFO] Scheduling entity extraction task for node_id=e21d7c4e-9ade-414c-97cb-bb09f996f613
2026-05-13 17:03:58,828 [INFO] Scheduling entity extraction task for node_id=94fb02c7-f124-4c4f-81cd-6b9c8d51ee50
2026-05-13 17:03:58,833 [INFO] Scheduling entity extraction task for node_id=039bd6f0-c43b-404e-b6f9-8b0605b80e15
2026-05-13 17:03:58,840 [INFO] Scheduling entity extraction task for node_id=0f3e52c0-cb02-4fc3-986d-d44d216a6b93
2026-05-13 17:03:58,846 [INFO] Scheduling entity extraction task for node_id=6cce4559-c64d-4669-a5f6-b002430383cd
2026-05-13 17:03:58,853 [INFO] Scheduling entity extraction task for node_id=cd6c712d-a2ab-4012-8b1a-a613c6d8572f
2026-05-13 17:03:58,861 [INFO] Scheduling entity extraction task for node_id=cc7b31be-a5cc-44dc-b64d-834b5597206f
2026-05-13 17:03:58,868 [INFO] Scheduling entity extraction task for node_id=6185ac48-31e0-4c44-9de1-cab0d9527efc
2026-05-13 17:03:58,874 [INFO] Scheduling entity extraction task for node_id=50e007be-ec5c-4ed5-87bb-1ddf8efd9080
2026-05-13 17:03:58,881 [INFO] Scheduling entity extraction task for node_id=4de0071e-144b-4c26-8c74-00a12aa06120
2026-05-13 17:03:58,887 [INFO] Scheduling entity extraction task for node_id=021ca632-b2ec-47a9-9a1f-3102e2dbf24c
2026-05-13 17:03:58,893 [INFO] Scheduling entity extraction task for node_id=3da939ec-d7c7-4779-a0a2-36d537469d50
2026-05-13 17:03:58,901 [INFO] Scheduling entity extraction task for node_id=51cb560b-421e-4913-b8e7-925a291ccd3f
2026-05-13 17:03:58,907 [INFO] Scheduling entity extraction task for node_id=bd7bce1e-e410-4c8a-a62f-1990631d2008
2026-05-13 17:03:58,912 [INFO] Scheduling entity extraction task for node_id=876d4abd-c1fe-4e78-a993-37d7efe744d0
2026-05-13 17:03:58,918 [INFO] Scheduling entity extraction task for node_id=e179d00d-a00a-4393-a16c-c444866cb4d4
2026-05-13 17:03:58,926 [INFO] Scheduling entity extraction task for node_id=9952c52f-6f0f-45f7-9a41-00f0d403aa7c
2026-05-13 17:03:58,932 [INFO] Scheduling entity extraction task for node_id=1bb969da-baee-498c-84aa-eeea49d7c507
2026-05-13 17:03:58,991 [INFO] Scheduling entity extraction task for node_id=3275abfa-f8be-48be-a6d3-5729da967cdd
2026-05-13 17:03:58,999 [INFO] Scheduling entity extraction task for node_id=956ecdec-63f9-433a-9605-8d55bf05626e
2026-05-13 17:03:59,008 [INFO] Scheduling entity extraction task for node_id=192cdd5a-8e34-452c-84fc-68b5ef1228dd
2026-05-13 17:03:59,014 [INFO] Scheduling entity extraction task for node_id=c040b5cd-a262-48be-b315-72ec6b4fe01e
2026-05-13 17:03:59,022 [INFO] Scheduling entity extraction task for node_id=b2182ba4-e7e5-4aca-94f0-fd52dcec5644
2026-05-13 17:03:59,028 [INFO] Scheduling entity extraction task for node_id=1b96fb8b-cd37-4ed7-a5be-9050dfb9be9b
2026-05-13 17:03:59,035 [INFO] Scheduling entity extraction task for node_id=bc5f6a4c-4c10-4e01-ab05-d74da5b07322
2026-05-13 17:03:59,096 [INFO] Scheduling entity extraction task for node_id=b8359678-fb9b-43e0-bc13-54252d33cfe2
2026-05-13 17:03:59,102 [INFO] Scheduling entity extraction task for node_id=d33287aa-f19d-42b7-8bb0-398263d09b93
2026-05-13 17:03:59,111 [INFO] Scheduling entity extraction task for node_id=2f81c04a-f3c3-4351-88c4-04449b005f55
2026-05-13 17:03:59,121 [INFO] Scheduling entity extraction task for node_id=0093ffa9-0055-49fa-90db-e94f779f6ca8
2026-05-13 17:03:59,127 [INFO] Scheduling entity extraction task for node_id=6df98beb-0c6e-43b0-acb5-09b939ea3a89
2026-05-13 17:03:59,136 [INFO] Scheduling entity extraction task for node_id=7a2b4dfa-f068-43f4-9088-ea12cb91a8ca
2026-05-13 17:03:59,143 [INFO] Scheduling entity extraction task for node_id=005428f6-58cb-4706-af74-90c5288132f5
2026-05-13 17:03:59,151 [INFO] Scheduling entity extraction task for node_id=6f9ae40b-35cc-4be3-98e4-4133db20c630
2026-05-13 17:03:59,159 [INFO] Scheduling entity extraction task for node_id=f421dd3f-63b6-4fcd-add4-b05abe8ca9a3
2026-05-13 17:03:59,219 [INFO] Scheduling entity extraction task for node_id=abe20978-9716-481e-bd2b-3531d060b5b4
2026-05-13 17:03:59,227 [INFO] Scheduling entity extraction task for node_id=ba249aeb-7250-4bbe-be4b-c80722d7f120
2026-05-13 17:03:59,234 [INFO] Scheduling entity extraction task for node_id=fa7dfaa1-824e-4478-8173-d64bfee55af8
2026-05-13 17:03:59,244 [INFO] Scheduling entity extraction task for node_id=b23f5bca-2c01-4616-9a86-79e30a315d58
2026-05-13 17:03:59,302 [INFO] Scheduling entity extraction task for node_id=7fffd7c9-571a-48f0-be00-1338510fa795
2026-05-13 17:03:59,310 [INFO] Scheduling entity extraction task for node_id=64d9cb2f-0c02-4de1-ae03-10d58042a059
2026-05-13 17:03:59,320 [INFO] Scheduling entity extraction task for node_id=55ac7c11-7230-48fa-886e-5b164b9eb42e
2026-05-13 17:03:59,327 [INFO] Scheduling entity extraction task for node_id=6ec229bc-6f9d-4ea0-a096-a5f94e8be032
2026-05-13 17:03:59,335 [INFO] Scheduling entity extraction task for node_id=5fbaf330-597f-486e-9d2b-7fbe9fc57138
2026-05-13 17:03:59,344 [INFO] Scheduling entity extraction task for node_id=a0baee39-f8c3-42c3-94a4-c77b2e4f70bf
2026-05-13 17:03:59,352 [INFO] Scheduling entity extraction task for node_id=d9080e8a-f4e5-4107-992c-4d7f0cf2ab41
2026-05-13 17:03:59,358 [INFO] Scheduling entity extraction task for node_id=a3097f17-08db-492b-a5be-f1565792d6ad
2026-05-13 17:03:59,364 [INFO] Scheduling entity extraction task for node_id=4b5a9219-6ed3-44c5-b71d-f35eddf62d35
2026-05-13 17:03:59,372 [INFO] Scheduling entity extraction task for node_id=212ffc70-7843-4bda-8235-441dfdf42030
2026-05-13 17:03:59,383 [INFO] Scheduling entity extraction task for node_id=637d0870-748f-400d-bfb5-b2a48b779592
2026-05-13 17:03:59,389 [INFO] Scheduling entity extraction task for node_id=e21e643e-4609-4a01-ac41-aa0d8fc227c8
2026-05-13 17:03:59,394 [INFO] Scheduling entity extraction task for node_id=1f9eb190-3907-461a-bbc2-28fbe0e9e244
2026-05-13 17:03:59,398 [INFO] Scheduling entity extraction task for node_id=fdbe39b6-32a7-4319-8331-03db7bbf1654
2026-05-13 17:03:59,404 [INFO] Scheduling entity extraction task for node_id=4d096a26-a3cd-46bd-806e-0c0299d9c29b
2026-05-13 17:03:59,410 [INFO] Scheduling entity extraction task for node_id=00057770-4bd8-4d56-972d-73683f7f27e6
2026-05-13 17:03:59,417 [INFO] Scheduling entity extraction task for node_id=35d0b70b-91cf-47b7-958a-2fe56069eae7
2026-05-13 17:03:59,423 [INFO] Scheduling entity extraction task for node_id=e0fdfc75-5c92-4926-87df-00a2b33b8b48
2026-05-13 17:03:59,429 [INFO] Scheduling entity extraction task for node_id=b7a55be9-ac92-4e0f-852c-3839bce2ead2
2026-05-13 17:03:59,435 [INFO] Scheduling entity extraction task for node_id=19e014e4-0618-44d1-bb7e-f9c3845b4fe6
2026-05-13 17:03:59,442 [INFO] Scheduling entity extraction task for node_id=a7e88347-23be-492c-908b-05ade393700c
2026-05-13 17:03:59,448 [INFO] Scheduling entity extraction task for node_id=9350c812-87e8-47fa-858e-5b5e724a3ef3
2026-05-13 17:03:59,455 [INFO] Scheduling entity extraction task for node_id=eb9e0037-b23c-4a1d-962f-5632b9d8f143
2026-05-13 17:03:59,460 [INFO] Scheduling entity extraction task for node_id=0671b6a7-c0cd-4ec7-b4fb-ba68507d3d86
2026-05-13 17:03:59,466 [INFO] Scheduling entity extraction task for node_id=6788a1e5-0b12-4d57-8899-4eb08c972051
2026-05-13 17:03:59,471 [INFO] Scheduling entity extraction task for node_id=200a05e2-f32e-403e-8cf5-97062baf158a
2026-05-13 17:03:59,479 [INFO] Scheduling entity extraction task for node_id=5014eaae-55d4-4ebe-afac-57dd8291981f
2026-05-13 17:03:59,484 [INFO] Scheduling entity extraction task for node_id=c4ba650b-5996-474e-b9af-4c76a7f0873e
2026-05-13 17:03:59,490 [INFO] Scheduling entity extraction task for node_id=03ad8ed2-6a5c-447c-bc33-3841e63ee777
2026-05-13 17:03:59,497 [INFO] Scheduling entity extraction task for node_id=767f500c-901c-44bd-aa68-69c3d956cf16
2026-05-13 17:03:59,504 [INFO] Scheduling entity extraction task for node_id=4dbe74c4-3816-4df9-87ad-d44e9333e248
2026-05-13 17:03:59,511 [INFO] Scheduling entity extraction task for node_id=70935485-420e-4f6e-9e35-37c09586a5e1
2026-05-13 17:03:59,518 [INFO] Scheduling entity extraction task for node_id=902bc9fb-49f2-4e4f-9768-d4b216a74424
2026-05-13 17:03:59,526 [INFO] Scheduling entity extraction task for node_id=db7de4fa-eeac-4492-ad9b-6a8b38b03153
2026-05-13 17:03:59,532 [INFO] Scheduling entity extraction task for node_id=8fd2b648-4347-4bf2-ada3-26e52602ac52
2026-05-13 17:03:59,539 [INFO] Scheduling entity extraction task for node_id=ed7cced2-5cbe-4283-b86b-2beb8001c248
2026-05-13 17:03:59,547 [INFO] Scheduling entity extraction task for node_id=61a08c91-ea15-4d6e-a37d-71b05dee798b
2026-05-13 17:03:59,552 [INFO] Scheduling entity extraction task for node_id=c2bbcce4-9ac2-4b09-a59c-49798a803f69
2026-05-13 17:03:59,559 [INFO] Scheduling entity extraction task for node_id=52e6779a-d66e-402d-a269-67feb0256b05
2026-05-13 17:03:59,565 [INFO] Scheduling entity extraction task for node_id=26f6ac04-e3bf-47a9-a58f-d25108aeb575
2026-05-13 17:03:59,571 [INFO] Scheduling entity extraction task for node_id=91eb1478-2b6f-493b-b6ac-71cfdfe891e1
2026-05-13 17:03:59,578 [INFO] Scheduling entity extraction task for node_id=3c42e305-9428-459f-a3d3-ae1dc90b0b67
2026-05-13 17:03:59,584 [INFO] Scheduling entity extraction task for node_id=b625c57c-7201-4700-8080-463fc9ed2ba5
2026-05-13 17:03:59,591 [INFO] Scheduling entity extraction task for node_id=c68dd5f4-7476-4bbd-8531-637ab5551d4d
2026-05-13 17:03:59,598 [INFO] Scheduling entity extraction task for node_id=745170db-55a7-400f-85af-6b8f34c20ea1
2026-05-13 17:03:59,603 [INFO] Scheduling entity extraction task for node_id=fc496489-b8b8-4c91-801f-8e3359f99d40
2026-05-13 17:03:59,611 [INFO] Scheduling entity extraction task for node_id=21f8f864-7810-4c60-8559-97be19af180a
2026-05-13 17:03:59,616 [INFO] Scheduling entity extraction task for node_id=d08e6996-2370-4dc3-832b-52a0f423a9a8
2026-05-13 17:03:59,622 [INFO] Scheduling entity extraction task for node_id=bfbb4184-3e46-4bd9-9ab2-fd3420ed37ea
2026-05-13 17:03:59,629 [INFO] Scheduling entity extraction task for node_id=75693cf3-713b-434e-b44d-588564ccd443
2026-05-13 17:03:59,636 [INFO] Scheduling entity extraction task for node_id=651aa769-4770-4f07-a8d0-5516fd7135a5
2026-05-13 17:03:59,642 [INFO] Scheduling entity extraction task for node_id=e08db1ad-a8f7-4445-813e-5b03afd6b4ba
2026-05-13 17:03:59,648 [INFO] Scheduling entity extraction task for node_id=59f35189-921a-441c-85cd-08dfb7c3e13c
2026-05-13 17:03:59,655 [INFO] Scheduling entity extraction task for node_id=1ce2a908-8b77-4df2-848d-3549d8ba2ca8
2026-05-13 17:03:59,659 [INFO] Scheduling entity extraction task for node_id=9a25db9b-9ce9-4a40-984f-6d7e69f1b176
2026-05-13 17:03:59,664 [INFO] Scheduling entity extraction task for node_id=bda98767-04be-4924-93e0-1a4daeb5a51a
2026-05-13 17:03:59,670 [INFO] Scheduling entity extraction task for node_id=c926e761-a179-4c02-8da0-c5f179544f5a
2026-05-13 17:03:59,683 [INFO] Scheduling entity extraction task for node_id=6896edb8-d5c0-482e-9d3e-d9f4db8eb7dd
2026-05-13 17:03:59,689 [INFO] Scheduling entity extraction task for node_id=12bf1ed0-60df-4d2a-8056-87aaf7c1a006
2026-05-13 17:03:59,694 [INFO] Scheduling entity extraction task for node_id=79b511da-e966-40a6-b6ed-82a381006df5
2026-05-13 17:03:59,704 [INFO] Scheduling entity extraction task for node_id=47c9ea0f-205f-4fac-aed4-c9a249299b54
2026-05-13 17:03:59,709 [INFO] Scheduling entity extraction task for node_id=fcb07c68-1eb8-4775-80e1-c9e050ce12e8
2026-05-13 17:03:59,717 [INFO] Scheduling entity extraction task for node_id=d9dfecbe-3bc5-4d08-a7ea-5df7103da3bf
2026-05-13 17:03:59,722 [INFO] Scheduling entity extraction task for node_id=d471947d-15d0-424d-aa95-9c3f00fc9137
2026-05-13 17:03:59,728 [INFO] Scheduling entity extraction task for node_id=0cec1d7e-a84e-471e-9f34-be0a0fe6c9bd
2026-05-13 17:03:59,736 [INFO] Scheduling entity extraction task for node_id=45a89c91-97b2-44e2-a310-64a3aba3a464
2026-05-13 17:03:59,743 [INFO] Scheduling entity extraction task for node_id=8a751ae3-4ba4-46cc-97a6-d0646b5b644e
2026-05-13 17:03:59,749 [INFO] Scheduling entity extraction task for node_id=5d887016-015e-4727-91bd-b97828e5e874
2026-05-13 17:03:59,756 [INFO] Scheduling entity extraction task for node_id=b1db245e-b7ce-4d81-8bea-d2ab0d617c2d
2026-05-13 17:03:59,814 [INFO] Scheduling entity extraction task for node_id=7bebec6c-99d2-4d87-b281-b2cbbbdf30e2
2026-05-13 17:03:59,822 [INFO] Scheduling entity extraction task for node_id=90be5e57-b1d6-4003-ae35-15802e112fa4
2026-05-13 17:03:59,828 [INFO] Scheduling entity extraction task for node_id=38ced5d5-88a1-402b-ae0d-a4fdc5725447
2026-05-13 17:03:59,834 [INFO] Scheduling entity extraction task for node_id=d5d42ca3-ba39-4839-b968-e35bab4dd7f6
2026-05-13 17:03:59,842 [INFO] Scheduling entity extraction task for node_id=057f5ef5-4445-4e25-830d-b3d451d657b0
2026-05-13 17:03:59,848 [INFO] Scheduling entity extraction task for node_id=bccf5cf2-d262-4e32-847f-50d0443524e9
2026-05-13 17:03:59,909 [INFO] Scheduling entity extraction task for node_id=038f8a1a-d98d-4d6f-b891-5fb62223a77d
2026-05-13 17:03:59,918 [INFO] Scheduling entity extraction task for node_id=e907cc06-98d5-4e53-a881-5a57a597f76f
2026-05-13 17:03:59,924 [INFO] Scheduling entity extraction task for node_id=9ed8acab-15ae-45ba-9f1d-5d5095c8c7e1
2026-05-13 17:03:59,988 [INFO] Scheduling entity extraction task for node_id=2e895c52-48de-4c0e-bc0f-4d7bb1590620
2026-05-13 17:03:59,995 [INFO] Scheduling entity extraction task for node_id=1699e325-9879-4d2d-9fe7-979808be8207
2026-05-13 17:04:00,002 [INFO] Scheduling entity extraction task for node_id=69d925d0-1a7f-40e4-b26c-330be6fe5fe2
2026-05-13 17:04:00,010 [INFO] Scheduling entity extraction task for node_id=23ef1834-cca9-4b2e-96b4-c1ab6cc2962e
2026-05-13 17:04:00,019 [INFO] Scheduling entity extraction task for node_id=8bb55e60-32d4-4361-a3d6-7b27c417b87c
2026-05-13 17:04:00,027 [INFO] Scheduling entity extraction task for node_id=06b000e0-a037-4ae9-9bd6-c26efc54bea6
2026-05-13 17:04:00,034 [INFO] Scheduling entity extraction task for node_id=491d7206-1cdf-4759-815b-4a579a44e52a
2026-05-13 17:04:00,042 [INFO] Scheduling entity extraction task for node_id=a1a1dca9-0f65-47fe-bbf9-c41eabfb4f90
2026-05-13 17:04:00,050 [INFO] Scheduling entity extraction task for node_id=b2bdceb6-8924-4216-9cea-b4d3efce872d
2026-05-13 17:04:00,056 [INFO] Scheduling entity extraction task for node_id=5d9513ad-008e-4a2e-9ae4-ecde6832f1a3
2026-05-13 17:04:00,064 [INFO] Scheduling entity extraction task for node_id=9cbea03b-cac0-4146-a239-8a765245296e
2026-05-13 17:04:00,071 [INFO] Scheduling entity extraction task for node_id=4ed3de65-3134-4ca4-bcf3-71048d78388f
2026-05-13 17:04:00,076 [INFO] Scheduling entity extraction task for node_id=00f62dac-b7c7-4922-9937-3cfae9d6bbf1
2026-05-13 17:04:00,085 [INFO] Scheduling entity extraction task for node_id=31192625-0ce1-48a3-a859-b810cf2ad960
2026-05-13 17:04:00,092 [INFO] Scheduling entity extraction task for node_id=ee0fc8cc-1f3e-49c9-860c-8823334b4afc
2026-05-13 17:04:00,099 [INFO] Scheduling entity extraction task for node_id=0fd67eaa-77d3-4d68-9ac0-691045aeb59c
2026-05-13 17:04:00,104 [INFO] Scheduling entity extraction task for node_id=973308e9-988f-49f5-aa40-15dca1668291
2026-05-13 17:04:00,110 [INFO] Scheduling entity extraction task for node_id=db4b9127-8a3f-437e-8749-ac3b28089573
2026-05-13 17:04:00,116 [INFO] Scheduling entity extraction task for node_id=09e32811-e3de-4533-bc4d-837a1748de61
2026-05-13 17:04:00,124 [INFO] Scheduling entity extraction task for node_id=8f58c71c-c2c8-40cf-9645-4f8139cb9c9b
2026-05-13 17:04:00,130 [INFO] Scheduling entity extraction task for node_id=1f339411-84b1-4e62-bc6b-aaa31975fccd
2026-05-13 17:04:00,136 [INFO] Scheduling entity extraction task for node_id=e1387678-1d15-4618-be3e-f26a1e71e696
2026-05-13 17:04:00,140 [INFO] Scheduling entity extraction task for node_id=adb6308a-9298-421f-b950-b530ddef02b0
2026-05-13 17:04:00,148 [INFO] Scheduling entity extraction task for node_id=4ea5a9b3-9f98-4e15-b795-12e0af2da024
2026-05-13 17:04:00,156 [INFO] Scheduling entity extraction task for node_id=e0534cee-6265-4e29-a0bf-99f36de6c558
2026-05-13 17:04:00,162 [INFO] Scheduling entity extraction task for node_id=63938005-1bf2-4853-ac9c-84401b4ebdfe
2026-05-13 17:04:00,168 [INFO] Scheduling entity extraction task for node_id=02b8418a-3ffc-4894-a2b3-6dec5707ef51
2026-05-13 17:04:00,227 [INFO] Scheduling entity extraction task for node_id=ecd53e4d-719f-4ee3-abe5-b98a9da06763
2026-05-13 17:04:00,233 [INFO] Scheduling entity extraction task for node_id=54b4c697-7acf-4327-8e82-0a41f2c6c732
2026-05-13 17:04:00,240 [INFO] Scheduling entity extraction task for node_id=1827a412-936b-43ab-968f-c0f7d4443f1b
2026-05-13 17:04:00,247 [INFO] Scheduling entity extraction task for node_id=ba6cf0e9-fcc7-45c7-9a81-278279a5ee5d
2026-05-13 17:04:00,253 [INFO] Scheduling entity extraction task for node_id=857bc563-18be-438b-a92b-aeab48c04a36
2026-05-13 17:04:00,261 [INFO] Scheduling entity extraction task for node_id=116ae277-559e-4d71-b2c4-5bd15a80c975
2026-05-13 17:04:00,268 [INFO] Scheduling entity extraction task for node_id=0eb576ce-e837-4fa2-ba95-331b54c8d6af
2026-05-13 17:04:00,276 [INFO] Scheduling entity extraction task for node_id=e5fc3a90-ca8e-4cb5-89b6-db2e23c9af1b
2026-05-13 17:04:00,284 [INFO] Scheduling entity extraction task for node_id=81c97cff-776b-4377-96f3-dd7a877a7a23
2026-05-13 17:04:00,290 [INFO] Scheduling entity extraction task for node_id=e1c9df2d-d691-45da-9009-6e15e62d47f5
2026-05-13 17:04:00,349 [INFO] Scheduling entity extraction task for node_id=5a391b15-3e43-480a-8217-a74a7a3ee440
2026-05-13 17:04:00,357 [INFO] Scheduling entity extraction task for node_id=aed23336-85f3-4db7-8703-a451ca3282ef
2026-05-13 17:04:00,366 [INFO] Scheduling entity extraction task for node_id=90980150-124d-4708-b4f8-cd5ab0138464
2026-05-13 17:04:00,373 [INFO] Scheduling entity extraction task for node_id=711a6134-c3e3-4109-9327-cd54cdc7baaa
2026-05-13 17:04:00,381 [INFO] Scheduling entity extraction task for node_id=0555ee8d-2385-4ce9-ad05-7b04ed495ac1
2026-05-13 17:04:00,389 [INFO] Scheduling entity extraction task for node_id=d41f39b6-c2d6-453c-b029-609211ca7d1e
2026-05-13 17:04:00,397 [INFO] Scheduling entity extraction task for node_id=3152b3c9-4c77-4db9-a0d3-3016aad07d09
2026-05-13 17:04:00,405 [INFO] Scheduling entity extraction task for node_id=03e45fec-51a9-46a7-a4e9-58c96c68966c
2026-05-13 17:04:00,414 [INFO] Scheduling entity extraction task for node_id=b6996c0f-885d-4755-b4ae-cabf1ad301e7
2026-05-13 17:04:00,420 [INFO] Scheduling entity extraction task for node_id=69aa9dcc-e66d-4197-9d3a-cf95354b63e9
2026-05-13 17:04:00,428 [INFO] Scheduling entity extraction task for node_id=c6952810-f056-450c-8ab3-57d4d4bc1cca
2026-05-13 17:04:00,435 [INFO] Scheduling entity extraction task for node_id=4c279985-76de-41a4-88fa-6500fca649d0
2026-05-13 17:04:00,444 [INFO] Scheduling entity extraction task for node_id=e8ec9515-5de9-4c79-9abd-3d7322a73f3c
2026-05-13 17:04:00,450 [INFO] Scheduling entity extraction task for node_id=4e7e7651-4112-46ff-bad2-bd04bf7beaa3
2026-05-13 17:04:00,456 [INFO] Scheduling entity extraction task for node_id=2d32e775-b81c-41b9-9220-eb48282883e1
2026-05-13 17:04:00,463 [INFO] Scheduling entity extraction task for node_id=0a7c00bb-2cd1-4988-b636-a6c6c221989a
2026-05-13 17:04:00,469 [INFO] Scheduling entity extraction task for node_id=40eb54b0-67d3-42f6-8d24-236e7a6f5ce2
2026-05-13 17:04:00,476 [INFO] Scheduling entity extraction task for node_id=f5d56c2d-8650-48ff-b9c8-afc5c50556aa
2026-05-13 17:04:00,482 [INFO] Scheduling entity extraction task for node_id=254b75d8-1d35-470c-9d58-fb92a8798dc1
2026-05-13 17:04:00,488 [INFO] Scheduling entity extraction task for node_id=35520c98-9b10-4695-8a54-322a96e24049
2026-05-13 17:04:00,494 [INFO] Scheduling entity extraction task for node_id=70cd6c4a-25cc-44c4-bd65-9a690c59f82f
2026-05-13 17:04:00,502 [INFO] Scheduling entity extraction task for node_id=1e3e3cf3-ff28-4b94-b880-c4e049d19260
2026-05-13 17:04:00,508 [INFO] Scheduling entity extraction task for node_id=29c9dddb-6cf2-445a-8660-fdc9998cddb6
2026-05-13 17:04:00,517 [INFO] Scheduling entity extraction task for node_id=e715a009-6f58-4f44-8a96-aa043b4b3084
2026-05-13 17:04:00,522 [INFO] Scheduling entity extraction task for node_id=454906f2-462c-4e24-8e9b-c2c5c1ed98b8
2026-05-13 17:04:00,528 [INFO] Scheduling entity extraction task for node_id=bdd86870-786a-4da4-80ee-4179d933735a
2026-05-13 17:04:00,535 [INFO] Scheduling entity extraction task for node_id=fabb01fe-75fd-41c5-be95-e390a5994b95
2026-05-13 17:04:00,541 [INFO] Scheduling entity extraction task for node_id=b2cacdd6-288b-4ad1-95e4-f81ec134d136
2026-05-13 17:04:00,547 [INFO] Scheduling entity extraction task for node_id=b81b0ee2-3d0e-4a50-bfba-bd75d32d3b87
2026-05-13 17:04:00,554 [INFO] Scheduling entity extraction task for node_id=bb67902c-3146-4636-83cc-b02fd4d6e0c0
2026-05-13 17:04:00,560 [INFO] Scheduling entity extraction task for node_id=0797ca59-c3ad-4de1-ab0b-dc73f35025a1
2026-05-13 17:04:00,567 [INFO] Scheduling entity extraction task for node_id=ecd5837b-4a27-4b4c-8733-61d5f35cd69e
2026-05-13 17:04:00,575 [INFO] Scheduling entity extraction task for node_id=4e1b68df-22ef-47f1-b5d6-5681dffc478e
2026-05-13 17:04:00,583 [INFO] Scheduling entity extraction task for node_id=abfc5ce0-2b92-4a47-8be7-4e9b724b6cf6
2026-05-13 17:04:00,593 [INFO] Scheduling entity extraction task for node_id=cd6302f0-19e5-493c-9866-e312317678be
2026-05-13 17:04:00,599 [INFO] Scheduling entity extraction task for node_id=25081168-bb72-4e95-b4b7-44b4d497ab98
2026-05-13 17:04:00,606 [INFO] Scheduling entity extraction task for node_id=8a26f60f-4ad9-46e5-a278-df51f043bf63
2026-05-13 17:04:00,613 [INFO] Scheduling entity extraction task for node_id=b5dd010a-53e6-413c-bde2-2194d0f162a9
2026-05-13 17:04:00,620 [INFO] Scheduling entity extraction task for node_id=2c464abc-fcd6-48b8-ac0d-cbabbace45fc
2026-05-13 17:04:00,626 [INFO] Scheduling entity extraction task for node_id=b59cbd68-acab-45bd-8ba5-1a992df51b62
2026-05-13 17:04:00,633 [INFO] Scheduling entity extraction task for node_id=21d421a9-d3c7-44ab-8323-239897533f4c
2026-05-13 17:04:00,642 [INFO] Scheduling entity extraction task for node_id=0823ac2b-6171-4c8a-b8df-1faa9173b564
2026-05-13 17:04:00,648 [INFO] Scheduling entity extraction task for node_id=878b972b-c1c6-43a2-ad68-5df492caf99c
2026-05-13 17:04:00,654 [INFO] Scheduling entity extraction task for node_id=5fb5755d-e77d-4887-b725-d7a36afb50e6
2026-05-13 17:04:00,661 [INFO] Scheduling entity extraction task for node_id=f20b80e8-898a-4eab-9ca9-b799c44754ea
2026-05-13 17:04:00,667 [INFO] Scheduling entity extraction task for node_id=92ce9521-0c8f-4ca5-bb5c-cf70aace5d6d
2026-05-13 17:04:00,674 [INFO] Scheduling entity extraction task for node_id=f3acd112-470f-45c9-9e82-c0fb805cd893
2026-05-13 17:04:00,679 [INFO] Scheduling entity extraction task for node_id=ad327ce3-d728-4fd7-b65b-cb1ac645b424
2026-05-13 17:04:00,687 [INFO] Scheduling entity extraction task for node_id=0d51097d-5399-4d5a-adee-d7739edc03da
2026-05-13 17:04:00,695 [INFO] Scheduling entity extraction task for node_id=7371b37f-61c4-49ac-a10c-bee87d0cb45f
2026-05-13 17:04:00,747 [INFO] Scheduling entity extraction task for node_id=7736271e-9a3b-4eb2-98cf-2838819cccc1
2026-05-13 17:04:00,753 [INFO] Scheduling entity extraction task for node_id=42541fe8-bd48-411d-88fc-4d9a09f72ab5
2026-05-13 17:04:00,757 [INFO] Scheduling entity extraction task for node_id=e8a00a6f-7d64-423f-9e68-78629bfc40bc
2026-05-13 17:04:00,773 [INFO] Scheduling entity extraction task for node_id=5e5327e8-ad27-4144-b3a3-72a91313f3ae
2026-05-13 17:04:00,778 [INFO] Scheduling entity extraction task for node_id=d8c74f97-8b87-466c-94e1-243d9e134616
2026-05-13 17:04:00,783 [INFO] Scheduling entity extraction task for node_id=73d7dd5a-97b3-4766-8a56-6e4523d395a5
2026-05-13 17:04:00,788 [INFO] Scheduling entity extraction task for node_id=d6647968-2d7f-4e23-a3c8-3f532d3dcba4
2026-05-13 17:04:00,793 [INFO] Scheduling entity extraction task for node_id=a774846f-5eff-4142-9ed7-c1b3f6aa501a
2026-05-13 17:04:00,807 [INFO] Scheduling entity extraction task for node_id=ac9d032b-2465-4afc-89fc-204f60e2eec6
2026-05-13 17:04:00,866 [INFO] Scheduling entity extraction task for node_id=2e960046-4da3-4af0-a53e-959a25c263dd
2026-05-13 17:04:00,872 [INFO] Scheduling entity extraction task for node_id=d1d45c99-f71a-460d-b4a9-beadc8f510e6
2026-05-13 17:04:00,878 [INFO] Scheduling entity extraction task for node_id=53c83a9c-5cdf-4534-b4e6-30bbc35760b6
2026-05-13 17:04:00,885 [INFO] Scheduling entity extraction task for node_id=32dd0880-803f-4ae9-82cd-706531c5f9c0
2026-05-13 17:04:00,892 [INFO] Scheduling entity extraction task for node_id=e4d5c59c-5cd0-49b0-89e7-cc488335b524
2026-05-13 17:04:00,899 [INFO] Scheduling entity extraction task for node_id=09e98757-8fd5-4c17-95a4-a9707072f89e
2026-05-13 17:04:00,903 [INFO] Scheduling entity extraction task for node_id=748ac429-51a1-4e89-afe3-b7f5548bc1b3
2026-05-13 17:04:00,909 [INFO] Scheduling entity extraction task for node_id=aa7a94e4-2099-42a4-bf7e-b5a107118d68
2026-05-13 17:04:00,915 [INFO] Scheduling entity extraction task for node_id=d18c3750-0a7e-421f-821b-5077c8b0464e
2026-05-13 17:04:00,920 [INFO] Scheduling entity extraction task for node_id=05eb55b4-4a9c-4c32-8bbf-dde75a57b199
2026-05-13 17:04:00,926 [INFO] Scheduling entity extraction task for node_id=f94369a6-1c51-4bac-b135-1224c1cd0e3c
2026-05-13 17:04:00,931 [INFO] Scheduling entity extraction task for node_id=190a6fdf-8503-4a8f-9386-60e2443ddab1
2026-05-13 17:04:00,936 [INFO] Scheduling entity extraction task for node_id=59206660-f120-4756-88b1-a3d8692cbbba
2026-05-13 17:04:00,941 [INFO] Scheduling entity extraction task for node_id=dd56a27a-60cf-478a-8535-2be8d77f064d
2026-05-13 17:04:00,946 [INFO] Scheduling entity extraction task for node_id=d8ff0f8b-64f1-4b82-b743-248722375b00
2026-05-13 17:04:00,950 [INFO] Scheduling entity extraction task for node_id=45675332-825b-4a3a-9bad-d13b538c0a53
2026-05-13 17:04:00,955 [INFO] Scheduling entity extraction task for node_id=3c53615c-0838-46b0-8eac-b5fbfb6965f3
2026-05-13 17:04:00,959 [INFO] Scheduling entity extraction task for node_id=daa8b70d-5ca4-45b2-b704-e4437d6f9068
2026-05-13 17:04:00,963 [INFO] Scheduling entity extraction task for node_id=fdca4241-fef8-433d-8322-749b82555764
2026-05-13 17:04:00,968 [INFO] Scheduling entity extraction task for node_id=3e76ba34-2f1a-440a-8624-ed5c7cb7df41
2026-05-13 17:04:00,972 [INFO] Scheduling entity extraction task for node_id=4f1fbaed-f6ad-467d-85d7-db2576e55c90
2026-05-13 17:04:00,976 [INFO] Scheduling entity extraction task for node_id=78416fe7-8631-43d9-92f8-a456dfcf4ad7
2026-05-13 17:04:00,981 [INFO] Scheduling entity extraction task for node_id=ff223030-409e-41b9-9902-48bf90744ced
2026-05-13 17:04:00,986 [INFO] Scheduling entity extraction task for node_id=bd4d070e-a299-4e56-91c0-4d5878cce6be
2026-05-13 17:04:00,991 [INFO] Scheduling entity extraction task for node_id=63b7dc41-e08a-471f-92c5-41ff05586f7d
2026-05-13 17:04:00,996 [INFO] Scheduling entity extraction task for node_id=e2085a0f-9506-4c90-9683-b1ce81b5eaa7
2026-05-13 17:04:01,001 [INFO] Scheduling entity extraction task for node_id=f735c914-f9f2-4455-9ee5-dd7388a8eb2a
2026-05-13 17:04:01,007 [INFO] Scheduling entity extraction task for node_id=7bd29e86-b200-4369-8f16-8370be7658f2
2026-05-13 17:04:01,011 [INFO] Scheduling entity extraction task for node_id=c28fa2aa-6af8-402b-aeb4-90753262fd74
2026-05-13 17:04:01,016 [INFO] Scheduling entity extraction task for node_id=0dc78b36-ee44-4e4c-aa6e-c0f81d9640ca
2026-05-13 17:04:01,020 [INFO] Scheduling entity extraction task for node_id=69fbaf41-b1c8-45ac-aec6-4351942dd796
2026-05-13 17:04:01,025 [INFO] Scheduling entity extraction task for node_id=52ae8d00-d027-458e-981b-66863507dd47
2026-05-13 17:04:01,078 [INFO] Scheduling entity extraction task for node_id=9bf75e5a-1b71-45f4-a8a3-1b75e7512377
2026-05-13 17:04:01,083 [INFO] Scheduling entity extraction task for node_id=7d76ee33-21fd-4c6e-9487-f1999d7bb2b1
2026-05-13 17:04:01,089 [INFO] Scheduling entity extraction task for node_id=44fe40af-9e93-44f2-b6e7-f16685a1e14e
2026-05-13 17:04:01,095 [INFO] Scheduling entity extraction task for node_id=e9fa9489-f852-4700-a9f3-2c9ea1687d75
2026-05-13 17:04:01,100 [INFO] Scheduling entity extraction task for node_id=f83deef1-6007-4de5-9667-a284b416bcd3
2026-05-13 17:04:01,106 [INFO] Scheduling entity extraction task for node_id=9797318d-c11c-469d-b627-2947908286c6
2026-05-13 17:04:01,112 [INFO] Scheduling entity extraction task for node_id=dffb5de4-9d81-4ea9-a672-f7a9a5c9c1a6
2026-05-13 17:04:01,118 [INFO] Scheduling entity extraction task for node_id=572e0bd0-6e53-4b41-9b66-8757314a0113
2026-05-13 17:04:01,124 [INFO] Scheduling entity extraction task for node_id=d0512d37-66cf-4653-90cd-be9c1ef08d6a
2026-05-13 17:04:01,132 [INFO] Scheduling entity extraction task for node_id=b582e3ce-9d4a-485d-a10e-561d77bcf368
2026-05-13 17:04:01,139 [INFO] Scheduling entity extraction task for node_id=78481da1-96ab-44e7-b804-059473769b0f
2026-05-13 17:04:01,144 [INFO] Scheduling entity extraction task for node_id=5bc9e331-04da-4d11-a6e4-c36a4b049807
2026-05-13 17:04:01,149 [INFO] Scheduling entity extraction task for node_id=35ce0019-6725-4b3e-8167-41e3c9b06756
2026-05-13 17:04:01,201 [INFO] Scheduling entity extraction task for node_id=59525516-1cd8-492c-8ecf-92468cf56314
2026-05-13 17:04:01,205 [INFO] Scheduling entity extraction task for node_id=fa63b2a6-8a20-4206-9405-eaf09f61eb44
2026-05-13 17:04:01,256 [INFO] Scheduling entity extraction task for node_id=c16363b7-3da4-4d4d-8ae9-0c7bb9316c2a
2026-05-13 17:04:01,309 [INFO] Scheduling entity extraction task for node_id=9ede4b3e-7cb1-4101-b209-d956da1b5f2a
2026-05-13 17:04:01,313 [INFO] Scheduling entity extraction task for node_id=adf6bc77-86a8-4df3-8ebf-b069c714c171
2026-05-13 17:04:01,319 [INFO] Scheduling entity extraction task for node_id=7da211f2-8509-4c82-89a4-d66950203e9d
2026-05-13 17:04:01,326 [INFO] Scheduling entity extraction task for node_id=1cdafcaa-d193-4b0d-b067-3359384a582d
2026-05-13 17:04:01,331 [INFO] Scheduling entity extraction task for node_id=c185b216-ff87-4e00-beff-cd59dc09d0ff
2026-05-13 17:04:01,335 [INFO] Scheduling entity extraction task for node_id=22e7e9a5-5532-4b33-b986-2dc74ab4ca8b
2026-05-13 17:04:01,341 [INFO] Scheduling entity extraction task for node_id=e79b274f-9120-4e24-81e0-e0d58fda9c49
2026-05-13 17:04:01,345 [INFO] Scheduling entity extraction task for node_id=58720338-0921-411a-bc98-1d6380f2d0b0
2026-05-13 17:04:01,349 [INFO] Scheduling entity extraction task for node_id=ad63d2aa-8aa3-43c1-91f8-7b097e246d3c
2026-05-13 17:04:01,354 [INFO] Scheduling entity extraction task for node_id=359914b9-9394-448e-a50c-46e231fa008b
2026-05-13 17:04:01,359 [INFO] Scheduling entity extraction task for node_id=a05786fa-3c28-42f9-b834-9ef04965d56c
2026-05-13 17:04:01,364 [INFO] Scheduling entity extraction task for node_id=0883ed04-e4d2-4f15-bfb1-842d5c5e5622
2026-05-13 17:04:01,369 [INFO] Scheduling entity extraction task for node_id=b4731fcb-4bc5-486f-9d3c-cb813342bbfe
2026-05-13 17:04:01,374 [INFO] Scheduling entity extraction task for node_id=e8c77aa5-7dea-40ae-92a3-aabeee09710c
2026-05-13 17:04:01,378 [INFO] Scheduling entity extraction task for node_id=1a6c34bb-60ee-48e4-9d27-f8bfe27377c1
2026-05-13 17:04:01,383 [INFO] Scheduling entity extraction task for node_id=4a24334a-caca-4a97-abcc-90dc6490b0ed
2026-05-13 17:04:01,387 [INFO] Scheduling entity extraction task for node_id=44ee4f48-45bd-44fa-b0dd-5e5dd9ce296a
2026-05-13 17:04:01,392 [INFO] Scheduling entity extraction task for node_id=26e464a4-155d-46ea-bac1-fadda0f84d04
2026-05-13 17:04:01,397 [INFO] Scheduling entity extraction task for node_id=44e26812-681a-4fcb-b855-749957b0b0ac
2026-05-13 17:04:01,402 [INFO] Scheduling entity extraction task for node_id=68d17c6e-8ceb-4974-a6b9-bcce0035eb47
2026-05-13 17:04:01,406 [INFO] Scheduling entity extraction task for node_id=1388f4e5-9ee4-4e7b-b88a-4e1f86ea162b
2026-05-13 17:04:01,411 [INFO] Scheduling entity extraction task for node_id=49632c78-36d2-441b-b6c8-49edb932bf95
2026-05-13 17:04:01,416 [INFO] Scheduling entity extraction task for node_id=dc4fb521-acfe-4f1d-978d-7e54cb9705d2
2026-05-13 17:04:01,420 [INFO] Scheduling entity extraction task for node_id=d6cd75a7-1ff8-41db-a2f2-430b115e8ee3
2026-05-13 17:04:01,424 [INFO] Scheduling entity extraction task for node_id=3a096760-5513-4f28-89c4-cb5840b10918
2026-05-13 17:04:01,429 [INFO] Scheduling entity extraction task for node_id=b798352c-8aef-4301-aece-ef643164b293
2026-05-13 17:04:01,433 [INFO] Scheduling entity extraction task for node_id=51d97b90-9247-450e-90fb-c8cf7c0dcf33
2026-05-13 17:04:01,438 [INFO] Scheduling entity extraction task for node_id=5f73b443-8e79-4e16-aefe-f9e564f9493f
2026-05-13 17:04:01,443 [INFO] Scheduling entity extraction task for node_id=f21035fd-b0e2-4825-9218-eddfa611d256
2026-05-13 17:04:01,447 [INFO] Scheduling entity extraction task for node_id=9fe21d6a-731c-4d46-8b92-15d5633e9ae4
2026-05-13 17:04:01,452 [INFO] Scheduling entity extraction task for node_id=5d3e2464-4178-4c0c-a3ca-4d61cc908402
2026-05-13 17:04:01,504 [INFO] Scheduling entity extraction task for node_id=24006f93-4f27-4fd1-aa35-316df50ec273
2026-05-13 17:04:01,508 [INFO] Scheduling entity extraction task for node_id=d6e9b8b6-b7f2-460b-9a47-4054b8c0729e
2026-05-13 17:04:01,513 [INFO] Scheduling entity extraction task for node_id=2228f54c-9f9c-43c4-9124-4c0a66e5862a
2026-05-13 17:04:01,518 [INFO] Scheduling entity extraction task for node_id=ef285009-e10e-40c0-9e23-4e9b7a1a37fc
2026-05-13 17:04:01,523 [INFO] Scheduling entity extraction task for node_id=c2087bf6-70ab-4257-9df9-215939e5ea71
2026-05-13 17:04:01,527 [INFO] Scheduling entity extraction task for node_id=afcbca8e-738d-4697-bc62-78967e4959f2
2026-05-13 17:04:01,531 [INFO] Scheduling entity extraction task for node_id=0daaf7cd-ed2a-431a-a9c6-38e7b2f908fe
2026-05-13 17:04:01,536 [INFO] Scheduling entity extraction task for node_id=8424ca29-d759-4f0b-86e2-55356d5788c6
2026-05-13 17:04:01,542 [INFO] Scheduling entity extraction task for node_id=90ca9820-dae1-45c9-9528-ef8cd3ed6c02
2026-05-13 17:04:01,596 [INFO] Scheduling entity extraction task for node_id=b8601788-b56f-450b-aa5b-f0a5d732cd4d
2026-05-13 17:04:01,602 [INFO] Scheduling entity extraction task for node_id=c49ee222-de7b-43cf-8892-cd4efcbc6672
2026-05-13 17:04:01,607 [INFO] Scheduling entity extraction task for node_id=cb1ea569-aa04-46de-a4a5-79cb4c1e5462
2026-05-13 17:04:01,614 [INFO] Scheduling entity extraction task for node_id=90a09eef-2177-41db-8c53-262722dcce3f
2026-05-13 17:04:01,619 [INFO] Scheduling entity extraction task for node_id=1ed1040d-5f6a-4ed0-98e9-1125f40651d1
2026-05-13 17:04:01,623 [INFO] Scheduling entity extraction task for node_id=594355cd-74b0-4c0e-ad94-001e7c85a5db
2026-05-13 17:04:01,628 [INFO] Scheduling entity extraction task for node_id=d9815040-ce2c-49fa-bf6c-5db0a643237f
2026-05-13 17:04:01,632 [INFO] Scheduling entity extraction task for node_id=9ebead24-1f65-4fcc-9a6b-8300f92545ca
2026-05-13 17:04:01,637 [INFO] Scheduling entity extraction task for node_id=76ea0862-3b4d-4d8f-99db-27e79e8ebf14
2026-05-13 17:04:01,642 [INFO] Scheduling entity extraction task for node_id=98b1665d-4567-436e-a83c-80086f154c5b
2026-05-13 17:04:01,646 [INFO] Scheduling entity extraction task for node_id=15375c95-9697-43fd-a1ff-d7653a652236
2026-05-13 17:04:01,650 [INFO] Scheduling entity extraction task for node_id=e301316c-e530-4065-b3c1-ab278ed22795
2026-05-13 17:04:01,655 [INFO] Scheduling entity extraction task for node_id=0d6a7c4d-8a84-4851-9f2c-5001b26d98c8
2026-05-13 17:04:01,659 [INFO] Scheduling entity extraction task for node_id=c0b2f559-9b81-42d5-9e1d-79cb2ca1e23c
2026-05-13 17:04:01,663 [INFO] Scheduling entity extraction task for node_id=75270557-663a-484a-a667-7fe74bb74c21
2026-05-13 17:04:01,668 [INFO] Scheduling entity extraction task for node_id=baf8b49f-f260-4ed9-8b95-3861dee13360
2026-05-13 17:04:01,672 [INFO] Scheduling entity extraction task for node_id=aa7722b1-f054-481d-8237-14f2e9e90421
2026-05-13 17:04:01,677 [INFO] Scheduling entity extraction task for node_id=575c6773-57cf-4216-abb2-07d30c2c667c
2026-05-13 17:04:01,681 [INFO] Scheduling entity extraction task for node_id=cfbd099e-5776-4857-9088-e0c06724f79e
2026-05-13 17:04:01,685 [INFO] Scheduling entity extraction task for node_id=e505c753-9003-446e-8de4-02dcf015d4d3
2026-05-13 17:04:01,690 [INFO] Scheduling entity extraction task for node_id=fa19de8b-9e9b-44bc-b5f0-96d66f18df24
2026-05-13 17:04:01,696 [INFO] Scheduling entity extraction task for node_id=f62da78b-41a1-472d-b5a8-723b18329ba8
2026-05-13 17:04:01,702 [INFO] Scheduling entity extraction task for node_id=08afdb60-ba04-476b-a2be-712890ef2a8d
2026-05-13 17:04:01,707 [INFO] Scheduling entity extraction task for node_id=b18e20a6-0f28-413f-ae49-2cb4985731ef
2026-05-13 17:04:01,713 [INFO] Scheduling entity extraction task for node_id=39231990-8567-429f-8934-b136ca426297
2026-05-13 17:04:01,718 [INFO] Scheduling entity extraction task for node_id=498d0fe7-ef43-4e2d-aa73-c77e283d5a49
2026-05-13 17:04:01,723 [INFO] Scheduling entity extraction task for node_id=b8924169-8bc6-4d98-b7df-04c05a7c5188
2026-05-13 17:04:01,727 [INFO] Scheduling entity extraction task for node_id=1fe7fe54-67c5-4cea-b7b1-6efdd219cbc2
2026-05-13 17:04:01,732 [INFO] Scheduling entity extraction task for node_id=dffbe38e-d66a-4b42-b585-4f426e6744dd
2026-05-13 17:04:01,736 [INFO] Scheduling entity extraction task for node_id=ad66244c-883f-4abc-8693-284e18f51095
2026-05-13 17:04:01,740 [INFO] Scheduling entity extraction task for node_id=70d11608-b1b9-4089-aba0-bb09683a0423
2026-05-13 17:04:01,745 [INFO] Scheduling entity extraction task for node_id=ab2656df-62b4-43b4-8efa-92fa6354245a
2026-05-13 17:04:01,749 [INFO] Scheduling entity extraction task for node_id=801d2bfe-1974-4b98-ae22-1b9fc58a3859
2026-05-13 17:04:01,754 [INFO] Scheduling entity extraction task for node_id=902144d0-873c-4599-8f92-e7efc4fe3836
2026-05-13 17:04:01,759 [INFO] Scheduling entity extraction task for node_id=21de1cec-4cb7-46f4-824a-cb2eb9932e4b
2026-05-13 17:04:01,764 [INFO] Scheduling entity extraction task for node_id=8ce2ba15-c7b2-449d-b59e-839e4685c292
2026-05-13 17:04:01,767 [INFO] Scheduling entity extraction task for node_id=87a6625f-81d7-4a7d-b4cc-b6b5cfec1e8d
2026-05-13 17:04:01,772 [INFO] Scheduling entity extraction task for node_id=8b3e5297-6f70-463f-8609-f6872587e611
2026-05-13 17:04:01,776 [INFO] Scheduling entity extraction task for node_id=b50b4828-7ee9-42e4-bf28-c80e8b6ed954
2026-05-13 17:04:01,780 [INFO] Scheduling entity extraction task for node_id=6c95f457-5eed-4458-8a20-96a819276b24
2026-05-13 17:04:01,785 [INFO] Scheduling entity extraction task for node_id=12d9a25a-1c77-4d15-a12f-6483d1ec5fc4
2026-05-13 17:04:01,789 [INFO] Scheduling entity extraction task for node_id=67a34f49-5600-45f6-aa3c-573143af83d5
2026-05-13 17:04:01,794 [INFO] Scheduling entity extraction task for node_id=2664250c-ed05-49c6-95ed-72fc92909609
2026-05-13 17:04:01,798 [INFO] Scheduling entity extraction task for node_id=976f8a38-dee5-4ee7-a1dc-db0604425fa6
2026-05-13 17:04:01,805 [INFO] Scheduling entity extraction task for node_id=248c3bb5-8871-441e-acd6-ee476be08914
2026-05-13 17:04:01,810 [INFO] Scheduling entity extraction task for node_id=4d0a4678-3443-40f9-a421-777350e4aff0
2026-05-13 17:04:01,864 [INFO] Scheduling entity extraction task for node_id=f83457cd-6b4e-42e8-8ad2-271d5e066d89
2026-05-13 17:04:01,870 [INFO] Scheduling entity extraction task for node_id=6d9d6726-816b-4abf-be62-05239a885b0d
2026-05-13 17:04:01,927 [INFO] Scheduling entity extraction task for node_id=347c9a43-ab86-4d5e-9fab-f4aaf21564f2
2026-05-13 17:04:01,933 [INFO] Scheduling entity extraction task for node_id=9d7f7e36-99fd-4284-98fe-dc6aa70bb5ec
2026-05-13 17:04:01,938 [INFO] Scheduling entity extraction task for node_id=71ab1647-4da8-47aa-84f7-967cc51dae2e
2026-05-13 17:04:01,944 [INFO] Scheduling entity extraction task for node_id=b7e9cced-b14c-4f78-be5f-545e4bb59638
2026-05-13 17:04:01,950 [INFO] Scheduling entity extraction task for node_id=e0f99cb0-d485-40c6-aa47-9369e7d0f3fd
2026-05-13 17:04:01,956 [INFO] Scheduling entity extraction task for node_id=2b9a0bce-ddbe-48df-9077-52e9a68837b8
2026-05-13 17:04:01,963 [INFO] Scheduling entity extraction task for node_id=17eb154e-57a6-49b8-ab58-64e6eb764487
2026-05-13 17:04:01,968 [INFO] Scheduling entity extraction task for node_id=a3af4d88-301f-4432-85e2-fb5594019cc4
2026-05-13 17:04:01,972 [INFO] Scheduling entity extraction task for node_id=3d78a20a-2f21-43ab-938b-65b7014c64b4
2026-05-13 17:04:01,976 [INFO] Scheduling entity extraction task for node_id=ce1fc527-a250-44a5-a532-76eead583597
2026-05-13 17:04:01,981 [INFO] Scheduling entity extraction task for node_id=8e6f0ff7-bc04-40ff-977d-53b6d8b8621f
2026-05-13 17:04:01,985 [INFO] Scheduling entity extraction task for node_id=e9d7ab0e-a792-448e-86d1-18931166b5a5
2026-05-13 17:04:01,990 [INFO] Scheduling entity extraction task for node_id=0413f5c9-cf68-483a-b8d8-2750033eb0ec
2026-05-13 17:04:01,995 [INFO] Scheduling entity extraction task for node_id=cd39d39a-c1c4-4e5d-be56-2a5fe2cc8caa
2026-05-13 17:04:02,047 [INFO] Scheduling entity extraction task for node_id=e5edd9d5-d0bd-4f29-99c7-8ee459c635e3
2026-05-13 17:04:02,053 [INFO] Scheduling entity extraction task for node_id=da65a480-1eec-4854-b0f8-e4e7aadec673
2026-05-13 17:04:02,059 [INFO] Scheduling entity extraction task for node_id=34b65894-7347-4bb3-a418-190d7aa6c783
2026-05-13 17:04:02,065 [INFO] Scheduling entity extraction task for node_id=e1f950dc-b876-4543-ade4-ac4fe6bbebf9
2026-05-13 17:04:02,071 [INFO] Scheduling entity extraction task for node_id=23557324-202b-47a8-b354-fae6d4b91b29
2026-05-13 17:04:02,076 [INFO] Scheduling entity extraction task for node_id=267ebccd-1f4a-4ad5-b0b1-4d48dd954da7
2026-05-13 17:04:02,082 [INFO] Scheduling entity extraction task for node_id=74011f3d-68ed-4664-8e84-4e2d8793b2b5
2026-05-13 17:04:02,088 [INFO] Scheduling entity extraction task for node_id=7d06c15e-4bfd-41ab-a699-1eb9e1eed53b
2026-05-13 17:04:02,094 [INFO] Scheduling entity extraction task for node_id=452018bc-3912-4ad6-bc0c-6ac850908608
2026-05-13 17:04:02,099 [INFO] Scheduling entity extraction task for node_id=bc670db3-1b8a-4a6c-87a6-0262c8795fda
2026-05-13 17:04:02,106 [INFO] Scheduling entity extraction task for node_id=7d8fe824-80f0-4c6d-b9c2-cd561fccfcf9
2026-05-13 17:04:02,111 [INFO] Scheduling entity extraction task for node_id=a0ce00fa-3cd0-4eb0-9d6f-0e2b91a0e4c7
2026-05-13 17:04:02,116 [INFO] Scheduling entity extraction task for node_id=73f7d7ed-e323-4b7e-8ed9-9fc1d921cd62
2026-05-13 17:04:02,122 [INFO] Scheduling entity extraction task for node_id=f4d5625b-11fb-46aa-9b8e-9d221555a452
2026-05-13 17:04:02,126 [INFO] Scheduling entity extraction task for node_id=02174c35-5519-47f8-9946-82404e4b23ed
2026-05-13 17:04:02,131 [INFO] Scheduling entity extraction task for node_id=d7f8f3e1-d102-475c-8dd9-2f2bfca15623
2026-05-13 17:04:02,136 [INFO] Scheduling entity extraction task for node_id=98b39444-b4b7-49a2-937a-38ec56a1f2e0
2026-05-13 17:04:02,140 [INFO] Scheduling entity extraction task for node_id=af711d63-a1f0-482b-aa09-46b0abc43c53
2026-05-13 17:04:02,144 [INFO] Scheduling entity extraction task for node_id=3a1ee562-d5d8-445d-b229-7e4f3e899048
2026-05-13 17:04:02,197 [INFO] Scheduling entity extraction task for node_id=e3c7beb1-54f4-4320-bddf-82b9581dfc6c
2026-05-13 17:04:02,202 [INFO] Scheduling entity extraction task for node_id=5e98b466-995c-43fc-b48f-9b96a6a86fea
2026-05-13 17:04:02,207 [INFO] Scheduling entity extraction task for node_id=fdefc912-dfdc-4f27-8fe9-f7ea9cf3928f
2026-05-13 17:04:02,259 [INFO] Scheduling entity extraction task for node_id=85f344a1-ecc0-4a88-bbc3-9242411f4582
2026-05-13 17:04:02,266 [INFO] Scheduling entity extraction task for node_id=2065b6c0-e759-4bc8-aeb0-0f7a0805317f
2026-05-13 17:04:02,271 [INFO] Scheduling entity extraction task for node_id=42b80e71-b4bc-465d-8d21-d5000e3f8d5c
2026-05-13 17:04:02,278 [INFO] Scheduling entity extraction task for node_id=c2ad5319-c316-48c7-b24f-c7863b9dcbae
2026-05-13 17:04:02,283 [INFO] Scheduling entity extraction task for node_id=de22ab8a-06a9-41b2-9933-fabb04f22e61
2026-05-13 17:04:02,288 [INFO] Scheduling entity extraction task for node_id=148131a3-54c1-4e88-85c0-2b64c591db1f
2026-05-13 17:04:02,294 [INFO] Scheduling entity extraction task for node_id=7b171c2c-03ce-4187-b730-418ef3c8adbe
2026-05-13 17:04:02,299 [INFO] Scheduling entity extraction task for node_id=7ee9e3f3-45bc-45e1-9015-4801e8f54dd1
2026-05-13 17:04:02,305 [INFO] Scheduling entity extraction task for node_id=1714e8fb-92f8-4bcf-a969-96c37502a679
2026-05-13 17:04:02,311 [INFO] Scheduling entity extraction task for node_id=63bb248f-95b4-48dd-be1b-6489b5988054
2026-05-13 17:04:02,316 [INFO] Scheduling entity extraction task for node_id=e7de081c-4dc5-4823-8643-ef0d3c52a34e
2026-05-13 17:04:02,322 [INFO] Scheduling entity extraction task for node_id=04a56ef1-ad50-4a7c-812b-668f7138a33c
2026-05-13 17:04:02,326 [INFO] Scheduling entity extraction task for node_id=ab5fa995-bd91-4be3-bcc9-bedb19b7dbfb
2026-05-13 17:04:02,330 [INFO] Scheduling entity extraction task for node_id=3b0e3869-fd79-49f9-9fa7-eadd86ed92a5
2026-05-13 17:04:02,334 [INFO] Scheduling entity extraction task for node_id=68ce9166-e416-450f-8f17-629e6b56e63c
2026-05-13 17:04:02,339 [INFO] Scheduling entity extraction task for node_id=74dfc3d1-1127-4f21-a24b-33a482b360db
2026-05-13 17:04:02,343 [INFO] Scheduling entity extraction task for node_id=d377b66b-6fb1-4f0b-b1ea-f967640e217f
2026-05-13 17:04:02,347 [INFO] Scheduling entity extraction task for node_id=6af6e3dc-eb4b-4517-9b20-6cc7f343c1f6
2026-05-13 17:04:02,352 [INFO] Scheduling entity extraction task for node_id=d5ac8dc5-aed8-468e-9157-3adea6139636
2026-05-13 17:04:02,356 [INFO] Scheduling entity extraction task for node_id=720be8b9-b36b-44b5-b23c-65b6c2e40b45
2026-05-13 17:04:02,361 [INFO] Scheduling entity extraction task for node_id=8688aec6-b16e-420b-a228-85c9b939bf24
2026-05-13 17:04:02,366 [INFO] Scheduling entity extraction task for node_id=5743511f-20c9-491e-bb2c-2162ae421007
2026-05-13 17:04:02,370 [INFO] Scheduling entity extraction task for node_id=16d889eb-931a-4f01-9b48-82ee3a26a93a
2026-05-13 17:04:02,374 [INFO] Scheduling entity extraction task for node_id=392b2755-baee-4071-89da-067df19e9855
2026-05-13 17:04:02,379 [INFO] Scheduling entity extraction task for node_id=04327299-3d1d-4bcf-888c-4ab9942622be
2026-05-13 17:04:02,383 [INFO] Scheduling entity extraction task for node_id=5176835c-7fcd-4493-9f28-551962e273e8
2026-05-13 17:04:02,389 [INFO] Scheduling entity extraction task for node_id=d960e1e2-0b89-48a5-adeb-7cd738cbd8ae
2026-05-13 17:04:02,394 [INFO] Scheduling entity extraction task for node_id=b947f2ac-91c3-4aab-a7d0-9416e2aa8441
2026-05-13 17:04:02,399 [INFO] Scheduling entity extraction task for node_id=69befa35-1ea8-4879-8f9f-d2065ee08af3
2026-05-13 17:04:02,404 [INFO] Scheduling entity extraction task for node_id=86e99fc9-2493-48ee-a163-5b93d8b7e9c4
2026-05-13 17:04:02,409 [INFO] Scheduling entity extraction task for node_id=f3e4e102-250d-46d8-b306-1ecb841300ea
2026-05-13 17:04:02,414 [INFO] Scheduling entity extraction task for node_id=b34662a6-c766-41e1-8fd6-370f377494d9
2026-05-13 17:04:02,468 [INFO] Scheduling entity extraction task for node_id=b5761085-4184-4671-a844-5b9003590089
2026-05-13 17:04:02,475 [INFO] Scheduling entity extraction task for node_id=939ae21d-ffbe-4604-baea-d0ad205b8f56
2026-05-13 17:04:02,493 [INFO] Scheduling entity extraction task for node_id=1d267354-9de5-493f-9da0-d20078704cda
2026-05-13 17:04:02,543 [INFO] Scheduling entity extraction task for node_id=91ffe5ab-8c60-48ae-beb7-e876ca096532
2026-05-13 17:04:02,547 [INFO] Scheduling entity extraction task for node_id=a1a787e6-8f36-4518-a513-0f863c97b5fd
2026-05-13 17:04:02,553 [INFO] Scheduling entity extraction task for node_id=360003d8-f3a7-4da9-ac3a-c10a77f4ab20
2026-05-13 17:04:02,557 [INFO] Scheduling entity extraction task for node_id=887fdb6e-6cdf-4c81-bafe-bb3be6c99319
2026-05-13 17:04:02,562 [INFO] Scheduling entity extraction task for node_id=5b2ac5f8-dbbb-4327-a753-175a618fd314
2026-05-13 17:04:02,565 [INFO] Scheduling entity extraction task for node_id=f4a4b3ef-8221-4486-82d8-3b057563272a
2026-05-13 17:04:02,570 [INFO] Scheduling entity extraction task for node_id=0a7e4bf7-1db8-4015-85be-7aac2d6ed9a9
2026-05-13 17:04:02,585 [INFO] Scheduling entity extraction task for node_id=c4fa75a7-c17c-42d5-8e7b-08552bf9c059
2026-05-13 17:04:02,590 [INFO] Scheduling entity extraction task for node_id=203179e2-8eab-4a26-9ace-fdf815e6b619
2026-05-13 17:04:02,595 [INFO] Scheduling entity extraction task for node_id=c54f6992-f041-4760-a8c3-d9e55126f7da
2026-05-13 17:04:02,599 [INFO] Scheduling entity extraction task for node_id=5ae42a1d-22af-4fdb-9517-591b581f1114
2026-05-13 17:04:02,605 [INFO] Scheduling entity extraction task for node_id=2a60eba1-336c-405f-a0b2-21d56f56e996
2026-05-13 17:04:02,608 [INFO] Scheduling entity extraction task for node_id=0e849286-5ec8-404f-a4f0-1fd894413ab9
2026-05-13 17:04:02,613 [INFO] Scheduling entity extraction task for node_id=075b948a-0659-4f70-9bd2-43f1f39f9f1a
2026-05-13 17:04:02,617 [INFO] Scheduling entity extraction task for node_id=cbc9deb4-ecef-4351-a32d-76c57f56e758
2026-05-13 17:04:02,621 [INFO] Scheduling entity extraction task for node_id=e7579e5e-5d45-453b-af8d-a0ec7b0059f2
2026-05-13 17:04:02,626 [INFO] Scheduling entity extraction task for node_id=6aa436ce-bc0d-482b-be3b-5e9a298bc999
2026-05-13 17:04:02,632 [INFO] Scheduling entity extraction task for node_id=f090df46-1503-4e4b-ad58-3b23f24ba725
2026-05-13 17:04:02,638 [INFO] Scheduling entity extraction task for node_id=e4fe7d55-8425-4253-98fe-18511e49a71c
2026-05-13 17:04:02,642 [INFO] Scheduling entity extraction task for node_id=3721860d-9ec0-4816-a7a3-7db08127233e
2026-05-13 17:04:02,646 [INFO] Scheduling entity extraction task for node_id=bc6848dc-41eb-4a61-a0e6-11d54a45919b
2026-05-13 17:04:02,653 [INFO] Scheduling entity extraction task for node_id=db848faf-cda5-45b4-b529-1d5bcab7b995
2026-05-13 17:04:02,657 [INFO] Scheduling entity extraction task for node_id=2745ffb2-55f1-4ce6-953c-9ffe0aeea50e
2026-05-13 17:04:02,662 [INFO] Scheduling entity extraction task for node_id=4f42c54f-7d61-46f7-ac6c-fc61ea280e18
2026-05-13 17:04:02,667 [INFO] Scheduling entity extraction task for node_id=52ea4033-15ef-4470-9353-028ef2ea3958
2026-05-13 17:04:02,671 [INFO] Scheduling entity extraction task for node_id=ff2475c8-9d0d-4dfe-bc21-cc631ba232a7
2026-05-13 17:04:02,675 [INFO] Scheduling entity extraction task for node_id=f6f6d847-6992-4c22-a33b-1af72717e3f6
2026-05-13 17:04:02,681 [INFO] Scheduling entity extraction task for node_id=75c3719a-449a-4880-a15d-d9850db94c6b
2026-05-13 17:04:02,686 [INFO] Scheduling entity extraction task for node_id=d87326ef-4e51-488c-984a-0bf9342a7842
2026-05-13 17:04:02,691 [INFO] Scheduling entity extraction task for node_id=d6490a39-c2a6-4f18-9118-3926d8a20b7b
2026-05-13 17:04:02,695 [INFO] Scheduling entity extraction task for node_id=110bb775-f120-4b2c-9788-eb23c6ca3e78
2026-05-13 17:04:02,699 [INFO] Scheduling entity extraction task for node_id=6f75146a-edaa-485d-bacb-64ab296371ec
2026-05-13 17:04:02,703 [INFO] Scheduling entity extraction task for node_id=6c3a0a49-822f-49d7-957f-c05a45ba9f57
2026-05-13 17:04:02,708 [INFO] Scheduling entity extraction task for node_id=362e2ced-37a7-4a1a-b912-5f8f289783ad
2026-05-13 17:04:02,712 [INFO] Scheduling entity extraction task for node_id=6be909bc-e3b4-473d-87b0-840e7b1c390a
2026-05-13 17:04:02,717 [INFO] Scheduling entity extraction task for node_id=54fb7b0e-115e-44e1-92e8-bb82a4ac061b
2026-05-13 17:04:02,721 [INFO] Scheduling entity extraction task for node_id=ee29c05a-2b78-4b64-a00f-26058a2e4e4d
2026-05-13 17:04:02,726 [INFO] Scheduling entity extraction task for node_id=307f0e6f-6e57-4bfe-9b06-1bf3efa72378
2026-05-13 17:04:02,730 [INFO] Scheduling entity extraction task for node_id=65e488c3-2c23-4822-b745-bff030725f16
2026-05-13 17:04:02,735 [INFO] Scheduling entity extraction task for node_id=588bda14-f779-4e96-a775-41d893296f0c
2026-05-13 17:04:02,739 [INFO] Scheduling entity extraction task for node_id=0c4ca631-96b2-49af-9f6e-a8f353f2dba7
2026-05-13 17:04:02,743 [INFO] Scheduling entity extraction task for node_id=a035bc43-0360-47cb-a6a6-54216773e497
2026-05-13 17:04:02,747 [INFO] Scheduling entity extraction task for node_id=17040a40-a971-41d7-8510-3eec0324a115
2026-05-13 17:04:02,751 [INFO] Scheduling entity extraction task for node_id=7df187ca-b6e2-48a4-a066-c67dcb617a10
2026-05-13 17:04:02,756 [INFO] Scheduling entity extraction task for node_id=2e6e2a3e-8212-4f0a-908d-bbf45e94dacd
2026-05-13 17:04:02,760 [INFO] Scheduling entity extraction task for node_id=ed2eaa8d-cac5-4dfa-b388-25cbf542efb8
2026-05-13 17:04:02,765 [INFO] Scheduling entity extraction task for node_id=f71917b7-9f07-4f8c-b92e-b253d5eb1168
2026-05-13 17:04:02,816 [INFO] Scheduling entity extraction task for node_id=ef39ddad-6134-43ec-a121-760f024a8f7f
2026-05-13 17:04:02,821 [INFO] Scheduling entity extraction task for node_id=2231af53-ead4-4c0a-aefd-6196c3fedc14
2026-05-13 17:04:02,825 [INFO] Scheduling entity extraction task for node_id=b3883008-62ef-49a2-bfbd-f517feac1b95
2026-05-13 17:04:02,830 [INFO] Scheduling entity extraction task for node_id=3229685e-f78d-476b-9889-f466a703d331
2026-05-13 17:04:02,836 [INFO] Scheduling entity extraction task for node_id=d30975d7-4331-4d9d-9b75-58bda280e7e0
2026-05-13 17:04:02,840 [INFO] Scheduling entity extraction task for node_id=b9ec7669-d01c-4d38-a72d-8c8b362f33aa
2026-05-13 17:04:02,845 [INFO] Scheduling entity extraction task for node_id=7b882c9f-5bb6-4550-92c8-fce131ccbc58
2026-05-13 17:04:02,849 [INFO] Scheduling entity extraction task for node_id=cd3c283b-2fdf-46d3-9ef1-8986c15be5e6
2026-05-13 17:04:02,853 [INFO] Scheduling entity extraction task for node_id=31422e80-c1b5-4d79-9ade-755278bbc8f4
2026-05-13 17:04:02,857 [INFO] Scheduling entity extraction task for node_id=67100fd5-2e76-4930-b7b5-75de9ab1aff9
2026-05-13 17:04:02,862 [INFO] Scheduling entity extraction task for node_id=1de2928b-9eb7-4b2e-8dec-37d62f638854
2026-05-13 17:04:02,866 [INFO] Scheduling entity extraction task for node_id=36744038-b015-4136-8f05-4e8b30bcb26c
2026-05-13 17:04:02,872 [INFO] Scheduling entity extraction task for node_id=99c77462-44c5-493e-9536-82639bc2d03f
2026-05-13 17:04:02,876 [INFO] Scheduling entity extraction task for node_id=744b32af-9a82-4c77-99e3-a921db61bd30
2026-05-13 17:04:02,881 [INFO] Scheduling entity extraction task for node_id=cd808cd3-ae02-45aa-9a73-bbd571abdf31
2026-05-13 17:04:02,885 [INFO] Scheduling entity extraction task for node_id=cf363b35-9e2e-46af-8ef4-701558a0802d
2026-05-13 17:04:02,889 [INFO] Scheduling entity extraction task for node_id=cccbe0bb-45a7-486d-9f96-5dae8c737b6c
2026-05-13 17:04:02,895 [INFO] Scheduling entity extraction task for node_id=da9847e6-904b-4612-a416-4368b036db91
2026-05-13 17:04:02,899 [INFO] Scheduling entity extraction task for node_id=834c6314-659b-46cb-949e-767f923dc1e8
2026-05-13 17:04:02,904 [INFO] Scheduling entity extraction task for node_id=53754977-523b-4d69-8caf-64a54d98effa
2026-05-13 17:04:02,908 [INFO] Scheduling entity extraction task for node_id=4440d4e9-81c4-4a81-b177-643a19c13e10
2026-05-13 17:04:02,913 [INFO] Scheduling entity extraction task for node_id=6dcc8538-c0f2-41b9-bcfa-9b607c7e162f
2026-05-13 17:04:02,918 [INFO] Scheduling entity extraction task for node_id=5f290216-6913-4586-94e2-99e84931e68e
2026-05-13 17:04:02,922 [INFO] Scheduling entity extraction task for node_id=b2727ec6-f68b-4b5d-9a06-7cd9acf10b98
2026-05-13 17:04:02,928 [INFO] Scheduling entity extraction task for node_id=ad4c2527-ae61-48d4-b585-bff556b397d2
2026-05-13 17:04:02,933 [INFO] Scheduling entity extraction task for node_id=d4c54ffc-6dc6-47ac-8163-275fe3d531d9
2026-05-13 17:04:02,937 [INFO] Scheduling entity extraction task for node_id=44735b96-ed9b-465c-aa4a-21f507cb86fb
2026-05-13 17:04:02,941 [INFO] Scheduling entity extraction task for node_id=2878880b-c700-4245-b4a4-70160155aa30
2026-05-13 17:04:02,946 [INFO] Scheduling entity extraction task for node_id=337327bc-66d9-4ffb-ba22-2069a9ac8cbe
2026-05-13 17:04:02,950 [INFO] Scheduling entity extraction task for node_id=c6168042-bd75-4e5b-8fa2-1e26157ff20b
2026-05-13 17:04:02,955 [INFO] Scheduling entity extraction task for node_id=10932ece-c430-4bcd-ba40-51a8c5714407
2026-05-13 17:04:02,959 [INFO] Scheduling entity extraction task for node_id=63fa9d55-991e-4a73-b97e-5da50d243b22
2026-05-13 17:04:02,977 [INFO] Scheduling entity extraction task for node_id=b769eed8-e9e5-4a20-80a5-f0c87597cccc
2026-05-13 17:04:02,981 [INFO] Scheduling entity extraction task for node_id=50e9ec87-2a69-438e-a216-41e0b1773bef
2026-05-13 17:04:02,985 [INFO] Scheduling entity extraction task for node_id=ff9e799d-21d5-4bd9-827f-117b836dc984
2026-05-13 17:04:02,990 [INFO] Scheduling entity extraction task for node_id=ec2471f3-1e78-4c55-8dba-9bd33ff0f98a
2026-05-13 17:04:02,994 [INFO] Scheduling entity extraction task for node_id=064a8078-2de6-4d83-bbe0-c3b53a5f7014
2026-05-13 17:04:02,998 [INFO] Scheduling entity extraction task for node_id=ec00b112-2108-475a-9f40-8a6ed42f13e7
2026-05-13 17:04:03,003 [INFO] Scheduling entity extraction task for node_id=658f94b6-5357-4d86-a93b-795a22da8218
2026-05-13 17:04:03,007 [INFO] Scheduling entity extraction task for node_id=1be80961-ae19-4319-9117-e026c8623149
2026-05-13 17:04:03,011 [INFO] Scheduling entity extraction task for node_id=ca1901b7-7bae-4972-9931-a075c8b0a73a
2026-05-13 17:04:03,016 [INFO] Scheduling entity extraction task for node_id=55463c86-ec1b-48b3-8491-5ea65a9e4059
2026-05-13 17:04:03,038 [INFO] Scheduling entity extraction task for node_id=8adb9000-00d3-4b5a-b18e-bd468b05f4da
2026-05-13 17:04:03,044 [INFO] Scheduling entity extraction task for node_id=6b9c14de-3292-4f75-a341-cd1c711de653
2026-05-13 17:04:03,049 [INFO] Scheduling entity extraction task for node_id=72217933-03ef-4097-be9e-3547f071ee40
2026-05-13 17:04:03,054 [INFO] Scheduling entity extraction task for node_id=344d5ff7-c745-4f32-b4a0-18870c39177d
2026-05-13 17:04:03,059 [INFO] Scheduling entity extraction task for node_id=bec368db-9691-40b0-a0cb-b8598580ff33
2026-05-13 17:04:03,068 [INFO] Scheduling entity extraction task for node_id=a497bd49-7953-4ddd-bc48-f45e0c52b1f0
2026-05-13 17:04:03,074 [INFO] Scheduling entity extraction task for node_id=2ca5a069-a191-4220-8172-51527e0be591
2026-05-13 17:04:03,080 [INFO] Scheduling entity extraction task for node_id=0cdccebc-31a5-4e27-b006-6c9f6d674da8
2026-05-13 17:04:03,092 [INFO] Scheduling entity extraction task for node_id=f55076db-06fe-4764-a727-dcb99cbd846e
2026-05-13 17:04:03,098 [INFO] Scheduling entity extraction task for node_id=63f3e532-0dbc-4d3a-ba8f-ce5c7a3d5434
2026-05-13 17:04:03,104 [INFO] Scheduling entity extraction task for node_id=ca5c8644-dc79-4efd-bd2a-27b0532739d7
2026-05-13 17:04:03,109 [INFO] Scheduling entity extraction task for node_id=65fc4e98-2891-4f32-b384-f6d26bbb1009
2026-05-13 17:04:03,114 [INFO] Scheduling entity extraction task for node_id=dd113688-2d3c-495f-aac7-d9f4bc650c89
2026-05-13 17:04:03,121 [INFO] Scheduling entity extraction task for node_id=6f582fe3-0718-4801-bbca-6c6be54b20de
2026-05-13 17:04:03,125 [INFO] Scheduling entity extraction task for node_id=d0b03001-dbcc-42db-baf0-ae2628c124fa
2026-05-13 17:04:03,130 [INFO] Scheduling entity extraction task for node_id=5eebd569-6d88-4a05-8ee2-33e68a64aa0e
2026-05-13 17:04:03,135 [INFO] Scheduling entity extraction task for node_id=5619101a-a833-4db1-b97c-19319f573fee
2026-05-13 17:04:03,139 [INFO] Scheduling entity extraction task for node_id=ac270d31-b7eb-4dbe-ab1f-b67891adad12
2026-05-13 17:04:03,146 [INFO] Scheduling entity extraction task for node_id=e358d771-e438-4825-bfa8-f613e2d9acf9
2026-05-13 17:04:03,151 [INFO] Scheduling entity extraction task for node_id=eb01c356-8cb2-4598-a2de-3bd97a5dd246
2026-05-13 17:04:03,156 [INFO] Scheduling entity extraction task for node_id=01a47ba4-0f03-4a6c-8493-53ef11b17ad2
2026-05-13 17:04:03,161 [INFO] Scheduling entity extraction task for node_id=8819b537-9c31-4330-8aab-cb6ebf6fd60b
2026-05-13 17:04:03,165 [INFO] Scheduling entity extraction task for node_id=6ee05c0e-3c9e-4bef-946a-be81910cda17
2026-05-13 17:04:03,170 [INFO] Scheduling entity extraction task for node_id=09852816-f465-4ff7-acac-7ac9f77fa80c
2026-05-13 17:04:03,175 [INFO] Scheduling entity extraction task for node_id=fada11ec-bdf9-4ff8-985c-12002baa0229
2026-05-13 17:04:03,179 [INFO] Scheduling entity extraction task for node_id=409c9a4c-a31b-4e50-8802-1f082dd11f29
2026-05-13 17:04:03,184 [INFO] Scheduling entity extraction task for node_id=62adec50-efc0-41c2-ab80-444de3079040
2026-05-13 17:04:03,189 [INFO] Scheduling entity extraction task for node_id=4a6d8c7c-68d5-47f6-8d05-8ce901c98fc9
2026-05-13 17:04:03,193 [INFO] Scheduling entity extraction task for node_id=106994a2-f0e7-4064-9cd9-724a3c02e5ed
2026-05-13 17:04:03,197 [INFO] Scheduling entity extraction task for node_id=59a62459-fc4f-41ae-b691-8248660fdfb3
2026-05-13 17:04:03,202 [INFO] Scheduling entity extraction task for node_id=decca5f6-2219-4aea-9c50-88f085524813
2026-05-13 17:04:03,257 [INFO] Scheduling entity extraction task for node_id=4357a105-1e4a-49f7-a801-78aa4fd73667
2026-05-13 17:04:03,262 [INFO] Scheduling entity extraction task for node_id=cf1e0f4f-7037-42a5-941e-c919f900ed86
2026-05-13 17:04:03,267 [INFO] Scheduling entity extraction task for node_id=8ba7968e-3309-4483-ae7b-591de0c9336a
2026-05-13 17:04:03,272 [INFO] Scheduling entity extraction task for node_id=410aa21a-ed76-47f6-861f-a9457150955d
2026-05-13 17:04:03,276 [INFO] Scheduling entity extraction task for node_id=2fc1d376-d94b-448a-8cee-634862c4fc6f
2026-05-13 17:04:03,281 [INFO] Scheduling entity extraction task for node_id=0fee1968-fc0f-4ed6-8e5c-aa30d2938dbb
2026-05-13 17:04:03,333 [INFO] Scheduling entity extraction task for node_id=3abc7b15-5002-4180-ba8d-cbb84ae6b5c2
2026-05-13 17:04:03,340 [INFO] Scheduling entity extraction task for node_id=0d9e8643-cb93-4aa3-aacf-5559946750d5
2026-05-13 17:04:03,393 [INFO] Scheduling entity extraction task for node_id=53ab4034-223c-40ea-a0fe-03b682f38034
2026-05-13 17:04:03,399 [INFO] Scheduling entity extraction task for node_id=73ef0854-4aa4-4e48-b38a-5d8232427ece
2026-05-13 17:04:03,406 [INFO] Scheduling entity extraction task for node_id=cb4e1bd0-a3a5-4ea0-bc0a-396e1b89d77e
2026-05-13 17:04:03,413 [INFO] Scheduling entity extraction task for node_id=02318e09-6dff-4fe0-a11b-1f7645eef039
2026-05-13 17:04:03,419 [INFO] Scheduling entity extraction task for node_id=e7acb5d7-74ef-41a3-be3d-1f11fd305db7
2026-05-13 17:04:03,425 [INFO] Scheduling entity extraction task for node_id=f26d9b93-efd4-427e-a481-bb3c307c0814
2026-05-13 17:04:03,431 [INFO] Scheduling entity extraction task for node_id=a4d7383d-f891-4bda-98d2-f217ee3acb81
2026-05-13 17:04:03,437 [INFO] Scheduling entity extraction task for node_id=c8664158-c6c0-4689-9136-6c9b35e95508
2026-05-13 17:04:03,443 [INFO] Scheduling entity extraction task for node_id=a44c5ffb-97ea-4d9c-8494-b0fd6420c5c6
2026-05-13 17:04:03,448 [INFO] Scheduling entity extraction task for node_id=3ec45ea8-51fc-46f9-b3a9-423d6626aafe
2026-05-13 17:04:03,454 [INFO] Scheduling entity extraction task for node_id=b564ff89-e836-4ebf-ad20-8c95827d8b24
2026-05-13 17:04:03,459 [INFO] Scheduling entity extraction task for node_id=96588302-feeb-4fe1-82b8-e50e00b3ac59
2026-05-13 17:04:03,464 [INFO] Scheduling entity extraction task for node_id=47969466-9a80-447b-b9a5-3f7ad90f1e38
2026-05-13 17:04:03,468 [INFO] Scheduling entity extraction task for node_id=de586e56-d5eb-40ce-9927-d298268d6cd6
2026-05-13 17:04:03,472 [INFO] Scheduling entity extraction task for node_id=b8156907-67a4-4032-97b0-2a3708c85253
2026-05-13 17:04:03,478 [INFO] Scheduling entity extraction task for node_id=5eb82443-4705-4b12-b91c-a67b63034a50
2026-05-13 17:04:03,482 [INFO] Scheduling entity extraction task for node_id=5db55423-928c-41c4-a42b-9e7142b60545
2026-05-13 17:04:03,486 [INFO] Scheduling entity extraction task for node_id=79702e54-a888-4c9d-bad3-3c3fb610625a
2026-05-13 17:04:03,493 [INFO] Scheduling entity extraction task for node_id=fd2ea63c-66fe-4442-ac90-7a642b3d4234
2026-05-13 17:04:03,497 [INFO] Scheduling entity extraction task for node_id=071b29d0-fa49-41c3-8181-5509ddb112cf
2026-05-13 17:04:03,501 [INFO] Scheduling entity extraction task for node_id=b39f2fd0-677a-4dab-9d66-46f8a2aebeb7
2026-05-13 17:04:03,506 [INFO] Scheduling entity extraction task for node_id=e8b6d8cb-4e62-4bd6-9aac-73d7b355ddf8
2026-05-13 17:04:03,510 [INFO] Scheduling entity extraction task for node_id=59937de0-5d35-42e6-b772-239d751a3b3d
2026-05-13 17:04:03,515 [INFO] Scheduling entity extraction task for node_id=fbaa714e-8358-42d0-96a2-e28202e4731e
2026-05-13 17:04:03,569 [INFO] Scheduling entity extraction task for node_id=0278a441-474e-476f-a6e9-246180ec460a
2026-05-13 17:04:03,573 [INFO] Scheduling entity extraction task for node_id=1f6d0f17-3629-42a9-b7d5-1e4bed66008f
2026-05-13 17:04:03,578 [INFO] Scheduling entity extraction task for node_id=cb604e55-a011-4182-8ee0-b674b55e4e30
2026-05-13 17:04:03,584 [INFO] Scheduling entity extraction task for node_id=3572f634-6d97-4daa-a3b0-df4c5c212bb1
2026-05-13 17:04:03,589 [INFO] Scheduling entity extraction task for node_id=88256696-8d69-4ef1-a717-13728cdea989
2026-05-13 17:04:03,595 [INFO] Scheduling entity extraction task for node_id=54ce6b75-4a7e-4f2b-ac64-be07a9e743a5
2026-05-13 17:04:03,601 [INFO] Scheduling entity extraction task for node_id=8d4f39ee-67ac-49b7-823c-7c1031532015
2026-05-13 17:04:03,613 [INFO] Scheduling entity extraction task for node_id=fd85c955-7db3-450b-b4b8-e4f9a42b39c0
2026-05-13 17:04:03,618 [INFO] Scheduling entity extraction task for node_id=fd0f48d7-7798-421f-83c9-1dd5e7239d64
2026-05-13 17:04:03,624 [INFO] Scheduling entity extraction task for node_id=35c57289-c63e-4c9c-b1ab-5a76842ae090
2026-05-13 17:04:03,631 [INFO] Scheduling entity extraction task for node_id=e074b6ba-024b-4704-9e9e-1d221f65dbf0
2026-05-13 17:04:03,639 [INFO] Scheduling entity extraction task for node_id=ad3efcfb-848b-4b6c-82d7-6111c72e801f
2026-05-13 17:04:03,698 [INFO] Scheduling entity extraction task for node_id=de32d9af-e3d3-47d0-894d-0e7103fa13db
2026-05-13 17:04:03,705 [INFO] Scheduling entity extraction task for node_id=7bb740cb-ddae-4c90-882d-c1759ca3a3a8
2026-05-13 17:04:03,710 [INFO] Scheduling entity extraction task for node_id=1052d00c-cefb-4a58-ba50-41b0790c6477
2026-05-13 17:04:03,716 [INFO] Scheduling entity extraction task for node_id=3dcf7663-3973-4945-93b0-594adbca67ab
2026-05-13 17:04:03,721 [INFO] Scheduling entity extraction task for node_id=7e7c5188-17e1-465c-b74c-b45b74dfd284
2026-05-13 17:04:03,728 [INFO] Scheduling entity extraction task for node_id=0eebef59-0c49-450c-9272-55882674b91e
2026-05-13 17:04:03,734 [INFO] Scheduling entity extraction task for node_id=f3f40cee-c44c-471c-a0bd-aea8af68f0db
2026-05-13 17:04:03,740 [INFO] Scheduling entity extraction task for node_id=27a06f17-159b-4d4d-aab0-178129f8b4f1
2026-05-13 17:04:03,745 [INFO] Scheduling entity extraction task for node_id=4b6d30b0-463c-4b77-ab61-c5c0c9586f1d
2026-05-13 17:04:03,750 [INFO] Scheduling entity extraction task for node_id=bf1171b4-efc3-4a11-b145-f1f1562907ac
2026-05-13 17:04:03,756 [INFO] Scheduling entity extraction task for node_id=7004549f-5c7e-4fb2-b2a8-c907f7949fb7
2026-05-13 17:04:03,760 [INFO] Scheduling entity extraction task for node_id=ede3bc64-a3ec-46f8-aa0d-dead58c91acc
2026-05-13 17:04:03,765 [INFO] Scheduling entity extraction task for node_id=38db0b40-d059-441c-b95b-cc76ae4171f1
2026-05-13 17:04:03,770 [INFO] Scheduling entity extraction task for node_id=37d9d24e-37ef-4ec3-895b-e9b78bfe160c
2026-05-13 17:04:03,774 [INFO] Scheduling entity extraction task for node_id=7effeb66-bb04-44d7-b84e-ca50e20eab75
2026-05-13 17:04:03,779 [INFO] Scheduling entity extraction task for node_id=aa9f514e-c1f7-41cf-bd5f-4607f6cd2c69
2026-05-13 17:04:03,783 [INFO] Scheduling entity extraction task for node_id=15b024db-fe62-43cb-949a-cba2e6f76730
2026-05-13 17:04:03,788 [INFO] Scheduling entity extraction task for node_id=b3ab0158-fca0-40ca-aca4-68ca4ba9985f
2026-05-13 17:04:03,793 [INFO] Scheduling entity extraction task for node_id=7d89df16-dfbd-4d40-b53e-2de672c8e113
2026-05-13 17:04:03,796 [INFO] Scheduling entity extraction task for node_id=ca7beb03-34b1-4c59-b644-2c9dfca2e72a
2026-05-13 17:04:03,801 [INFO] Scheduling entity extraction task for node_id=60e19ef1-adc0-4a60-bcdc-2052fac4d7c2
2026-05-13 17:04:03,805 [INFO] Scheduling entity extraction task for node_id=63ae7964-045e-4c74-8046-817483dadc96
2026-05-13 17:04:03,810 [INFO] Scheduling entity extraction task for node_id=477ba7fa-b548-4b7c-8731-229d7796a9ac
2026-05-13 17:04:03,815 [INFO] Scheduling entity extraction task for node_id=1cd130e6-0e31-438c-b7c7-2e18a35e62a9
2026-05-13 17:04:03,819 [INFO] Scheduling entity extraction task for node_id=79b9f8ea-1a00-4661-b597-ffa979992e14
2026-05-13 17:04:03,824 [INFO] Scheduling entity extraction task for node_id=e088dd60-ed22-4bbe-aaed-23ea0cac3969
2026-05-13 17:04:03,828 [INFO] Scheduling entity extraction task for node_id=627013b7-b727-4509-9907-6976ca5ecc61
2026-05-13 17:04:03,833 [INFO] Scheduling entity extraction task for node_id=94aa11a4-8ef9-4aef-ba63-1e049815f168
2026-05-13 17:04:03,837 [INFO] Scheduling entity extraction task for node_id=8a3a2c9d-5859-48c6-b104-ca5a1b2cfb95
2026-05-13 17:04:03,842 [INFO] Scheduling entity extraction task for node_id=08ed150c-f45b-4ce2-8588-1ec4cde816d3
2026-05-13 17:04:03,846 [INFO] Scheduling entity extraction task for node_id=1bdb3f40-a582-44a1-9a32-015fbaf01376
2026-05-13 17:04:03,851 [INFO] Scheduling entity extraction task for node_id=03803cd8-f25b-4dc9-99df-67748a4d8f5a
2026-05-13 17:04:03,855 [INFO] Scheduling entity extraction task for node_id=58bc7935-b337-4cf6-8c58-d3d74807bbe4
2026-05-13 17:04:03,860 [INFO] Scheduling entity extraction task for node_id=d23f179a-9c28-424b-8d7f-58ccbc0ddb29
2026-05-13 17:04:03,864 [INFO] Scheduling entity extraction task for node_id=009d040f-a28d-478c-9453-da7a1aab247e
2026-05-13 17:04:03,917 [INFO] Scheduling entity extraction task for node_id=3a6fedc5-b146-4bc7-a6a1-07fcdf19c20a
2026-05-13 17:04:03,921 [INFO] Scheduling entity extraction task for node_id=3b40fad6-6adf-40f7-83e9-d410e171662c
2026-05-13 17:04:03,927 [INFO] Scheduling entity extraction task for node_id=9c9ea05b-05f0-4a26-9bc4-6a3e72db3730
2026-05-13 17:04:03,931 [INFO] Scheduling entity extraction task for node_id=d9b40b32-2b57-431a-97ff-410dd2116307
2026-05-13 17:04:03,935 [INFO] Scheduling entity extraction task for node_id=eb85aa6e-22d3-4f0a-9a2e-08142bbe1eed
2026-05-13 17:04:03,986 [INFO] Scheduling entity extraction task for node_id=78d6665e-7c95-4b24-b734-14b707617c4c
2026-05-13 17:04:03,990 [INFO] Scheduling entity extraction task for node_id=8c8cad62-b153-4596-ae8c-78d5b9d2f4ab
2026-05-13 17:04:03,995 [INFO] Scheduling entity extraction task for node_id=f10ce928-d6e4-4a56-afc5-d46374e8a16f
2026-05-13 17:04:03,999 [INFO] Scheduling entity extraction task for node_id=8af103b8-c87d-4878-8ac6-de3419ed979c
2026-05-13 17:04:04,004 [INFO] Scheduling entity extraction task for node_id=678158ba-2657-44fa-aa39-81295184fc30
2026-05-13 17:04:04,008 [INFO] Scheduling entity extraction task for node_id=ee4f19b5-9645-4bc7-9316-77a637574122
2026-05-13 17:04:04,063 [INFO] Scheduling entity extraction task for node_id=8355d4a2-7779-4b75-bfa1-8bb968f4bad5
2026-05-13 17:04:04,069 [INFO] Scheduling entity extraction task for node_id=31ccb12b-db3f-43a0-ae81-6f1d60c33e5a
2026-05-13 17:04:04,077 [INFO] Scheduling entity extraction task for node_id=24666642-3853-47cd-86cf-4c148fd2f215
2026-05-13 17:04:04,083 [INFO] Scheduling entity extraction task for node_id=3f5b7969-d8a0-4883-a07b-c86b9d59fbcf
2026-05-13 17:04:04,089 [INFO] Scheduling entity extraction task for node_id=3fa3a0b5-5504-4280-a38b-e09f6985802c
2026-05-13 17:04:04,093 [INFO] Scheduling entity extraction task for node_id=41c478d1-9ff8-4886-a21e-7718c9264ca2
2026-05-13 17:04:04,147 [INFO] Scheduling entity extraction task for node_id=924f6816-f7b7-4182-8059-2abcdec317e1
2026-05-13 17:04:04,152 [INFO] Scheduling entity extraction task for node_id=4f536dc6-5b8b-493c-9c9b-eb901885ffee
2026-05-13 17:04:04,157 [INFO] Scheduling entity extraction task for node_id=53b9bf9d-d104-44b4-8c6a-ea7e963e8909
2026-05-13 17:04:04,163 [INFO] Scheduling entity extraction task for node_id=14194db3-2d41-4a0a-ab52-d3b0fbbd6c77
2026-05-13 17:04:04,168 [INFO] Scheduling entity extraction task for node_id=3de1d503-2ec6-48cf-8fd9-73fde2ba155a
2026-05-13 17:04:04,173 [INFO] Scheduling entity extraction task for node_id=79590cc0-c8e7-4fc5-bb5b-ac84541003ba
2026-05-13 17:04:04,177 [INFO] Scheduling entity extraction task for node_id=7c700264-84de-43eb-9ed8-8debeea127fd
2026-05-13 17:04:04,186 [INFO] Scheduling entity extraction task for node_id=a83dc4fe-77cb-4b7b-a36a-4c786a55ab6f
2026-05-13 17:04:04,191 [INFO] Scheduling entity extraction task for node_id=6608f6c1-273c-45bd-af35-1241b098aa58
2026-05-13 17:04:04,196 [INFO] Scheduling entity extraction task for node_id=82601a48-3160-4629-9e92-27709e2c63a6
2026-05-13 17:04:04,202 [INFO] Scheduling entity extraction task for node_id=27cdeb38-c7f0-490a-8c92-495c7ba6b23e
2026-05-13 17:04:04,206 [INFO] Scheduling entity extraction task for node_id=4ed4f48c-51f9-4ab6-843c-b818f1359286
2026-05-13 17:04:04,211 [INFO] Scheduling entity extraction task for node_id=6bf89963-c490-4a09-9a76-49b0fdcd5ace
2026-05-13 17:04:04,216 [INFO] Scheduling entity extraction task for node_id=e13f5615-d38d-4c77-b779-e90d3614d63c
2026-05-13 17:04:04,221 [INFO] Scheduling entity extraction task for node_id=194fc05e-33eb-448a-8e73-d917759e85e3
2026-05-13 17:04:04,225 [INFO] Scheduling entity extraction task for node_id=d361507e-43c4-4dff-9d6f-cfc07b3794ca
2026-05-13 17:04:04,230 [INFO] Scheduling entity extraction task for node_id=34a2a76f-441b-4f95-9e0d-c3e23d620edd
2026-05-13 17:04:04,235 [INFO] Scheduling entity extraction task for node_id=21077e43-7194-43ad-a7be-788af43d9b81
2026-05-13 17:04:04,239 [INFO] Scheduling entity extraction task for node_id=32a620fa-d85e-4eaf-af72-04e1f50386dc
2026-05-13 17:04:04,243 [INFO] Scheduling entity extraction task for node_id=4637f4a5-fd97-41e7-95f0-978be20eb715
2026-05-13 17:04:04,248 [INFO] Scheduling entity extraction task for node_id=c4812d50-32e9-4119-872c-32706c796cf9
2026-05-13 17:04:04,253 [INFO] Scheduling entity extraction task for node_id=ee0d6ee3-9ec9-4645-984f-e663c44ac307
2026-05-13 17:04:04,305 [INFO] Scheduling entity extraction task for node_id=22aea94c-97ef-4482-8c89-9c30d908870c
2026-05-13 17:04:04,312 [INFO] Scheduling entity extraction task for node_id=6c1e2c8e-feb5-4595-971f-738692ba4990
2026-05-13 17:04:04,317 [INFO] Scheduling entity extraction task for node_id=085bebcd-cd07-4393-9197-491bddf33178
2026-05-13 17:04:04,321 [INFO] Scheduling entity extraction task for node_id=d4e949f4-f676-4b0d-a0ec-075a39b07cd5
2026-05-13 17:04:04,327 [INFO] Scheduling entity extraction task for node_id=9cad151a-d80f-41ae-be33-39fe083e54f0
2026-05-13 17:04:04,332 [INFO] Scheduling entity extraction task for node_id=a0c7fe78-fc8e-44bf-bb0e-81b1f494062b
2026-05-13 17:04:04,337 [INFO] Scheduling entity extraction task for node_id=a4f38272-ce8a-43bd-a59d-2b5627bbcb12
2026-05-13 17:04:04,343 [INFO] Scheduling entity extraction task for node_id=5c7f466b-53f3-46cc-ad3f-66cd6955eaaa
2026-05-13 17:04:04,347 [INFO] Scheduling entity extraction task for node_id=3f21e1fc-4d7c-42d2-b107-94b6d80ea83d
2026-05-13 17:04:04,352 [INFO] Scheduling entity extraction task for node_id=70094966-c359-41c9-8ee8-965eaf52f14d
2026-05-13 17:04:04,356 [INFO] Scheduling entity extraction task for node_id=d29fddef-1b3a-4041-91a4-dfe60a106d64
2026-05-13 17:04:04,362 [INFO] Scheduling entity extraction task for node_id=b4643d3e-ab6a-4a90-ab45-baea82a69286
2026-05-13 17:04:04,415 [INFO] Scheduling entity extraction task for node_id=05c5dafd-5fc6-4e6b-bb08-0f638d075dc0
2026-05-13 17:04:04,421 [INFO] Scheduling entity extraction task for node_id=20a18da5-986c-4883-84a4-848755239ab7
2026-05-13 17:04:04,426 [INFO] Scheduling entity extraction task for node_id=ddae8d1f-5ff6-49a7-8c3b-b9a397ff7222
2026-05-13 17:04:04,431 [INFO] Scheduling entity extraction task for node_id=8780d74e-84ec-4cb8-9545-6441a21500f7
2026-05-13 17:04:04,437 [INFO] Scheduling entity extraction task for node_id=f47d9394-9883-4386-89a5-007bf0bab517
2026-05-13 17:04:04,444 [INFO] Scheduling entity extraction task for node_id=c0067fb9-60e0-47e1-82e8-184c610e21b9
2026-05-13 17:04:04,449 [INFO] Scheduling entity extraction task for node_id=09f9ef1e-1236-4a7b-9b5b-5a201fe6fb88
2026-05-13 17:04:04,453 [INFO] Scheduling entity extraction task for node_id=121bd437-f7b0-4310-90c4-770bbfcb7d59
2026-05-13 17:04:04,458 [INFO] Scheduling entity extraction task for node_id=a96bb983-ef23-4089-93c3-27fd50a8f7ba
2026-05-13 17:04:04,462 [INFO] Scheduling entity extraction task for node_id=84ddb5dc-b057-4c88-8534-0917151b92fb
2026-05-13 17:04:04,466 [INFO] Scheduling entity extraction task for node_id=d45cd156-dadb-4aff-a1a8-dd70b61b63b8
2026-05-13 17:04:04,471 [INFO] Scheduling entity extraction task for node_id=fbab115f-dcb1-42c0-8711-74720deeb406
2026-05-13 17:04:04,475 [INFO] Scheduling entity extraction task for node_id=fa5766b6-ffb3-4ad8-ab40-7941e293ad58
2026-05-13 17:04:04,480 [INFO] Scheduling entity extraction task for node_id=964e7079-46f4-4728-9aea-80d53e32ae3f
2026-05-13 17:04:04,484 [INFO] Scheduling entity extraction task for node_id=b842fc26-fe9d-4b35-aa9f-3690ad520143
2026-05-13 17:04:04,489 [INFO] Scheduling entity extraction task for node_id=cada45de-10d2-489c-a3df-8015beecae9f
2026-05-13 17:04:04,493 [INFO] Scheduling entity extraction task for node_id=313fe70b-3f0b-48de-a8ea-7c7d3c24b29c
2026-05-13 17:04:04,498 [INFO] Scheduling entity extraction task for node_id=f5b452ea-9bd0-4081-94cc-bb89fb00f6cb
2026-05-13 17:04:04,503 [INFO] Scheduling entity extraction task for node_id=9b18ebb5-b1bf-470b-beeb-8e17a3ba9528
2026-05-13 17:04:04,507 [INFO] Scheduling entity extraction task for node_id=b3750262-2601-415f-8f70-6b1e3779ff94
2026-05-13 17:04:04,512 [INFO] Scheduling entity extraction task for node_id=e1bd6dd4-845b-40c6-80ef-6f7f75a38a39
2026-05-13 17:04:04,518 [INFO] Scheduling entity extraction task for node_id=47504c0a-0a77-42ed-a8c2-eae3615c8d35
2026-05-13 17:04:04,522 [INFO] Scheduling entity extraction task for node_id=58d76445-a41e-4ce1-9e3d-1edc58c71ad7
2026-05-13 17:04:04,527 [INFO] Scheduling entity extraction task for node_id=a831a601-91a6-402b-8d39-9c8359a1a3b2
2026-05-13 17:04:04,532 [INFO] Scheduling entity extraction task for node_id=2aaf145a-36d6-4495-90cb-f3cd5f163184
2026-05-13 17:04:04,538 [INFO] Scheduling entity extraction task for node_id=bbe5cab8-7056-4bc5-aa8d-4ebab627d7f4
2026-05-13 17:04:04,544 [INFO] Scheduling entity extraction task for node_id=f6df4e10-ae6f-4b52-ac31-834b1a5678dc
2026-05-13 17:04:04,549 [INFO] Scheduling entity extraction task for node_id=ef2432c8-cc7a-454b-94ac-c39231adce08
2026-05-13 17:04:04,554 [INFO] Scheduling entity extraction task for node_id=71837ba4-c571-48f6-9f3c-816335bd8efe
2026-05-13 17:04:04,559 [INFO] Scheduling entity extraction task for node_id=ffdd8cd4-95f8-40de-8555-a4f9e080775d
2026-05-13 17:04:04,563 [INFO] Scheduling entity extraction task for node_id=8d5a5904-015f-48af-a333-16e065605809
2026-05-13 17:04:04,568 [INFO] Scheduling entity extraction task for node_id=db7588a2-489f-4444-9b76-00b769615d98
2026-05-13 17:04:04,573 [INFO] Scheduling entity extraction task for node_id=97f76daa-3898-4fd7-a26c-e8f4f0f18fa0
2026-05-13 17:04:04,579 [INFO] Scheduling entity extraction task for node_id=d7189233-6d6c-421a-88c7-c7099bf955dc
2026-05-13 17:04:04,585 [INFO] Scheduling entity extraction task for node_id=fb67f76a-f0c5-4693-899c-3e6b49ae3e0a
2026-05-13 17:04:04,589 [INFO] Scheduling entity extraction task for node_id=bd2f7425-a6c7-479a-989f-32dd419ba0cc
2026-05-13 17:04:04,595 [INFO] Scheduling entity extraction task for node_id=14b0716f-f04f-404e-a87a-65ca79800e83
2026-05-13 17:04:04,600 [INFO] Scheduling entity extraction task for node_id=d4752dcd-e455-4b64-bdca-eeaa08f77689
2026-05-13 17:04:04,606 [INFO] Scheduling entity extraction task for node_id=d71292bb-807c-4051-af75-1bf2f044326b
2026-05-13 17:04:04,612 [INFO] Scheduling entity extraction task for node_id=c6ecc39f-4fff-4cca-a195-c44f65c379b5
2026-05-13 17:04:04,616 [INFO] Scheduling entity extraction task for node_id=2850eb7a-83c1-4529-82ac-e1d137df223a
2026-05-13 17:04:04,621 [INFO] Scheduling entity extraction task for node_id=bd23b0bf-f491-4758-96e7-ade920e60a22
2026-05-13 17:04:04,625 [INFO] Scheduling entity extraction task for node_id=4a713baf-9144-4212-88d1-a6bd12c40fb3
2026-05-13 17:04:04,630 [INFO] Scheduling entity extraction task for node_id=37f827fd-b211-4d0f-b9ed-e8dc2eaee8d0
2026-05-13 17:04:04,635 [INFO] Scheduling entity extraction task for node_id=96e980fb-4181-47a8-8adf-98ccf4f83a10
2026-05-13 17:04:04,644 [INFO] Scheduling entity extraction task for node_id=59dcb393-6175-404c-b9ce-cc2907e1e4d0
2026-05-13 17:04:04,650 [INFO] Scheduling entity extraction task for node_id=6fb4a121-6a89-4ade-b9cd-96ee65059fdb
2026-05-13 17:04:04,655 [INFO] Scheduling entity extraction task for node_id=790625d6-9fb7-44ee-9544-591b6f11a72e
2026-05-13 17:04:04,661 [INFO] Scheduling entity extraction task for node_id=2e37af3c-dcde-43df-9247-083279d06215
2026-05-13 17:04:04,666 [INFO] Scheduling entity extraction task for node_id=d7cdd52c-ebb4-4474-9bbd-041d8afa5449
2026-05-13 17:04:04,671 [INFO] Scheduling entity extraction task for node_id=009293c1-8f7c-4e75-866d-87cf51b44da6
2026-05-13 17:04:04,677 [INFO] Scheduling entity extraction task for node_id=b60adeb1-1479-43b9-98ad-2f57b5bdddb6
2026-05-13 17:04:04,681 [INFO] Scheduling entity extraction task for node_id=0a97f2b9-8b9c-4422-96af-eee8d9d5327e
2026-05-13 17:04:04,686 [INFO] Scheduling entity extraction task for node_id=47b1d697-3982-4ec8-9318-31be23bbcf12
2026-05-13 17:04:04,691 [INFO] Scheduling entity extraction task for node_id=dc12d002-b87e-40d7-9228-22a2cf66645f
2026-05-13 17:04:04,697 [INFO] Scheduling entity extraction task for node_id=eb889b80-e66c-424e-ad3d-a47bd8826af7
2026-05-13 17:04:04,701 [INFO] Scheduling entity extraction task for node_id=8baf50bb-47ac-427f-be47-e5dd701158da
2026-05-13 17:04:04,706 [INFO] Scheduling entity extraction task for node_id=619cd207-1550-4002-8794-daf00134e88f
2026-05-13 17:04:04,710 [INFO] Scheduling entity extraction task for node_id=ee12f252-ebc0-4a10-be28-4f65027d50b7
2026-05-13 17:04:04,714 [INFO] Scheduling entity extraction task for node_id=9fac0632-0661-445f-bed4-dbcf0c4a05b0
2026-05-13 17:04:04,720 [INFO] Scheduling entity extraction task for node_id=8c65bf68-4fdb-428a-a240-7a613720d6dc
2026-05-13 17:04:04,725 [INFO] Scheduling entity extraction task for node_id=1c38535e-4823-4d86-8a99-3dee8e4b70d8
2026-05-13 17:04:04,730 [INFO] Scheduling entity extraction task for node_id=080ed611-ec84-4b7b-b26b-01aa5d33bce9
2026-05-13 17:04:04,734 [INFO] Scheduling entity extraction task for node_id=d3dd9532-89cd-441f-aad6-6c2b6a342c3a
2026-05-13 17:04:04,738 [INFO] Scheduling entity extraction task for node_id=1698ebf1-6c11-44a1-872c-f53771c811f1
2026-05-13 17:04:04,744 [INFO] Scheduling entity extraction task for node_id=3f5f008c-498a-417b-a76d-ad0ad02163a6
2026-05-13 17:04:04,748 [INFO] Scheduling entity extraction task for node_id=365e2e4a-b03e-4c7b-9539-58be245179f8
2026-05-13 17:04:04,753 [INFO] Scheduling entity extraction task for node_id=50e425bd-76c9-44dc-9ab8-581afa8f79cb
2026-05-13 17:04:04,758 [INFO] Scheduling entity extraction task for node_id=1b5d498e-5acd-4033-8968-e467bcad1f41
2026-05-13 17:04:04,762 [INFO] Scheduling entity extraction task for node_id=a1fef4bf-6f68-485b-aa10-e6843eba68de
2026-05-13 17:04:04,768 [INFO] Scheduling entity extraction task for node_id=6a447219-f722-44fc-80c5-a589bd4d143d
2026-05-13 17:04:04,772 [INFO] Scheduling entity extraction task for node_id=d27662e9-ad1a-4a30-bd7d-8027fe3519c1
2026-05-13 17:04:04,777 [INFO] Scheduling entity extraction task for node_id=8ee4cbec-fffc-45b3-bcd5-70c1c4191f7d
2026-05-13 17:04:04,781 [INFO] Scheduling entity extraction task for node_id=3fa55b31-0483-4c36-9009-ac193a4e9a6f
2026-05-13 17:04:04,786 [INFO] Scheduling entity extraction task for node_id=ac46551d-6ef7-4bfb-b9c1-99925ec544c4
2026-05-13 17:04:04,793 [INFO] Scheduling entity extraction task for node_id=6581ff7f-1c80-40b3-97b8-194d9acd0fb8
2026-05-13 17:04:04,797 [INFO] Scheduling entity extraction task for node_id=599a27c4-1fab-4e30-87b6-152c0d022381
2026-05-13 17:04:04,802 [INFO] Scheduling entity extraction task for node_id=74fa23b0-1f67-4c91-a583-c4a3bd052c12
2026-05-13 17:04:04,809 [INFO] Scheduling entity extraction task for node_id=c371540b-330d-4b77-9538-3ba8bfe85713
2026-05-13 17:04:04,814 [INFO] Scheduling entity extraction task for node_id=f84c30de-c5d9-4c3a-aa75-b3fab850e8b4
2026-05-13 17:04:04,818 [INFO] Scheduling entity extraction task for node_id=2fc014af-77dd-4f69-b365-96f84fe3b11f
2026-05-13 17:04:04,824 [INFO] Scheduling entity extraction task for node_id=b2b84642-99ab-4d9a-aa71-898afcca99ab
2026-05-13 17:04:04,828 [INFO] Scheduling entity extraction task for node_id=ea6b87ba-b24a-49b0-8f73-5e040547cf3f
2026-05-13 17:04:04,832 [INFO] Scheduling entity extraction task for node_id=89e24ee2-eb1d-4260-8153-61e0bf91aa90
2026-05-13 17:04:04,837 [INFO] Scheduling entity extraction task for node_id=73608993-097e-47c5-85ab-6d0c713f1222
2026-05-13 17:04:04,841 [INFO] Scheduling entity extraction task for node_id=c5f5149c-79cb-4d4e-9ed3-9c028dc4cebf
2026-05-13 17:04:04,846 [INFO] Scheduling entity extraction task for node_id=5db311be-2cc5-4e9a-9879-0ca3870a60a1
2026-05-13 17:04:04,851 [INFO] Scheduling entity extraction task for node_id=e6409947-fad3-4894-950e-b625e7f08d46
2026-05-13 17:04:04,857 [INFO] Scheduling entity extraction task for node_id=2349a2d3-4a53-465b-b931-a056a76209d1
2026-05-13 17:04:04,861 [INFO] Scheduling entity extraction task for node_id=59f8cdf3-b493-4bb0-a7d4-4cba77c40b0f
2026-05-13 17:04:04,865 [INFO] Scheduling entity extraction task for node_id=4b8f3f7c-bea4-4dc7-9403-f90c8f55cf3d
2026-05-13 17:04:04,870 [INFO] Scheduling entity extraction task for node_id=d8e7cbf8-b292-4138-b8f9-cbbadc203f42
2026-05-13 17:04:04,874 [INFO] Scheduling entity extraction task for node_id=38c5bead-15b8-4399-9da8-b15eb90d47c2
2026-05-13 17:04:04,879 [INFO] Scheduling entity extraction task for node_id=f3b44bdd-849b-4823-aab9-ca02bd7dce88
2026-05-13 17:04:04,884 [INFO] Scheduling entity extraction task for node_id=62666449-533a-48c5-af60-194f077c43a7
2026-05-13 17:04:04,939 [INFO] Scheduling entity extraction task for node_id=42d5a7f0-2f67-412d-9519-9f8231a63997
2026-05-13 17:04:04,946 [INFO] Scheduling entity extraction task for node_id=066e1070-9be9-41f3-8c71-05d8fd1ee7ba
2026-05-13 17:04:04,952 [INFO] Scheduling entity extraction task for node_id=9e94dc53-953c-4e7e-9ff4-1f4ead8ae03e
2026-05-13 17:04:04,959 [INFO] Scheduling entity extraction task for node_id=3901f727-22c7-4255-baca-ba7220afe1c4
2026-05-13 17:04:04,967 [INFO] Scheduling entity extraction task for node_id=c1ec85ab-ea2a-4988-b9b8-31d47db7c22d
2026-05-13 17:04:04,974 [INFO] Scheduling entity extraction task for node_id=bd8dc61d-3b2b-41ce-8edb-ec4d0d71383b
2026-05-13 17:04:04,983 [INFO] Scheduling entity extraction task for node_id=fac4bc56-a8fc-4695-aef2-153cd4626afa
2026-05-13 17:04:04,991 [INFO] Scheduling entity extraction task for node_id=65aa38a5-db65-4cfa-b74e-f2c40d1cc448
2026-05-13 17:04:04,997 [INFO] Scheduling entity extraction task for node_id=b00fc342-2520-40c7-a5eb-e4041812b9f7
2026-05-13 17:04:05,004 [INFO] Scheduling entity extraction task for node_id=b2f3de52-45a7-4656-b3cd-b841d8eac3c5
2026-05-13 17:04:05,010 [INFO] Scheduling entity extraction task for node_id=f2ba5ced-8c0d-40cf-b156-a8792b96a102
2026-05-13 17:04:05,016 [INFO] Scheduling entity extraction task for node_id=4513c6f1-3df9-4b41-ab88-d93bb0590643
2026-05-13 17:04:05,021 [INFO] Scheduling entity extraction task for node_id=dc72248c-873a-498a-9eb0-fb553595365d
2026-05-13 17:04:05,025 [INFO] Scheduling entity extraction task for node_id=0feb4958-274d-4659-9aab-0b343fce0d01
2026-05-13 17:04:05,030 [INFO] Scheduling entity extraction task for node_id=9a87bb82-3e5e-4cc1-b3ed-a1d796c801d7
2026-05-13 17:04:05,037 [INFO] Scheduling entity extraction task for node_id=cdd7eb58-348e-4b22-8704-ec5c9ae45cd8
2026-05-13 17:04:05,042 [INFO] Scheduling entity extraction task for node_id=2a64114b-ee4d-4a10-a3c7-5b365b149f34
2026-05-13 17:04:05,048 [INFO] Scheduling entity extraction task for node_id=f32dbe3f-7198-42bb-843c-36c5baa180c0
2026-05-13 17:04:05,053 [INFO] Scheduling entity extraction task for node_id=c334140f-b5bb-491e-9434-c60d3a6d6b79
2026-05-13 17:04:05,058 [INFO] Scheduling entity extraction task for node_id=5555f508-7968-444e-aaa0-e337fcd9c6d5
2026-05-13 17:04:05,064 [INFO] Scheduling entity extraction task for node_id=2802ea2a-5782-45c0-9b1a-84d4a6700964
2026-05-13 17:04:05,068 [INFO] Scheduling entity extraction task for node_id=1d76a8a6-023a-4498-be88-6328300512a2
2026-05-13 17:04:05,073 [INFO] Scheduling entity extraction task for node_id=3444be03-f02e-4f02-9e23-84f1f0b2ef8c
2026-05-13 17:04:05,077 [INFO] Scheduling entity extraction task for node_id=126ddcb5-1af0-47ef-ba89-b8bb2483de9b
2026-05-13 17:04:05,082 [INFO] Scheduling entity extraction task for node_id=9165d5e9-65a9-413c-8dee-3f535606fb2d
2026-05-13 17:04:05,087 [INFO] Scheduling entity extraction task for node_id=ec1b85a3-2f84-4d99-9d9c-e615b97dba66
2026-05-13 17:04:05,093 [INFO] Scheduling entity extraction task for node_id=3544e550-8f69-4013-86c9-b94450a6f3e8
2026-05-13 17:04:05,099 [INFO] Scheduling entity extraction task for node_id=2f79c845-8290-4db7-b64e-3c01f86635f6
2026-05-13 17:04:05,104 [INFO] Scheduling entity extraction task for node_id=3d00ccb9-c834-4780-b9d1-58d19b36f666
2026-05-13 17:04:05,109 [INFO] Scheduling entity extraction task for node_id=1a4a76fd-f459-4eb3-a229-27930883da8b
2026-05-13 17:04:05,114 [INFO] Scheduling entity extraction task for node_id=11d49dff-6ed7-4cc1-87be-b9bd288dcdbb
2026-05-13 17:04:05,120 [INFO] Scheduling entity extraction task for node_id=b07311b7-1c43-47a0-8778-8b79b1ac09ae
2026-05-13 17:04:05,126 [INFO] Scheduling entity extraction task for node_id=ff57685d-c4c2-4084-a89d-5e3c907c15ea
2026-05-13 17:04:05,132 [INFO] Scheduling entity extraction task for node_id=2fa90ccc-b82a-48fa-9a44-d2fd1187d4c4
2026-05-13 17:04:05,138 [INFO] Scheduling entity extraction task for node_id=aa3ec2bb-79de-48db-a800-b621aac4566a
2026-05-13 17:04:05,142 [INFO] Scheduling entity extraction task for node_id=a9795680-2ba1-4e49-b1eb-775a7eae6065
2026-05-13 17:04:05,147 [INFO] Scheduling entity extraction task for node_id=0ae611cf-0c38-4388-b6f5-d491f8dd7fe8
2026-05-13 17:04:05,151 [INFO] Scheduling entity extraction task for node_id=1036ee5f-eac2-4832-bb8c-68830671f330
2026-05-13 17:04:05,155 [INFO] Scheduling entity extraction task for node_id=d41349fe-b547-4f3d-83b6-bc5a67bfbd69
2026-05-13 17:04:05,160 [INFO] Scheduling entity extraction task for node_id=24eb8b7e-8f38-4460-a2f8-ab0d98f4f3e3
2026-05-13 17:04:05,165 [INFO] Scheduling entity extraction task for node_id=60c3a3f9-db21-4684-8ac2-a7a107f4587d
2026-05-13 17:04:05,170 [INFO] Scheduling entity extraction task for node_id=4dbd06b2-4d37-4f44-857f-d5a2bf96b5ec
2026-05-13 17:04:05,176 [INFO] Scheduling entity extraction task for node_id=3a2f9bcc-6993-4cfa-a169-73983265de9e
2026-05-13 17:04:05,184 [INFO] Scheduling entity extraction task for node_id=e74c92f2-57cc-405d-942f-7df536d861b0
2026-05-13 17:04:05,193 [INFO] Scheduling entity extraction task for node_id=255ba23f-48de-411d-b8fc-dc4bae9776d7
2026-05-13 17:04:05,198 [INFO] Scheduling entity extraction task for node_id=680fbb3b-8799-4e68-83ba-592ea26bb0b8
2026-05-13 17:04:05,202 [INFO] Scheduling entity extraction task for node_id=33550a1a-1750-40e1-a331-2b112fa02061
2026-05-13 17:04:05,207 [INFO] Scheduling entity extraction task for node_id=4458e642-420a-4142-8228-520de8814928
2026-05-13 17:04:05,211 [INFO] Scheduling entity extraction task for node_id=d6c38a86-1dd5-40f6-9ede-e07dff03fc7d
2026-05-13 17:04:05,217 [INFO] Scheduling entity extraction task for node_id=a86fc032-b45d-473a-b255-a983544fa54d
2026-05-13 17:04:05,222 [INFO] Scheduling entity extraction task for node_id=4c7f657e-dfe4-4cc3-a8e6-bfd36aaf6b25
2026-05-13 17:04:05,227 [INFO] Scheduling entity extraction task for node_id=ec282f22-f1fc-466f-9ccc-5c30f6d381f9
2026-05-13 17:04:05,281 [INFO] Scheduling entity extraction task for node_id=4473df2b-7ab1-40d4-bc3a-64c6d83a69c4
2026-05-13 17:04:05,286 [INFO] Scheduling entity extraction task for node_id=42c01b56-5652-4a42-b1ce-49ead38c5df6
2026-05-13 17:04:05,290 [INFO] Scheduling entity extraction task for node_id=dcb73e83-f570-45de-ac2f-a5a44e90020c
2026-05-13 17:04:05,347 [INFO] Scheduling entity extraction task for node_id=f61aa440-18da-498d-bb4a-1c2744fe71ae
2026-05-13 17:04:05,353 [INFO] Scheduling entity extraction task for node_id=af72a6fa-933e-4730-bdef-aa8369318f06
2026-05-13 17:04:05,407 [INFO] Scheduling entity extraction task for node_id=019848a1-6e3f-4d4b-bbdf-90f8606a5942
2026-05-13 17:04:05,413 [INFO] Scheduling entity extraction task for node_id=a135b21e-cd73-4929-8507-6f49358c1779
2026-05-13 17:04:05,468 [INFO] Scheduling entity extraction task for node_id=344fefa4-be8e-4be6-bc8c-924a6b39bcb1
2026-05-13 17:04:05,473 [INFO] Scheduling entity extraction task for node_id=2541d050-2c08-4286-bf6c-c037c9efd7ac
2026-05-13 17:04:05,479 [INFO] Scheduling entity extraction task for node_id=3f43d072-ccfe-436d-971b-29e1cbd5327f
2026-05-13 17:04:05,485 [INFO] Scheduling entity extraction task for node_id=817b56fa-68a0-464e-8974-10adaa11a92d
2026-05-13 17:04:05,492 [INFO] Scheduling entity extraction task for node_id=c408e0d2-a18b-4ea4-a5e7-4f8a68ba33bd
2026-05-13 17:04:05,499 [INFO] Scheduling entity extraction task for node_id=ad656602-61be-4e6e-853a-0b53e5c288bb
2026-05-13 17:04:05,503 [INFO] Scheduling entity extraction task for node_id=0f15257e-2653-4a33-8022-7df44605ed13
2026-05-13 17:04:05,507 [INFO] Scheduling entity extraction task for node_id=45fef412-56d9-4d2e-94fa-a3f8b26c66ff
2026-05-13 17:04:05,513 [INFO] Scheduling entity extraction task for node_id=05624e95-6335-4b07-9b59-c5a803e0a60b
2026-05-13 17:04:05,521 [INFO] Scheduling entity extraction task for node_id=02e4ead0-9352-44e5-8024-de4037f4948d
2026-05-13 17:04:05,526 [INFO] Scheduling entity extraction task for node_id=736d2140-69f3-45de-a7de-548803e4fa47
2026-05-13 17:04:05,530 [INFO] Scheduling entity extraction task for node_id=cbbde314-efe3-4760-9746-1b2afc175c0d
2026-05-13 17:04:05,534 [INFO] Scheduling entity extraction task for node_id=df951ee9-9794-4e0f-8711-f363c980b993
2026-05-13 17:04:05,539 [INFO] Scheduling entity extraction task for node_id=041446f5-7fa1-4502-8adf-aa5949bd02fe
2026-05-13 17:04:05,543 [INFO] Scheduling entity extraction task for node_id=578148d9-d54f-4e9c-96bc-07ab9664742a
2026-05-13 17:04:05,547 [INFO] Scheduling entity extraction task for node_id=8e262bec-315f-4917-9103-171b72fd76ab
2026-05-13 17:04:05,552 [INFO] Scheduling entity extraction task for node_id=563e8a89-fd49-489f-928f-fba310cb1e60
2026-05-13 17:04:05,556 [INFO] Scheduling entity extraction task for node_id=ef8f9f15-01f9-4385-86c5-74f41087c703
2026-05-13 17:04:05,560 [INFO] Scheduling entity extraction task for node_id=2df7fc76-f7bf-4fd9-9b64-cb50ba0ddb2e
2026-05-13 17:04:05,566 [INFO] Scheduling entity extraction task for node_id=26816069-411d-45d3-be2c-7fd8e833ce86
2026-05-13 17:04:05,570 [INFO] Scheduling entity extraction task for node_id=f483f1af-e2cc-46e0-86ee-b0f9006cebcf
2026-05-13 17:04:05,575 [INFO] Scheduling entity extraction task for node_id=33648f18-9ed3-4ee5-8231-343b2401096a
2026-05-13 17:04:05,579 [INFO] Scheduling entity extraction task for node_id=ff3cab2a-fd43-4f6c-a6c0-134459461b23
2026-05-13 17:04:05,585 [INFO] Scheduling entity extraction task for node_id=7b664ed8-f7ff-4b3e-a94d-80ecb0e80d95
2026-05-13 17:04:05,589 [INFO] Scheduling entity extraction task for node_id=aedeaaa5-d434-4f9f-8aa0-01f39def5746
2026-05-13 17:04:05,593 [INFO] Scheduling entity extraction task for node_id=cf3d03ca-d498-4148-997e-b049d9680750
2026-05-13 17:04:05,598 [INFO] Scheduling entity extraction task for node_id=263f4b61-2ec1-480c-8015-34ca014acfe4
2026-05-13 17:04:05,602 [INFO] Scheduling entity extraction task for node_id=33917358-9ad1-4824-a6b0-bf7dcd3fa634
2026-05-13 17:04:05,606 [INFO] Scheduling entity extraction task for node_id=c5a90255-1672-426f-a85d-a845e737b3a5
2026-05-13 17:04:05,613 [INFO] Scheduling entity extraction task for node_id=22a3cfdb-8a74-4e19-b88e-73a698b7f06d
2026-05-13 17:04:05,618 [INFO] Scheduling entity extraction task for node_id=dc434f67-30ff-4a4c-a9a2-660596b1fdfa
2026-05-13 17:04:05,622 [INFO] Scheduling entity extraction task for node_id=342b5b40-0ad5-4d5f-bf8b-c7ead3178a45
2026-05-13 17:04:05,627 [INFO] Scheduling entity extraction task for node_id=cbd35eb3-1c0e-474f-bc1a-24c6d41d3f77
2026-05-13 17:04:05,631 [INFO] Scheduling entity extraction task for node_id=9572ff5f-d8cf-499b-9323-d49f2812817d
2026-05-13 17:04:05,636 [INFO] Scheduling entity extraction task for node_id=86a0ce8e-a57b-485e-8934-c1f10025d6f3
2026-05-13 17:04:05,640 [INFO] Scheduling entity extraction task for node_id=f72b1cf9-5493-412a-8111-05b7caa5b7f2
2026-05-13 17:04:05,644 [INFO] Scheduling entity extraction task for node_id=a3bc63c4-b2e7-46d4-b85e-743de2743dce
2026-05-13 17:04:05,697 [INFO] Scheduling entity extraction task for node_id=4e8f4e0a-8739-4619-b2fc-12c33342f268
2026-05-13 17:04:05,702 [INFO] Scheduling entity extraction task for node_id=83cd579c-5478-4533-b05b-8e08f5d52ae6
2026-05-13 17:04:05,708 [INFO] Scheduling entity extraction task for node_id=e68446b5-c8d8-4195-9cb0-81fb0879c203
2026-05-13 17:04:05,713 [INFO] Scheduling entity extraction task for node_id=6ad32862-6681-4736-89b7-022c2e8aa0fa
2026-05-13 17:04:05,718 [INFO] Scheduling entity extraction task for node_id=6d073f2b-2a3b-45d2-97fa-ecf57addc3a2
2026-05-13 17:04:05,723 [INFO] Scheduling entity extraction task for node_id=47377e41-c53c-4747-aa99-b27375e0f197
2026-05-13 17:04:05,730 [INFO] Scheduling entity extraction task for node_id=3dba531d-e243-45df-9584-d6cc0da70fc9
2026-05-13 17:04:05,734 [INFO] Scheduling entity extraction task for node_id=31ebb8ed-b392-49bb-ae86-bd2e267625cf
2026-05-13 17:04:05,740 [INFO] Scheduling entity extraction task for node_id=3e944489-395f-435a-a661-4f6a50c26fc7
2026-05-13 17:04:05,795 [INFO] Scheduling entity extraction task for node_id=dce49d00-0acc-4cb6-8d3e-90005328fb70
2026-05-13 17:04:05,801 [INFO] Scheduling entity extraction task for node_id=edc7425a-0ee9-4b81-b275-0d26d41905f8
2026-05-13 17:04:05,806 [INFO] Scheduling entity extraction task for node_id=ec2d2973-ad96-41ac-b8cd-3a85b1b94d2f
2026-05-13 17:04:05,812 [INFO] Scheduling entity extraction task for node_id=0dc8629b-81e7-4d3d-baf8-1a3c4b2e3dd4
2026-05-13 17:04:05,817 [INFO] Scheduling entity extraction task for node_id=38e76c10-cd0c-447c-a2f2-3138a74b5177
2026-05-13 17:04:05,824 [INFO] Scheduling entity extraction task for node_id=8e5fbbfc-75bb-477d-8b1b-dfb439fbd94c
2026-05-13 17:04:05,828 [INFO] Scheduling entity extraction task for node_id=c9b171dd-9fb4-42f5-9331-7a8c9ded50cf
2026-05-13 17:04:05,833 [INFO] Scheduling entity extraction task for node_id=72ee143c-7b18-47ed-8d19-ddf01c32e30b
2026-05-13 17:04:05,838 [INFO] Scheduling entity extraction task for node_id=edd74d1f-ace9-4cf4-a142-da87c1c4c948
2026-05-13 17:04:05,844 [INFO] Scheduling entity extraction task for node_id=01a6edec-1e46-4ac8-b6af-1fee1506d24b
2026-05-13 17:04:05,849 [INFO] Scheduling entity extraction task for node_id=0d652f5f-a50a-4863-82a6-5b3e417b7516
2026-05-13 17:04:05,855 [INFO] Scheduling entity extraction task for node_id=71e7c80a-ebef-42c6-ae13-96a9b7005219
2026-05-13 17:04:05,860 [INFO] Scheduling entity extraction task for node_id=9c6f232f-4aea-4582-951b-8d75b4c3afc8
2026-05-13 17:04:05,866 [INFO] Scheduling entity extraction task for node_id=502648d1-5387-4368-892d-7f8cb112cdac
2026-05-13 17:04:05,870 [INFO] Scheduling entity extraction task for node_id=1838e112-3696-4d66-a52b-e3de0487fdc8
2026-05-13 17:04:05,875 [INFO] Scheduling entity extraction task for node_id=113134dd-9c96-47e3-8aea-9088b3e83cc2
2026-05-13 17:04:05,880 [INFO] Scheduling entity extraction task for node_id=b9f45a80-8845-4f69-9314-68e7b6453bcf
2026-05-13 17:04:05,885 [INFO] Scheduling entity extraction task for node_id=4a57dd6e-946c-4f8e-a922-2046310fd9a3
2026-05-13 17:04:05,890 [INFO] Scheduling entity extraction task for node_id=4f7fbe84-fd6f-49a0-bdca-41bffc95c5b1
2026-05-13 17:04:05,894 [INFO] Scheduling entity extraction task for node_id=9ec3e2c3-252f-46f7-9ef1-b29b7909846c
2026-05-13 17:04:05,898 [INFO] Scheduling entity extraction task for node_id=1799d260-bef6-4780-83ec-08f901adf1a6
2026-05-13 17:04:05,903 [INFO] Scheduling entity extraction task for node_id=7191dad7-e54f-46aa-abcd-37a8834fa45b
2026-05-13 17:04:05,910 [INFO] Scheduling entity extraction task for node_id=77146b9d-067f-4baa-97fc-4341cc35f6d9
2026-05-13 17:04:05,914 [INFO] Scheduling entity extraction task for node_id=461ddaab-5553-41e2-969f-e7e545953b1e
2026-05-13 17:04:05,919 [INFO] Scheduling entity extraction task for node_id=c1deb30e-a9bc-4fef-9240-d7c0ec773ac2
2026-05-13 17:04:05,923 [INFO] Scheduling entity extraction task for node_id=98d06659-d516-4405-825d-ca31421ade25
2026-05-13 17:04:05,928 [INFO] Scheduling entity extraction task for node_id=b2772251-4fbd-413a-a1ef-a88d3d795ab3
2026-05-13 17:04:05,933 [INFO] Scheduling entity extraction task for node_id=8ac82199-6524-4120-8be4-2f682b41454d
2026-05-13 17:04:05,937 [INFO] Scheduling entity extraction task for node_id=af2517b6-8904-4fec-ba2d-dd0d00ff51ce
2026-05-13 17:04:05,942 [INFO] Scheduling entity extraction task for node_id=5e8b08a3-0426-4c27-8a40-f29b5e1ac10e
2026-05-13 17:04:05,946 [INFO] Scheduling entity extraction task for node_id=bd82ea25-712d-40b0-b1f5-66ef3ec18544
2026-05-13 17:04:05,950 [INFO] Scheduling entity extraction task for node_id=67038ad2-ae09-4976-b780-c921eb286c26
2026-05-13 17:04:05,955 [INFO] Scheduling entity extraction task for node_id=ea92af3a-49c1-4387-95cb-97812b50db30
2026-05-13 17:04:05,959 [INFO] Scheduling entity extraction task for node_id=8753ab79-0eb5-42e4-90e5-cd4a0d914871
2026-05-13 17:04:05,965 [INFO] Scheduling entity extraction task for node_id=9104eae4-5041-478a-bdac-e7521f20dc65
2026-05-13 17:04:05,969 [INFO] Scheduling entity extraction task for node_id=f31611f3-3fbf-45d7-b101-c8062d5eb6b1
2026-05-13 17:04:05,973 [INFO] Scheduling entity extraction task for node_id=b211ee7f-eef8-4f48-857f-f21be5974d6b
2026-05-13 17:04:05,978 [INFO] Scheduling entity extraction task for node_id=3a99f8c5-6555-471e-98d9-571ce192c023
2026-05-13 17:04:05,982 [INFO] Scheduling entity extraction task for node_id=11ff43af-260f-412b-8da0-12b25973ede9
2026-05-13 17:04:05,988 [INFO] Scheduling entity extraction task for node_id=4505cebe-76eb-4336-934b-670175756979
2026-05-13 17:04:05,992 [INFO] Scheduling entity extraction task for node_id=a9e8b524-07d9-4340-9f1c-1205bf1027be
2026-05-13 17:04:05,996 [INFO] Scheduling entity extraction task for node_id=6ef72ea6-7598-4f48-a6f7-5f0a23a1ed39
2026-05-13 17:04:06,002 [INFO] Scheduling entity extraction task for node_id=8eb8c91b-faeb-4bbd-af87-b092a435675f
2026-05-13 17:04:06,007 [INFO] Scheduling entity extraction task for node_id=d0347101-3a0a-4f67-975f-7864e5670c04
2026-05-13 17:04:06,012 [INFO] Scheduling entity extraction task for node_id=5ced6b85-cf05-4bd4-b90a-9a7aa2f25920
2026-05-13 17:04:06,017 [INFO] Scheduling entity extraction task for node_id=c06d04b0-dc05-4e85-9e79-499e60d8483d
2026-05-13 17:04:06,033 [INFO] Scheduling entity extraction task for node_id=e2e6be51-610e-4e26-9a66-a032e30282d2
2026-05-13 17:04:06,081 [INFO] Scheduling entity extraction task for node_id=ec7f7715-dc28-4ef4-8b59-d7ba4b6eb1cf
2026-05-13 17:04:06,134 [INFO] Scheduling entity extraction task for node_id=6c2b1740-8205-41f5-8f8f-7a9018af6427
2026-05-13 17:04:06,139 [INFO] Scheduling entity extraction task for node_id=5e306c5b-acc9-4c4b-89e9-0d9ccf0456ce
2026-05-13 17:04:06,143 [INFO] Scheduling entity extraction task for node_id=d96ec68a-f71e-4ec1-b949-a7b9ab40eeff
2026-05-13 17:04:06,147 [INFO] Scheduling entity extraction task for node_id=df5f1392-0d08-498a-b578-9b2478d29732
2026-05-13 17:04:06,152 [INFO] Scheduling entity extraction task for node_id=fbe13b3e-8d96-4f25-9347-1b7d0d9967c6
2026-05-13 17:04:06,156 [INFO] Scheduling entity extraction task for node_id=9d1d6b92-4ad0-495c-a90c-cec8b2e79802
2026-05-13 17:04:06,162 [INFO] Scheduling entity extraction task for node_id=18b25622-b71e-467f-8b95-473bae5be246
2026-05-13 17:04:06,167 [INFO] Scheduling entity extraction task for node_id=36d8fd34-ec39-4ab9-a62d-1d40b927a251
2026-05-13 17:04:06,171 [INFO] Scheduling entity extraction task for node_id=6178924d-b217-41d4-bf9a-06d732bff54f
2026-05-13 17:04:06,176 [INFO] Scheduling entity extraction task for node_id=06234f47-2540-4d0f-8997-88fbbce99ad6
2026-05-13 17:04:06,180 [INFO] Scheduling entity extraction task for node_id=14874cea-793f-4752-a658-8962121ea2a3
2026-05-13 17:04:06,185 [INFO] Scheduling entity extraction task for node_id=77652479-3251-4079-b018-0cea67319147
2026-05-13 17:04:06,191 [INFO] Scheduling entity extraction task for node_id=e35f6cff-e3d8-443e-af63-834447556496
2026-05-13 17:04:06,196 [INFO] Scheduling entity extraction task for node_id=e4068955-2236-4889-a669-80ab703ffa72
2026-05-13 17:04:06,200 [INFO] Scheduling entity extraction task for node_id=b972dce4-7882-4d37-8054-192d1ec505e1
2026-05-13 17:04:06,208 [INFO] Scheduling entity extraction task for node_id=0142b2be-66ad-478b-b42b-634de980e02f
2026-05-13 17:04:06,213 [INFO] Scheduling entity extraction task for node_id=e62805a7-e94a-4108-bec6-ee99831bf2c8
2026-05-13 17:04:06,219 [INFO] Scheduling entity extraction task for node_id=a39f5e55-ab76-456d-8925-fdf732a27ec9
2026-05-13 17:04:06,223 [INFO] Scheduling entity extraction task for node_id=53fd70d0-3e94-427f-a309-fd0673ccf69c
2026-05-13 17:04:06,228 [INFO] Scheduling entity extraction task for node_id=0c0fc412-49fe-42ac-9f01-f532acb7babd
2026-05-13 17:04:06,232 [INFO] Scheduling entity extraction task for node_id=d9bb3400-0d80-426b-af5c-8deffd1c2c73
2026-05-13 17:04:06,236 [INFO] Scheduling entity extraction task for node_id=5a25bf10-1e02-4b7b-b271-c08700d96fe4
2026-05-13 17:04:06,241 [INFO] Scheduling entity extraction task for node_id=7d267801-210d-4e59-841e-fd864aee1782
2026-05-13 17:04:06,245 [INFO] Scheduling entity extraction task for node_id=8ea67d72-687d-43f4-bbf9-715abc93f175
2026-05-13 17:04:06,250 [INFO] Scheduling entity extraction task for node_id=e9382e88-779a-4fe4-ba1a-d81695f827fb
2026-05-13 17:04:06,254 [INFO] Scheduling entity extraction task for node_id=a2091422-5765-41f7-a56e-f7b6b4222ac8
2026-05-13 17:04:06,260 [INFO] Scheduling entity extraction task for node_id=56ed77be-8a0b-4ab3-8576-6f8c86012b4e
2026-05-13 17:04:06,264 [INFO] Scheduling entity extraction task for node_id=89c71956-7f5c-4fba-9e36-40f27bac267d
2026-05-13 17:04:06,268 [INFO] Scheduling entity extraction task for node_id=31e3554e-dd9c-4cde-967a-fdbe868d9120
2026-05-13 17:04:06,273 [INFO] Scheduling entity extraction task for node_id=30b3b01c-6b39-4c85-a3c5-eb5c05373b27
2026-05-13 17:04:06,277 [INFO] Scheduling entity extraction task for node_id=ba26c2a4-06b2-442d-86c6-061205010e67
2026-05-13 17:04:06,284 [INFO] Scheduling entity extraction task for node_id=d602d5e0-8a6d-4890-a26a-102de99c656b
2026-05-13 17:04:06,288 [INFO] Scheduling entity extraction task for node_id=d373187d-1212-4267-b7f9-f1574dacf3d9
2026-05-13 17:04:06,293 [INFO] Scheduling entity extraction task for node_id=7acc94ce-9ab7-453c-ad35-9d4dd2fc436f
2026-05-13 17:04:06,347 [INFO] Scheduling entity extraction task for node_id=d6aba147-09d3-4ca4-8743-e48c21f361ad
2026-05-13 17:04:06,353 [INFO] Scheduling entity extraction task for node_id=9f67029c-0952-433a-a3fa-223460e4eeb4
2026-05-13 17:04:06,359 [INFO] Scheduling entity extraction task for node_id=96e57429-9d35-4b58-b44e-9e895aed4ab7
2026-05-13 17:04:06,364 [INFO] Scheduling entity extraction task for node_id=a840c21f-438e-4a1e-b79d-3bf9265007c9
2026-05-13 17:04:06,370 [INFO] Scheduling entity extraction task for node_id=d07f7a6b-90ef-4d48-b3c2-bb38437401bc
2026-05-13 17:04:06,377 [INFO] Scheduling entity extraction task for node_id=1879b5b8-97da-4bd8-854f-d1214d039b52
2026-05-13 17:04:06,382 [INFO] Scheduling entity extraction task for node_id=39b07145-5266-49f3-a504-fdb88b6f2443
2026-05-13 17:04:06,388 [INFO] Scheduling entity extraction task for node_id=c08f1c02-ef08-4620-b1dd-4a63a4afca97
2026-05-13 17:04:06,394 [INFO] Scheduling entity extraction task for node_id=1b8ac76f-4df3-4e86-9b87-c62a0c4a1600
2026-05-13 17:04:06,446 [INFO] Scheduling entity extraction task for node_id=978bee92-95ec-4cff-8896-a0a422c4fa56
2026-05-13 17:04:06,452 [INFO] Scheduling entity extraction task for node_id=8e58a5de-100e-4eae-808c-083792f4b3d7
2026-05-13 17:04:06,457 [INFO] Scheduling entity extraction task for node_id=d79bb595-44c8-4aa7-99f3-9e86be70f5c4
2026-05-13 17:04:06,463 [INFO] Scheduling entity extraction task for node_id=33291872-404d-4d3e-9885-78a9a7bc4811
2026-05-13 17:04:06,468 [INFO] Scheduling entity extraction task for node_id=d189680b-1059-4d0c-96bf-c9026c0dfcac
2026-05-13 17:04:06,474 [INFO] Scheduling entity extraction task for node_id=97d05c8f-37e8-4d45-8f66-bd0efec9b1de
2026-05-13 17:04:06,479 [INFO] Scheduling entity extraction task for node_id=c87a3523-cdde-4c15-b3d7-d043ddb354e3
2026-05-13 17:04:06,485 [INFO] Scheduling entity extraction task for node_id=8136f73c-a69d-40c3-ae37-c2c9615fa32d
2026-05-13 17:04:06,490 [INFO] Scheduling entity extraction task for node_id=0d9ea743-1c8d-4b07-bbb3-f04d5bc2220d
2026-05-13 17:04:06,495 [INFO] Scheduling entity extraction task for node_id=90793c6f-a02b-46a6-88dd-91d89a2b8d5b
2026-05-13 17:04:06,499 [INFO] Scheduling entity extraction task for node_id=8420a1d2-ff43-4564-a65e-e3826516aee1
2026-05-13 17:04:06,504 [INFO] Scheduling entity extraction task for node_id=0031535b-23d7-4f5c-aa8e-cd4a5133b568
2026-05-13 17:04:06,509 [INFO] Scheduling entity extraction task for node_id=c73fe458-1a86-4838-a016-49a0db966dee
2026-05-13 17:04:06,513 [INFO] Scheduling entity extraction task for node_id=b62fb779-3031-4b65-a6da-b7e26431e39b
2026-05-13 17:04:06,518 [INFO] Scheduling entity extraction task for node_id=342fd933-d1ae-4513-b902-abc1f27f84aa
2026-05-13 17:04:06,523 [INFO] Scheduling entity extraction task for node_id=df43d404-6e17-4254-a255-ae97a34252a4
2026-05-13 17:04:06,528 [INFO] Scheduling entity extraction task for node_id=bb0d05df-e3b5-45ac-95ec-1273ec0194ee
2026-05-13 17:04:06,532 [INFO] Scheduling entity extraction task for node_id=d27e268b-bb72-4ca5-8f45-108cb50e9ce5
2026-05-13 17:04:06,537 [INFO] Scheduling entity extraction task for node_id=49ad30bd-8743-410a-b90f-e315f4929aae
2026-05-13 17:04:06,541 [INFO] Scheduling entity extraction task for node_id=c9dd208b-33db-4bf9-8a5c-a33f5a1a2145
2026-05-13 17:04:06,549 [INFO] Scheduling entity extraction task for node_id=3722c22a-7ddb-40c4-bb16-2e3e2f24352f
2026-05-13 17:04:06,553 [INFO] Scheduling entity extraction task for node_id=7f635274-77a6-4c0b-a225-80b84e1a6eaf
2026-05-13 17:04:06,557 [INFO] Scheduling entity extraction task for node_id=b751956f-4f8f-4e44-a22c-eb752b71e992
2026-05-13 17:04:06,562 [INFO] Scheduling entity extraction task for node_id=edfe77df-4a64-4316-bdef-f704295b632e
2026-05-13 17:04:06,616 [INFO] Scheduling entity extraction task for node_id=21a47f36-8523-4b0c-bcb4-c39ed826ffbb
2026-05-13 17:04:06,622 [INFO] Scheduling entity extraction task for node_id=90af5feb-8670-4cf5-a464-4f25b1936697
2026-05-13 17:04:06,629 [INFO] Scheduling entity extraction task for node_id=04cff73b-dc1b-4c06-b1c8-5175e4a10d54
2026-05-13 17:04:06,634 [INFO] Scheduling entity extraction task for node_id=e788adf9-65e6-41e1-9d8f-f6365334c094
2026-05-13 17:04:06,639 [INFO] Scheduling entity extraction task for node_id=b0d27923-e4f2-4d6b-80fe-823e0977d024
2026-05-13 17:04:06,645 [INFO] Scheduling entity extraction task for node_id=f3be63e1-7aac-43dc-a014-48602b1e6c97
2026-05-13 17:04:06,651 [INFO] Scheduling entity extraction task for node_id=83fbbd04-0e5e-4d68-b4d6-8ac863231b5e
2026-05-13 17:04:06,657 [INFO] Scheduling entity extraction task for node_id=61c7d6e5-f1ed-4714-b6bf-bd22807add40
2026-05-13 17:04:06,662 [INFO] Scheduling entity extraction task for node_id=d54da2c5-d9f9-454e-91ae-da035661ee80
2026-05-13 17:04:06,667 [INFO] Scheduling entity extraction task for node_id=3793c7de-75f8-4162-9a50-c10bcac341be
2026-05-13 17:04:06,672 [INFO] Scheduling entity extraction task for node_id=51a7e4e1-6b13-4f44-92b4-0952c4f6d5c1
2026-05-13 17:04:06,677 [INFO] Scheduling entity extraction task for node_id=54d95a72-ff76-4405-ad86-4c763bbabe35
2026-05-13 17:04:06,681 [INFO] Scheduling entity extraction task for node_id=9c7234cd-dcbd-452b-9d09-f1b84676144c
2026-05-13 17:04:06,686 [INFO] Scheduling entity extraction task for node_id=e0cb6c0f-1933-42da-ab81-6128194bd2df
2026-05-13 17:04:06,691 [INFO] Scheduling entity extraction task for node_id=523f6cf1-5313-48ff-9ae6-0f25d0f59133
2026-05-13 17:04:06,695 [INFO] Scheduling entity extraction task for node_id=c7c9580e-614f-4a0a-89fe-52e8cc96d8b3
2026-05-13 17:04:06,700 [INFO] Scheduling entity extraction task for node_id=9611f6c3-28bf-46c7-a1e3-6fb01f763113
2026-05-13 17:04:06,704 [INFO] Scheduling entity extraction task for node_id=2a3937ac-6a3f-41c7-8e97-4a4d9f0a371d
2026-05-13 17:04:06,708 [INFO] Scheduling entity extraction task for node_id=af20a939-3aee-42be-bfed-88f7f128988a
2026-05-13 17:04:06,713 [INFO] Scheduling entity extraction task for node_id=c1f10f12-8557-4f43-98db-20d99720465b
2026-05-13 17:04:06,716 [INFO] Scheduling entity extraction task for node_id=dda56b98-fa5c-4277-898d-e2a6b5cd97b3
2026-05-13 17:04:06,721 [INFO] Scheduling entity extraction task for node_id=bbf3e952-f208-4ad0-b413-f05ea35f6256
2026-05-13 17:04:06,725 [INFO] Scheduling entity extraction task for node_id=9a1eefdf-6875-4a61-b4b0-8af314321171
2026-05-13 17:04:06,730 [INFO] Scheduling entity extraction task for node_id=f4a2c130-ada1-4bfc-9a80-95658c090cbe
2026-05-13 17:04:06,734 [INFO] Scheduling entity extraction task for node_id=c135fc92-e287-4be3-b751-b7a73ef932fc
2026-05-13 17:04:06,738 [INFO] Scheduling entity extraction task for node_id=067a3830-4cfd-4115-9284-d00474958d5e
2026-05-13 17:04:06,743 [INFO] Scheduling entity extraction task for node_id=58d0bbd2-c8b0-42b9-b886-b69141b5dcb6
2026-05-13 17:04:06,747 [INFO] Scheduling entity extraction task for node_id=2cca4e75-b6e7-43ad-a869-287f2f9b156d
2026-05-13 17:04:06,752 [INFO] Scheduling entity extraction task for node_id=8a181250-2ec6-4285-8c22-6d3ecd396536
2026-05-13 17:04:06,756 [INFO] Scheduling entity extraction task for node_id=803b01dc-4887-44b6-a5a5-178671a89f93
2026-05-13 17:04:06,761 [INFO] Scheduling entity extraction task for node_id=2f70e7ce-cdae-40a3-badf-6187675d4dea
2026-05-13 17:04:06,766 [INFO] Scheduling entity extraction task for node_id=8489ceb2-51f3-4fec-be53-e96071854983
2026-05-13 17:04:06,772 [INFO] Scheduling entity extraction task for node_id=65e9dcff-a495-4a8c-a1b1-0fa90ec7078f
2026-05-13 17:04:06,777 [INFO] Scheduling entity extraction task for node_id=606ec39a-5895-428b-8fd6-f9108d764d0c
2026-05-13 17:04:06,784 [INFO] Scheduling entity extraction task for node_id=60c63e50-904b-4935-be96-bc1d2e01332b
2026-05-13 17:04:06,789 [INFO] Scheduling entity extraction task for node_id=841c8a79-1a15-441d-bcb0-2b051209ce14
2026-05-13 17:04:06,797 [INFO] Scheduling entity extraction task for node_id=ff4b8cd2-1b4b-4b2c-8b4d-b248581ccfc6
2026-05-13 17:04:06,802 [INFO] Scheduling entity extraction task for node_id=5a6bc1c1-c177-4e55-bdaa-590677f7465e
2026-05-13 17:04:06,806 [INFO] Scheduling entity extraction task for node_id=a2adb142-d0b8-45d9-a80f-ecc9c3d23cd2
2026-05-13 17:04:06,810 [INFO] Scheduling entity extraction task for node_id=21dad592-c68e-46eb-87ee-92551ff9f424
2026-05-13 17:04:06,816 [INFO] Scheduling entity extraction task for node_id=cdc0dd58-9a0b-41d7-8783-5422e0848df7
2026-05-13 17:04:06,821 [INFO] Scheduling entity extraction task for node_id=9ecff727-6e88-4b27-85b6-dff970f595ce
2026-05-13 17:04:06,826 [INFO] Scheduling entity extraction task for node_id=3ae347a4-9a3d-4239-a6d6-2652429b6cc8
2026-05-13 17:04:06,833 [INFO] Scheduling entity extraction task for node_id=538e2ef2-4038-41bb-967c-6d6769dc9423
2026-05-13 17:04:06,838 [INFO] Scheduling entity extraction task for node_id=e0a78baf-6b1e-4ce4-b2dd-a7a62380cdfa
2026-05-13 17:04:06,842 [INFO] Scheduling entity extraction task for node_id=e0686379-eede-41c3-ad2c-53094705442e
2026-05-13 17:04:06,847 [INFO] Scheduling entity extraction task for node_id=1f7ef62e-8e35-47af-b621-a33590547814
2026-05-13 17:04:06,851 [INFO] Scheduling entity extraction task for node_id=461ba7a3-d619-4e75-bcc6-1f8a7ce4325d
2026-05-13 17:04:06,856 [INFO] Scheduling entity extraction task for node_id=0df876aa-0c7a-4725-a483-f23291368344
2026-05-13 17:04:06,863 [INFO] Scheduling entity extraction task for node_id=5c74efc2-dd1f-4a20-99b8-760c1d8b971e
2026-05-13 17:04:06,916 [INFO] Scheduling entity extraction task for node_id=5c45c371-5456-4f96-8aec-730010910b9c
2026-05-13 17:04:06,921 [INFO] Scheduling entity extraction task for node_id=c4d5ae35-a711-4d13-9c88-702072c2fbc3
2026-05-13 17:04:06,926 [INFO] Scheduling entity extraction task for node_id=860b69ce-c6d8-4abd-a3ea-e63ff348c809
2026-05-13 17:04:06,979 [INFO] Scheduling entity extraction task for node_id=3260d075-90c4-4320-9424-9a69c23dfd3e
2026-05-13 17:04:07,000 [INFO] Scheduling entity extraction task for node_id=3c3bad9b-f9b0-47af-943e-e16aeb8d0fb2
2026-05-13 17:04:07,052 [INFO] Scheduling entity extraction task for node_id=7a5b9ee3-f803-46ed-b3d8-94ade1bb98a4
2026-05-13 17:04:07,057 [INFO] Scheduling entity extraction task for node_id=a34d1b9c-328e-4273-99ca-f19f93bfc967
2026-05-13 17:04:07,064 [INFO] Scheduling entity extraction task for node_id=2ce27eae-5fab-479b-be82-71772bb113b0
2026-05-13 17:04:07,070 [INFO] Scheduling entity extraction task for node_id=10cb1960-40ea-423c-9c87-d260eea7afb5
2026-05-13 17:04:07,075 [INFO] Scheduling entity extraction task for node_id=01d23a1c-0841-482e-a04b-f5030cb2d3fb
2026-05-13 17:04:07,081 [INFO] Scheduling entity extraction task for node_id=15d14697-efd8-4e71-960b-5a5b3e8dd899
2026-05-13 17:04:07,086 [INFO] Scheduling entity extraction task for node_id=0e1d9c3a-39c0-49ae-a133-7664a9b34b3b
2026-05-13 17:04:07,092 [INFO] Scheduling entity extraction task for node_id=47c2e3f7-0635-445f-85c7-af107ae4dfec
2026-05-13 17:04:07,099 [INFO] Scheduling entity extraction task for node_id=bb8fa32f-d8e6-4b61-a813-8f03b23d58ad
2026-05-13 17:04:07,106 [INFO] Scheduling entity extraction task for node_id=b20f0bfe-1fba-42c0-8988-d566e442c6bb
2026-05-13 17:04:07,113 [INFO] Scheduling entity extraction task for node_id=5d8c981c-6b87-419f-a30f-58be5dcad5f7
2026-05-13 17:04:07,118 [INFO] Scheduling entity extraction task for node_id=a9c69f40-9ffc-4a8d-95b4-9d0ae5546bbc
2026-05-13 17:04:07,124 [INFO] Scheduling entity extraction task for node_id=90d5092b-c987-4b1a-93f9-fe6a2d1bade7
2026-05-13 17:04:07,130 [INFO] Scheduling entity extraction task for node_id=d1ad741f-df0a-4fc1-82fd-5a55e58e140a
2026-05-13 17:04:07,134 [INFO] Scheduling entity extraction task for node_id=ae28a604-0605-4e07-b00b-59e8ac8831bf
2026-05-13 17:04:07,139 [INFO] Scheduling entity extraction task for node_id=d30d393d-4d74-4184-a99a-ede48e2d58d5
2026-05-13 17:04:07,144 [INFO] Scheduling entity extraction task for node_id=71dd6fd4-25d0-4422-827d-0dec212ed574
2026-05-13 17:04:07,149 [INFO] Scheduling entity extraction task for node_id=a734caf3-6a7a-43a2-95b7-4e070b37631c
2026-05-13 17:04:07,154 [INFO] Scheduling entity extraction task for node_id=ae64beeb-e6bf-4683-99a0-79dbcb39ccb9
2026-05-13 17:04:07,208 [INFO] Scheduling entity extraction task for node_id=d4736b77-d70c-45ec-985a-832ca9399c10
2026-05-13 17:04:07,212 [INFO] Scheduling entity extraction task for node_id=d1b28656-13b8-4bfb-9e09-bcb470f55efd
2026-05-13 17:04:07,275 [INFO] Scheduling entity extraction task for node_id=eadc2142-4951-44cb-bee1-72e6f818075c
2026-05-13 17:04:07,282 [INFO] Scheduling entity extraction task for node_id=84ede39a-dbad-40af-8407-7397df46aa5a
2026-05-13 17:04:07,288 [INFO] Scheduling entity extraction task for node_id=b5fed7bf-4e16-4f36-af06-cceaba4304ae
2026-05-13 17:04:07,293 [INFO] Scheduling entity extraction task for node_id=7760d4ea-abd4-4205-9354-9f1fd621dfc7
2026-05-13 17:04:07,298 [INFO] Scheduling entity extraction task for node_id=797f870b-a9b4-4dfa-bd5f-9f766481e6f4
2026-05-13 17:04:07,303 [INFO] Scheduling entity extraction task for node_id=31404cb8-ddfc-442e-9f35-a9cad4aa99a4
2026-05-13 17:04:07,309 [INFO] Scheduling entity extraction task for node_id=0100b08a-95e7-417d-b7d9-ee8f161ef0b4
2026-05-13 17:04:07,313 [INFO] Scheduling entity extraction task for node_id=afc0e742-178a-46ea-af3b-baf8367f7a26
2026-05-13 17:04:07,318 [INFO] Scheduling entity extraction task for node_id=b5764acd-3f29-4cf1-9ca1-611108eca2bb
2026-05-13 17:04:07,322 [INFO] Scheduling entity extraction task for node_id=b9e08413-c4f4-4b3f-9a3c-25a94866e159
2026-05-13 17:04:07,327 [INFO] Scheduling entity extraction task for node_id=5ca5a641-3711-4a2d-a34c-e0b7244e1126
2026-05-13 17:04:07,331 [INFO] Scheduling entity extraction task for node_id=29b12816-a134-4377-9f39-ae97734fe1d4
2026-05-13 17:04:07,335 [INFO] Scheduling entity extraction task for node_id=3bddc101-b3d4-446b-b83b-cc829aef4c3f
2026-05-13 17:04:07,340 [INFO] Scheduling entity extraction task for node_id=88e0ae3f-51d1-45e4-bd28-833eaf3f4bcb
2026-05-13 17:04:07,344 [INFO] Scheduling entity extraction task for node_id=f7efd32c-10d2-41b2-90c9-7c58ad0915a2
2026-05-13 17:04:07,349 [INFO] Scheduling entity extraction task for node_id=54666d4e-277d-4d2a-93fd-76b008b5f889
2026-05-13 17:04:07,353 [INFO] Scheduling entity extraction task for node_id=ce5ded6a-c24e-4073-96fa-cc21115bff65
2026-05-13 17:04:07,359 [INFO] Scheduling entity extraction task for node_id=3e120044-ca0a-4ec0-9ac1-097b6cb8f834
2026-05-13 17:04:07,364 [INFO] Scheduling entity extraction task for node_id=95eaf459-4c8b-4367-acc9-ea2b3ae5f5a4
2026-05-13 17:04:07,369 [INFO] Scheduling entity extraction task for node_id=d8048c46-86ad-42ba-b00e-3c7ba5698192
2026-05-13 17:04:07,375 [INFO] Scheduling entity extraction task for node_id=813bbb09-8f95-4830-a2c3-c53fc8883d3f
2026-05-13 17:04:07,380 [INFO] Scheduling entity extraction task for node_id=bc347a0c-d6f2-4831-bc60-80d84abaadb0
2026-05-13 17:04:07,384 [INFO] Scheduling entity extraction task for node_id=4309d056-00d6-4ca7-bad7-1c458fc94149
2026-05-13 17:04:07,388 [INFO] Scheduling entity extraction task for node_id=80e36a2c-5d38-4b34-a08b-a1ecc70d377e
2026-05-13 17:04:07,393 [INFO] Scheduling entity extraction task for node_id=8c968007-f5aa-4156-a3ec-44fea88de63d
2026-05-13 17:04:07,397 [INFO] Scheduling entity extraction task for node_id=1d6ea712-3cbc-4e64-9f01-f46d54d0b7de
2026-05-13 17:04:07,402 [INFO] Scheduling entity extraction task for node_id=cebce66b-d43d-4b99-9362-5eb17e7a15c9
2026-05-13 17:04:07,409 [INFO] Scheduling entity extraction task for node_id=8dca1ecf-ee79-4302-8405-fd1b25510516
2026-05-13 17:04:07,416 [INFO] Scheduling entity extraction task for node_id=156058df-2815-406a-9324-930794ec99e8
2026-05-13 17:04:07,421 [INFO] Scheduling entity extraction task for node_id=56101dc2-b676-463a-b0ae-f703f1137ccb
2026-05-13 17:04:07,425 [INFO] Scheduling entity extraction task for node_id=2351daac-ff78-43f2-a948-f6d545516b25
2026-05-13 17:04:07,430 [INFO] Scheduling entity extraction task for node_id=40fae3e3-1db1-4c2f-a4e8-80a92911226b
2026-05-13 17:04:07,434 [INFO] Scheduling entity extraction task for node_id=26702e3c-3c34-456c-bdbc-6d022a86cd0a
2026-05-13 17:04:07,489 [INFO] Scheduling entity extraction task for node_id=cd61970c-d790-478e-8b2b-bc64ad3874e3
2026-05-13 17:04:07,494 [INFO] Scheduling entity extraction task for node_id=087284cf-e26a-4866-8084-10a9e9e24c22
2026-05-13 17:04:07,501 [INFO] Scheduling entity extraction task for node_id=87ea1791-8b92-4ffb-805d-d72ad32d10a3
2026-05-13 17:04:07,506 [INFO] Scheduling entity extraction task for node_id=d0e11027-f94b-42ca-a678-f696e876d833
2026-05-13 17:04:07,511 [INFO] Scheduling entity extraction task for node_id=78adf1af-9820-4145-b140-085466360f52
2026-05-13 17:04:07,515 [INFO] Scheduling entity extraction task for node_id=01652254-aace-4d6b-ab43-d7cedbc1d93c
2026-05-13 17:04:07,523 [INFO] Scheduling entity extraction task for node_id=1f290aef-589a-4c70-aabb-6abdf9571a88
2026-05-13 17:04:07,528 [INFO] Scheduling entity extraction task for node_id=d5111279-6756-4f62-aaf2-a5a344080182
2026-05-13 17:04:07,532 [INFO] Scheduling entity extraction task for node_id=8b75299c-7dac-4597-b0e8-21436a76dd96
2026-05-13 17:04:07,537 [INFO] Scheduling entity extraction task for node_id=c01fc9ae-d9b7-48e6-bb2f-813d9d3fa830
2026-05-13 17:04:07,541 [INFO] Scheduling entity extraction task for node_id=0afb7078-e72b-40a1-a5a3-ecddcd849f8a
2026-05-13 17:04:07,548 [INFO] Scheduling entity extraction task for node_id=ec6df279-9fa2-4041-82f9-86092dce3c06
2026-05-13 17:04:07,553 [INFO] Scheduling entity extraction task for node_id=ebaeb993-430d-4016-b22d-cd4fb1b90c9e
2026-05-13 17:04:07,558 [INFO] Scheduling entity extraction task for node_id=79ecab1f-8521-43e6-8c5c-67af189e9123
2026-05-13 17:04:07,562 [INFO] Scheduling entity extraction task for node_id=3ce083fc-93c4-4657-b7e7-9317ef591d1e
2026-05-13 17:04:07,567 [INFO] Scheduling entity extraction task for node_id=3c4ea90a-638d-482d-91ab-c1a70f739bf0
2026-05-13 17:04:07,571 [INFO] Scheduling entity extraction task for node_id=0ebb3bcc-140f-4941-8a05-f1f3597430a7
2026-05-13 17:04:07,576 [INFO] Scheduling entity extraction task for node_id=c63db1bd-384f-4f19-873e-25f661532203
2026-05-13 17:04:07,583 [INFO] Scheduling entity extraction task for node_id=cb170add-accf-4c7b-bad2-ebaf4123ec02
2026-05-13 17:04:07,590 [INFO] Scheduling entity extraction task for node_id=44a231bb-5f62-431c-a41b-7246164f00b0
2026-05-13 17:04:07,594 [INFO] Scheduling entity extraction task for node_id=57592158-be47-43dc-a350-6c68d815fe6f
2026-05-13 17:04:07,599 [INFO] Scheduling entity extraction task for node_id=056d3930-b26e-41ca-9fba-99852d516ad6
2026-05-13 17:04:07,604 [INFO] Scheduling entity extraction task for node_id=d63a14a1-728b-4e32-841e-ab22dde6ea3b
2026-05-13 17:04:07,608 [INFO] Scheduling entity extraction task for node_id=14152cbd-c554-412f-99f6-064806af1592
2026-05-13 17:04:07,613 [INFO] Scheduling entity extraction task for node_id=351da937-16ca-448f-a19d-617ad9ca210d
2026-05-13 17:04:07,617 [INFO] Scheduling entity extraction task for node_id=d91b1045-1cbb-499c-b28b-549668fab09f
2026-05-13 17:04:07,622 [INFO] Scheduling entity extraction task for node_id=ee08d23d-1a18-4b54-901e-3661c239c6c2
2026-05-13 17:04:07,626 [INFO] Scheduling entity extraction task for node_id=8c351b9a-f411-4c92-8fa3-5f3a06369150
2026-05-13 17:04:07,631 [INFO] Scheduling entity extraction task for node_id=c78e17c6-8858-4524-9436-dc27fc044a52
2026-05-13 17:04:07,636 [INFO] Scheduling entity extraction task for node_id=df8a3cc8-c907-4390-b4e7-d74f330599f8
2026-05-13 17:04:07,640 [INFO] Scheduling entity extraction task for node_id=a47bc9c9-3e4b-413c-8559-7a92c346475e
2026-05-13 17:04:07,644 [INFO] Scheduling entity extraction task for node_id=090e0c8b-e364-4b73-8192-60d856f1b38c
2026-05-13 17:04:07,649 [INFO] Scheduling entity extraction task for node_id=10812f61-98dc-40e6-9c85-afe0a9fd151e
2026-05-13 17:04:07,654 [INFO] Scheduling entity extraction task for node_id=9486c15a-93b4-4c17-8fb1-f941a4a778ac
2026-05-13 17:04:07,659 [INFO] Scheduling entity extraction task for node_id=02e076b3-5353-470e-a477-1d0e2edc29d3
2026-05-13 17:04:07,663 [INFO] Scheduling entity extraction task for node_id=31e1cd02-1554-4f10-93fd-8ebe7c801f2b
2026-05-13 17:04:07,668 [INFO] Scheduling entity extraction task for node_id=0cc3c234-e1dd-4ef7-a566-833c04bb9553
2026-05-13 17:04:07,673 [INFO] Scheduling entity extraction task for node_id=3d810f5a-6dc7-4732-a6cd-d0fe861e1826
2026-05-13 17:04:07,678 [INFO] Scheduling entity extraction task for node_id=0e551726-9659-4b95-aeb7-8f172372b1fa
2026-05-13 17:04:07,682 [INFO] Scheduling entity extraction task for node_id=a7f30bdf-bc8a-4cd3-a5ee-a5cbbccd0bcd
2026-05-13 17:04:07,687 [INFO] Scheduling entity extraction task for node_id=1aac43dd-560b-4620-8a25-b174400b96e9
2026-05-13 17:04:07,693 [INFO] Scheduling entity extraction task for node_id=04655e93-a9e0-4d54-ad81-dc34749d3d23
2026-05-13 17:04:07,697 [INFO] Scheduling entity extraction task for node_id=d7a600ec-0421-4da6-95bf-d806961bb0e3
2026-05-13 17:04:07,702 [INFO] Scheduling entity extraction task for node_id=b1bc4d9f-4e7f-4a0b-88c6-e874bc765b05
2026-05-13 17:04:07,708 [INFO] Scheduling entity extraction task for node_id=5dfce6fa-26f7-4421-93a1-de63e299141f
2026-05-13 17:04:07,713 [INFO] Scheduling entity extraction task for node_id=9858eae6-e378-41e2-8383-51753595e4bc
2026-05-13 17:04:07,718 [INFO] Scheduling entity extraction task for node_id=75f16c84-4aa1-45e2-adb1-d852452c6f2c
2026-05-13 17:04:07,723 [INFO] Scheduling entity extraction task for node_id=03e53846-76f6-4afe-98d6-01cdcdac8143
2026-05-13 17:04:07,727 [INFO] Scheduling entity extraction task for node_id=2194af32-96a5-4bfc-b448-12d5e882cc67
2026-05-13 17:04:07,732 [INFO] Scheduling entity extraction task for node_id=7441a717-8c2b-48f9-8ef0-d262bbe7bf2d
2026-05-13 17:04:07,736 [INFO] Scheduling entity extraction task for node_id=3616e5b1-f09f-40d3-9a1d-71faba1f90a9
2026-05-13 17:04:07,741 [INFO] Scheduling entity extraction task for node_id=be7155ee-78ae-4cd0-9952-25921e5318e7
2026-05-13 17:04:07,746 [INFO] Scheduling entity extraction task for node_id=c227bd78-5137-4d20-96fd-415e33ebc403
2026-05-13 17:04:07,750 [INFO] Scheduling entity extraction task for node_id=f3318cd0-979d-4ae5-b693-003fa3138881
2026-05-13 17:04:07,757 [INFO] Scheduling entity extraction task for node_id=e34f85b1-9239-412f-802c-4e16179de3ce
2026-05-13 17:04:07,762 [INFO] Scheduling entity extraction task for node_id=86a44be1-e602-435c-879f-a6e085cfb660
2026-05-13 17:04:07,767 [INFO] Scheduling entity extraction task for node_id=7f7bba36-d3c2-4597-95f0-d30f9eceb011
2026-05-13 17:04:07,771 [INFO] Scheduling entity extraction task for node_id=14eaf8ed-b869-44a6-8a27-99d17e1146b3
2026-05-13 17:04:07,775 [INFO] Scheduling entity extraction task for node_id=095c39a0-55c5-4678-8370-91449d4acb76
2026-05-13 17:04:07,780 [INFO] Scheduling entity extraction task for node_id=0545cbf3-5351-480a-8110-26a2d3c220f4
2026-05-13 17:04:07,784 [INFO] Scheduling entity extraction task for node_id=ac120285-c3b5-4e8a-8e7d-cf8864ec9d54
2026-05-13 17:04:07,789 [INFO] Scheduling entity extraction task for node_id=ac95b55e-2fc6-4416-a71c-88b39df05f7d
2026-05-13 17:04:07,793 [INFO] Scheduling entity extraction task for node_id=e486694b-ca36-45e7-97cf-da1e92950fd9
2026-05-13 17:04:07,800 [INFO] Scheduling entity extraction task for node_id=14c6fa32-8ecc-4918-80b5-7d666cf90727
2026-05-13 17:04:07,804 [INFO] Scheduling entity extraction task for node_id=9ab45809-9d7d-4e18-9fc4-7aeee8a3698d
2026-05-13 17:04:07,809 [INFO] Scheduling entity extraction task for node_id=b23fa8eb-be21-45dc-a9d8-3a19bb5e7ec1
2026-05-13 17:04:07,814 [INFO] Scheduling entity extraction task for node_id=78a587a3-3f06-4b3e-af39-545804b6935e
2026-05-13 17:04:07,818 [INFO] Scheduling entity extraction task for node_id=550fb3a3-66a5-437d-bf97-a8f0c6ed0828
2026-05-13 17:04:07,823 [INFO] Scheduling entity extraction task for node_id=d3c4f57a-35ef-4933-a87c-c96f39bad0ce
2026-05-13 17:04:07,827 [INFO] Scheduling entity extraction task for node_id=738088a2-f5c0-48d7-8981-dd4d3815777b
2026-05-13 17:04:07,832 [INFO] Scheduling entity extraction task for node_id=d0f461d3-140d-4494-9a4e-174885bc40c6
2026-05-13 17:04:07,886 [INFO] Scheduling entity extraction task for node_id=1aed3468-587a-42f6-807e-89404d8b1b77
2026-05-13 17:04:07,891 [INFO] Scheduling entity extraction task for node_id=945fa286-60ff-42c5-b733-7756199443d1
2026-05-13 17:04:07,947 [INFO] Scheduling entity extraction task for node_id=1ce5d9d8-5a2e-4999-8f36-5f0d018a8962
2026-05-13 17:04:07,954 [INFO] Scheduling entity extraction task for node_id=e9a69d3d-9316-4b24-bbc5-f34c0b99106b
2026-05-13 17:04:07,961 [INFO] Scheduling entity extraction task for node_id=9d89590b-61d3-467e-8056-a87dc69ac22a
2026-05-13 17:04:07,966 [INFO] Scheduling entity extraction task for node_id=f2b89b6b-c6b1-43e4-aff8-482b4561607c
2026-05-13 17:04:07,971 [INFO] Scheduling entity extraction task for node_id=367ad7a2-7659-4a85-8995-fa431fe36787
2026-05-13 17:04:07,976 [INFO] Scheduling entity extraction task for node_id=37d37443-41e4-49df-a913-1e725ba3bb55
2026-05-13 17:04:07,981 [INFO] Scheduling entity extraction task for node_id=6752bb42-9a7f-410b-af28-3606232ba7d4
2026-05-13 17:04:07,987 [INFO] Scheduling entity extraction task for node_id=ed31dd3d-2c02-4051-be76-317709ca5204
2026-05-13 17:04:07,993 [INFO] Scheduling entity extraction task for node_id=551c8784-303a-4386-bfc0-e09cb343e84e
2026-05-13 17:04:07,997 [INFO] Scheduling entity extraction task for node_id=c8ba4fbe-5419-4092-83d9-7883fdf811bb
2026-05-13 17:04:08,003 [INFO] Scheduling entity extraction task for node_id=3ba95190-7882-4faf-ad55-10751e293f25
2026-05-13 17:04:08,007 [INFO] Scheduling entity extraction task for node_id=048983e6-7020-4f7b-b393-b4d94ff8d8a2
2026-05-13 17:04:08,012 [INFO] Scheduling entity extraction task for node_id=deb67c9e-edbb-4fdf-ab23-dd8882eaba67
2026-05-13 17:04:08,017 [INFO] Scheduling entity extraction task for node_id=c536efa1-951a-4b8e-a15c-25a8a9777f1d
2026-05-13 17:04:08,022 [INFO] Scheduling entity extraction task for node_id=2b0fc83b-923b-486d-b9cd-76a9eda8787c
2026-05-13 17:04:08,026 [INFO] Scheduling entity extraction task for node_id=f219537b-24a4-4d27-97f0-d148db4f46d7
2026-05-13 17:04:08,031 [INFO] Scheduling entity extraction task for node_id=1139f7dc-7b3c-406b-9383-9378846c480c
2026-05-13 17:04:08,035 [INFO] Scheduling entity extraction task for node_id=00aa386c-522c-4f1c-9a50-fc6b32db1751
2026-05-13 17:04:08,041 [INFO] Scheduling entity extraction task for node_id=0d545ebd-f6f3-487c-af3c-1ea5f43c1722
2026-05-13 17:04:08,046 [INFO] Scheduling entity extraction task for node_id=28575ea9-0143-4fa7-8df8-2ce4ad31289f
2026-05-13 17:04:08,098 [INFO] Scheduling entity extraction task for node_id=f4a444b1-157a-40d1-9c3d-318613c85914
2026-05-13 17:04:08,102 [INFO] Scheduling entity extraction task for node_id=06b8d36e-2e84-494e-9ce1-a40e0039f6d3
2026-05-13 17:04:08,107 [INFO] Scheduling entity extraction task for node_id=d9d82848-c7d2-4df4-9a7b-1acda76492fa
2026-05-13 17:04:08,112 [INFO] Scheduling entity extraction task for node_id=206ea703-e464-414d-b664-1121535d6b1c
2026-05-13 17:04:08,117 [INFO] Scheduling entity extraction task for node_id=b10259ec-9b9b-4d1b-90ca-885e63c07204
2026-05-13 17:04:08,121 [INFO] Scheduling entity extraction task for node_id=def68199-80c5-4445-a1d9-52c256e2988f
2026-05-13 17:04:08,125 [INFO] Scheduling entity extraction task for node_id=b465d113-c600-464b-a43e-c3f619a9296f
2026-05-13 17:04:08,130 [INFO] Scheduling entity extraction task for node_id=2415dd3f-a161-4686-aca2-ceb99a4e4e92
2026-05-13 17:04:08,135 [INFO] Scheduling entity extraction task for node_id=82ea9129-49f6-42fe-b439-be95579bd2d9
2026-05-13 17:04:08,139 [INFO] Scheduling entity extraction task for node_id=106074b8-c200-4282-bb57-da6a82af498f
2026-05-13 17:04:08,144 [INFO] Scheduling entity extraction task for node_id=3b16ac49-0fe7-4106-81df-3f7c6bae0f92
2026-05-13 17:04:08,148 [INFO] Scheduling entity extraction task for node_id=ff2a8164-07c9-42c3-86aa-0a24a2309f19
2026-05-13 17:04:08,154 [INFO] Scheduling entity extraction task for node_id=4ae30435-99b7-48db-889b-9336eb8e95b7
2026-05-13 17:04:08,159 [INFO] Scheduling entity extraction task for node_id=91734ce6-f803-48cd-ba89-14706c0a1847
2026-05-13 17:04:08,163 [INFO] Scheduling entity extraction task for node_id=c42dd4b8-d138-443c-8ecf-8f0e47dc5a47
2026-05-13 17:04:08,169 [INFO] Scheduling entity extraction task for node_id=d51df579-d894-4fda-a393-be0d78c5694c
2026-05-13 17:04:08,174 [INFO] Scheduling entity extraction task for node_id=656ae9b7-4c6d-48b1-a79d-cb0b06c4f298
2026-05-13 17:04:08,225 [INFO] Scheduling entity extraction task for node_id=591abee2-d574-4ed1-a147-110aa4dbffcc
2026-05-13 17:04:08,230 [INFO] Scheduling entity extraction task for node_id=e5f3a5f4-4753-451d-9920-5dc33ca3d8e3
2026-05-13 17:04:08,234 [INFO] Scheduling entity extraction task for node_id=598665b9-5250-4731-a81b-f41f1461123a
2026-05-13 17:04:08,238 [INFO] Scheduling entity extraction task for node_id=6c6668c4-41d8-4bc3-99e4-e447c530530a
2026-05-13 17:04:08,242 [INFO] Scheduling entity extraction task for node_id=f7d620a9-8a77-49b8-a354-7c7808c32162
2026-05-13 17:04:08,247 [INFO] Scheduling entity extraction task for node_id=5cb83d10-1fa2-47b7-9ce5-05efbac10491
2026-05-13 17:04:08,251 [INFO] Scheduling entity extraction task for node_id=34a7a8f5-4e08-495c-8141-0b0ca71f153b
2026-05-13 17:04:08,256 [INFO] Scheduling entity extraction task for node_id=848a4f5f-f61c-4217-8377-15927756496b
2026-05-13 17:04:08,261 [INFO] Scheduling entity extraction task for node_id=bca2770d-f714-4d86-be07-7a963081d438
2026-05-13 17:04:08,268 [INFO] Scheduling entity extraction task for node_id=574df108-c4d9-4ad8-92ca-19d53c99ca2b
2026-05-13 17:04:08,272 [INFO] Scheduling entity extraction task for node_id=00ab438d-9450-4581-b30e-90af2b1d35af
2026-05-13 17:04:08,277 [INFO] Scheduling entity extraction task for node_id=8f4663d1-02b6-4669-a9ba-0930a57631b2
2026-05-13 17:04:08,282 [INFO] Scheduling entity extraction task for node_id=32b91312-0a8c-4531-9e1f-4967195f3ade
2026-05-13 17:04:08,287 [INFO] Scheduling entity extraction task for node_id=155947be-db7d-4a37-aea7-ac2af63acd2f
2026-05-13 17:04:08,291 [INFO] Scheduling entity extraction task for node_id=558af867-fe9a-459d-8b87-356f1728a85a
2026-05-13 17:04:08,295 [INFO] Scheduling entity extraction task for node_id=4e8116af-28d8-40eb-91fd-8a6bd957550c
2026-05-13 17:04:08,300 [INFO] Scheduling entity extraction task for node_id=ff03849c-81aa-43e5-be74-6a6ea0d466fa
2026-05-13 17:04:08,304 [INFO] Scheduling entity extraction task for node_id=2d820fae-a815-464e-8606-2ce2087cacf8
2026-05-13 17:04:08,308 [INFO] Scheduling entity extraction task for node_id=4d39d674-0ce5-4ad7-95b3-fc3eea06058c
2026-05-13 17:04:08,362 [INFO] Scheduling entity extraction task for node_id=823a9384-140d-42ae-86f8-8deb3ec8916b
2026-05-13 17:04:08,368 [INFO] Scheduling entity extraction task for node_id=d8c79282-b4dc-47bd-90fd-bdb5a0ab772b
2026-05-13 17:04:08,373 [INFO] Scheduling entity extraction task for node_id=b183a0ad-a513-41d0-b0af-a9d6e0946c54
2026-05-13 17:04:08,378 [INFO] Scheduling entity extraction task for node_id=f40418ff-8233-4173-a6a3-b9b74104db98
2026-05-13 17:04:08,431 [INFO] Scheduling entity extraction task for node_id=cb05c8da-99da-46a6-a4e1-dcb43e71b692
2026-05-13 17:04:08,436 [INFO] Scheduling entity extraction task for node_id=28ff6495-606a-4caf-b9d4-304602c5c807
2026-05-13 17:04:08,441 [INFO] Scheduling entity extraction task for node_id=8c607ed9-b25a-4a69-8e0e-df80b6a7ee94
2026-05-13 17:04:08,445 [INFO] Scheduling entity extraction task for node_id=389d2b91-69ad-4659-b0f9-4105f31ac957
2026-05-13 17:04:08,450 [INFO] Scheduling entity extraction task for node_id=9a813026-4b14-42bd-8eb3-9d61607a2dcf
2026-05-13 17:04:08,455 [INFO] Scheduling entity extraction task for node_id=c7d7c16c-1eaf-49f0-97bd-7d2333dcfdce
2026-05-13 17:04:08,478 [INFO] Scheduling entity extraction task for node_id=c2a7dbe4-5d8e-4f73-9342-a5437a375f64
2026-05-13 17:04:08,524 [INFO] Scheduling entity extraction task for node_id=bca82523-3ad3-4338-9eaa-81ca54bc7326
2026-05-13 17:04:08,529 [INFO] Scheduling entity extraction task for node_id=31ecfca4-88b0-4bd5-b934-e0710df0f5d5
2026-05-13 17:04:08,534 [INFO] Scheduling entity extraction task for node_id=3f2d692b-c7aa-4497-a78a-6204d2b2a9bd
2026-05-13 17:04:08,538 [INFO] Scheduling entity extraction task for node_id=dac0652f-aa37-4f40-a1d0-7cb423b0d55b
2026-05-13 17:04:08,589 [INFO] Scheduling entity extraction task for node_id=998ecf3d-8b9a-4f05-b400-44e0774e8219
2026-05-13 17:04:08,594 [INFO] Scheduling entity extraction task for node_id=21b80856-5ff3-4f21-8bb6-d0d48d68f694
2026-05-13 17:04:08,599 [INFO] Scheduling entity extraction task for node_id=e3003c65-5787-4e86-888d-becdf0d6b6fb
2026-05-13 17:04:08,603 [INFO] Scheduling entity extraction task for node_id=ef081179-c79d-4fd6-b551-0db2cad496f2
2026-05-13 17:04:08,656 [INFO] Scheduling entity extraction task for node_id=02a4c3f1-638c-49ab-b717-298b0a6d64f8
2026-05-13 17:04:08,661 [INFO] Scheduling entity extraction task for node_id=9da7d3bf-c531-4751-a61a-d3c37888eb1b
2026-05-13 17:04:08,665 [INFO] Scheduling entity extraction task for node_id=a787b9e2-6c01-4f1c-811f-f6ab17470881
2026-05-13 17:04:08,670 [INFO] Scheduling entity extraction task for node_id=079949bd-afa1-41dd-b997-84dee76b5f7d
2026-05-13 17:04:08,674 [INFO] Scheduling entity extraction task for node_id=3218be52-c084-43ab-a34e-c56be753ab70
2026-05-13 17:04:08,679 [INFO] Scheduling entity extraction task for node_id=b4e1867f-6b97-407a-a92f-4a551f3459f3
2026-05-13 17:04:08,683 [INFO] Scheduling entity extraction task for node_id=bde6bda0-d6b0-4737-9406-6183629ac1a2
2026-05-13 17:04:08,690 [INFO] Scheduling entity extraction task for node_id=8b221346-4655-4649-b26a-f44dba5ad2bb
2026-05-13 17:04:08,694 [INFO] Scheduling entity extraction task for node_id=29462603-62fe-4cb5-80fa-1d7eccae00c7
2026-05-13 17:04:08,698 [INFO] Scheduling entity extraction task for node_id=72ebb49f-f7f1-4d1b-8b6a-d81dec9eaf61
2026-05-13 17:04:08,703 [INFO] Scheduling entity extraction task for node_id=4a0987c7-f00a-473d-b18b-91ec64515f76
2026-05-13 17:04:08,708 [INFO] Scheduling entity extraction task for node_id=a630fe57-136f-4ef4-9c1a-dea6093b03ba
2026-05-13 17:04:08,712 [INFO] Scheduling entity extraction task for node_id=d1f61fff-001e-4bda-8fbf-27f309547003
2026-05-13 17:04:08,717 [INFO] Scheduling entity extraction task for node_id=4aeed6c8-4bb9-4717-b94a-44149b404280
2026-05-13 17:04:08,721 [INFO] Scheduling entity extraction task for node_id=557bd5d5-75d8-4672-87c4-81f9a71d2124
2026-05-13 17:04:08,726 [INFO] Scheduling entity extraction task for node_id=b85c794b-9d19-4d4d-b5e3-e1f8417bef7f
2026-05-13 17:04:08,731 [INFO] Scheduling entity extraction task for node_id=8db79a66-c7e6-422b-985d-213325e037ef
2026-05-13 17:04:08,736 [INFO] Scheduling entity extraction task for node_id=068dc8a9-9977-432d-9096-25db7e21b183
2026-05-13 17:04:08,741 [INFO] Scheduling entity extraction task for node_id=b1895027-0ac0-4870-83d3-ee95be16155b
2026-05-13 17:04:08,747 [INFO] Scheduling entity extraction task for node_id=6843a0bb-a62a-403c-98ae-6ff9745102aa
2026-05-13 17:04:08,753 [INFO] Scheduling entity extraction task for node_id=610df586-30d4-4580-9171-3c9845c6c97a
2026-05-13 17:04:08,758 [INFO] Scheduling entity extraction task for node_id=a48a5cf0-58fd-4e0c-9490-196d06d8ab0d
2026-05-13 17:04:08,764 [INFO] Scheduling entity extraction task for node_id=e46917ea-d49d-454a-87a4-d0f4ce7a85cf
2026-05-13 17:04:08,769 [INFO] Scheduling entity extraction task for node_id=14993699-3739-4e90-9787-bed288f92964
2026-05-13 17:04:08,822 [INFO] Scheduling entity extraction task for node_id=40bb86ed-15e0-439f-bda1-90394ddfde6d
2026-05-13 17:04:08,828 [INFO] Scheduling entity extraction task for node_id=5af400ca-1614-4c6f-96dd-214821106d70
2026-05-13 17:04:08,835 [INFO] Scheduling entity extraction task for node_id=ffecaf40-b6a2-44e3-b9f8-5109a98bfe6b
2026-05-13 17:04:08,888 [INFO] Scheduling entity extraction task for node_id=1a5147a3-047f-4e68-a91f-6fddb3649e33
2026-05-13 17:04:08,892 [INFO] Scheduling entity extraction task for node_id=a8e0a321-7519-4352-ac64-a82f1e769415
2026-05-13 17:04:08,897 [INFO] Scheduling entity extraction task for node_id=3b985e46-f47c-4a9b-9749-1cb116fbd3e9
2026-05-13 17:04:08,901 [INFO] Scheduling entity extraction task for node_id=b7f0a695-5e56-4281-8789-7058e2530a8b
2026-05-13 17:04:08,905 [INFO] Scheduling entity extraction task for node_id=b056bcb2-b524-4817-9bc3-213d27f8b0d3
2026-05-13 17:04:08,910 [INFO] Scheduling entity extraction task for node_id=4093937b-7f3a-4f08-a757-21f4c80c8c17
2026-05-13 17:04:08,914 [INFO] Scheduling entity extraction task for node_id=4a075fe0-0af4-4b96-ae7c-9522c67a2d64
2026-05-13 17:04:08,919 [INFO] Scheduling entity extraction task for node_id=04941358-9f1a-4288-a036-a112226e4ce5
2026-05-13 17:04:08,923 [INFO] Scheduling entity extraction task for node_id=a5cba8bb-9860-40f6-b1e7-0742157fe972
2026-05-13 17:04:08,929 [INFO] Scheduling entity extraction task for node_id=08678e38-7843-4896-a0ff-152c6a856cb8
2026-05-13 17:04:08,933 [INFO] Scheduling entity extraction task for node_id=0d1ddcb3-a836-4a6d-a618-0d26d783f972
2026-05-13 17:04:08,937 [INFO] Scheduling entity extraction task for node_id=7a536e8f-8442-4302-9a4d-1c6fbe150661
2026-05-13 17:04:08,942 [INFO] Scheduling entity extraction task for node_id=9990c968-e951-4379-8a52-e624d9b2d82e
2026-05-13 17:04:08,947 [INFO] Scheduling entity extraction task for node_id=bfe87a11-b9c1-4dca-a4b2-9491f8b811e6
2026-05-13 17:04:08,953 [INFO] Scheduling entity extraction task for node_id=fac84ee1-9820-4eb3-a8b8-1cb9d78d9ec1
2026-05-13 17:04:08,957 [INFO] Scheduling entity extraction task for node_id=96f4c2da-a2be-45ca-9e17-f285acd71af4
2026-05-13 17:04:08,962 [INFO] Scheduling entity extraction task for node_id=f4dee55c-6e37-425d-875d-6e61abfb7459
2026-05-13 17:04:08,966 [INFO] Scheduling entity extraction task for node_id=e5374f34-d38c-4541-b752-b2bca4124164
2026-05-13 17:04:08,970 [INFO] Scheduling entity extraction task for node_id=8310b4a8-2792-498a-985e-2d5ddb0edc10
2026-05-13 17:04:08,976 [INFO] Scheduling entity extraction task for node_id=a8e1bfcc-bf98-42ed-b042-b2c8aec205cd
2026-05-13 17:04:08,982 [INFO] Scheduling entity extraction task for node_id=64cbbfa7-0b32-4146-af31-a845f0f588eb
2026-05-13 17:04:08,987 [INFO] Scheduling entity extraction task for node_id=e5c6f572-c8ca-4e1e-b1f3-bca83941fa58
2026-05-13 17:04:08,991 [INFO] Scheduling entity extraction task for node_id=02c61743-3bb7-4579-ae3a-e06d1ccf8946
2026-05-13 17:04:08,995 [INFO] Scheduling entity extraction task for node_id=978f839a-93c6-4649-988b-d03d9f2c2b8d
2026-05-13 17:04:09,001 [INFO] Scheduling entity extraction task for node_id=daeb91e0-87fe-4150-bbcd-2889d0135527
2026-05-13 17:04:09,006 [INFO] Scheduling entity extraction task for node_id=4ae33555-8e9e-4284-b519-81af13c9dc78
2026-05-13 17:04:09,011 [INFO] Scheduling entity extraction task for node_id=47edbca0-7eb3-4258-9e6b-aaa441792872
2026-05-13 17:04:09,018 [INFO] Scheduling entity extraction task for node_id=3a60702f-b4cb-4f4e-ba98-83baf3f7673b
2026-05-13 17:04:09,022 [INFO] Scheduling entity extraction task for node_id=65b17472-9e73-4b84-aaf2-59bd3de9ee4c
2026-05-13 17:04:09,027 [INFO] Scheduling entity extraction task for node_id=181a1740-c8f8-4d77-bd3a-e0436251c5c5
2026-05-13 17:04:09,032 [INFO] Scheduling entity extraction task for node_id=13b1ad57-959e-439c-af62-ba9aff8d45b7
2026-05-13 17:04:09,057 [INFO] Scheduling entity extraction task for node_id=484d3a14-d92b-4727-b942-ec835081aceb
2026-05-13 17:04:09,110 [INFO] Scheduling entity extraction task for node_id=8154a2c5-a36c-4859-a029-0e81ea6679c7
2026-05-13 17:04:09,118 [INFO] Scheduling entity extraction task for node_id=cd5799e0-9530-43ea-ad4d-1e455c9d2bf8
2026-05-13 17:04:09,128 [INFO] Scheduling entity extraction task for node_id=bf5b523c-a87a-43a3-9546-f97cab49f1d4
2026-05-13 17:04:09,139 [INFO] Scheduling entity extraction task for node_id=78cc6e2c-66e5-4d44-bbf1-2d66b3d75c69
2026-05-13 17:04:09,147 [INFO] Scheduling entity extraction task for node_id=8dfa48bb-7486-40cb-a5c5-8b46c2a00ac8
2026-05-13 17:04:09,156 [INFO] Scheduling entity extraction task for node_id=d01d9cf7-e39b-4542-bf4f-ed64f737c828
2026-05-13 17:04:09,164 [INFO] Scheduling entity extraction task for node_id=6c52fd23-1da1-4c15-9fc0-fd1095e5dbf4
2026-05-13 17:04:09,221 [INFO] Scheduling entity extraction task for node_id=4109487e-3c31-47c8-978f-b8ec6ff9d4cd
2026-05-13 17:04:09,226 [INFO] Scheduling entity extraction task for node_id=ebad5406-8276-48c4-bf6a-c490a6b5f0ca
2026-05-13 17:04:09,231 [INFO] Scheduling entity extraction task for node_id=79af3980-a848-4399-bd95-4dc8da95288a
2026-05-13 17:04:09,237 [INFO] Scheduling entity extraction task for node_id=8b3cb804-920a-4050-914d-38c7b6668ce1
2026-05-13 17:04:09,242 [INFO] Scheduling entity extraction task for node_id=bff4d3fa-a98d-46a1-babc-a3f6f9cb4bb9
2026-05-13 17:04:09,247 [INFO] Scheduling entity extraction task for node_id=3b7467e0-0716-443e-baaf-6f6eed99888c
2026-05-13 17:04:09,252 [INFO] Scheduling entity extraction task for node_id=13ac3bd0-48f3-4781-9822-13517b9c65c6
2026-05-13 17:04:09,257 [INFO] Scheduling entity extraction task for node_id=cc1c1920-78ac-48ed-b9ae-cb412da45dd2
2026-05-13 17:04:09,263 [INFO] Scheduling entity extraction task for node_id=358f360d-4ea6-4bc5-a3b6-512ceebd391c
2026-05-13 17:04:09,316 [INFO] Scheduling entity extraction task for node_id=58d08445-62f8-4cb5-9be3-1458936c92b9
2026-05-13 17:04:09,320 [INFO] Scheduling entity extraction task for node_id=99202ee3-7887-48ed-a278-f94c72064001
2026-05-13 17:04:09,326 [INFO] Scheduling entity extraction task for node_id=ea3aa881-364f-4cec-a0e7-f45a571dde2c
2026-05-13 17:04:09,330 [INFO] Scheduling entity extraction task for node_id=3525743b-a46a-4404-85cf-3ac653981e02
2026-05-13 17:04:09,383 [INFO] Scheduling entity extraction task for node_id=f9b163a3-d1c7-43b8-9a69-1019a9688518
2026-05-13 17:04:09,388 [INFO] Scheduling entity extraction task for node_id=8d5e8d01-867f-4641-87a9-9244c9868168
2026-05-13 17:04:09,394 [INFO] Scheduling entity extraction task for node_id=2d542086-c300-4294-a04d-ee956c437e0d
2026-05-13 17:04:09,399 [INFO] Scheduling entity extraction task for node_id=e328bf83-919f-4568-aa9f-048b6c583693
2026-05-13 17:04:09,405 [INFO] Scheduling entity extraction task for node_id=423c3e62-0842-4322-88c7-be306cef22e8
2026-05-13 17:04:09,410 [INFO] Scheduling entity extraction task for node_id=b5b291bc-f21d-4453-92d5-cdbb02025f86
2026-05-13 17:04:09,414 [INFO] Scheduling entity extraction task for node_id=ab34a1f9-0af1-4db9-94d2-1a9abfda7105
2026-05-13 17:04:09,420 [INFO] Scheduling entity extraction task for node_id=5571cc37-c3b7-4d57-bc64-52c29f24a9e1
2026-05-13 17:04:09,424 [INFO] Scheduling entity extraction task for node_id=b471fc45-2f0e-47ef-922b-944a5151631b
2026-05-13 17:04:09,429 [INFO] Scheduling entity extraction task for node_id=007d223a-e88a-4ade-851d-09648829d7af
2026-05-13 17:04:09,434 [INFO] Scheduling entity extraction task for node_id=6090d938-078c-43f4-a46d-b2e1a5eed832
2026-05-13 17:04:09,440 [INFO] Scheduling entity extraction task for node_id=cc871380-be68-4ced-97e2-b72f223d75d1
2026-05-13 17:04:09,445 [INFO] Scheduling entity extraction task for node_id=1f4b64d7-6755-43b4-af85-1d8d24acb5ff
2026-05-13 17:04:09,449 [INFO] Scheduling entity extraction task for node_id=8ee95686-80a8-47ca-b950-0c10ee54b595
2026-05-13 17:04:09,454 [INFO] Scheduling entity extraction task for node_id=0cbe4874-3fb8-40a6-b8a4-9682647af29d
2026-05-13 17:04:09,460 [INFO] Scheduling entity extraction task for node_id=bf4593da-ffa9-4e49-8884-ed4b67bd13b3
2026-05-13 17:04:09,465 [INFO] Scheduling entity extraction task for node_id=70d2db70-f2e3-4a64-a5f4-7560b7cd0405
2026-05-13 17:04:09,470 [INFO] Scheduling entity extraction task for node_id=2d938620-5886-4be1-8de6-e100736bb248
2026-05-13 17:08:23,775 [INFO] Loading DataFrame from books/dsm-tree/dsm5_selected_chapters_tree.jsonl
2026-05-13 17:08:23,955 [INFO] Scheduling entity extraction task for node_id=88eb8056-30b0-4204-9ec4-75b0bd74e170
2026-05-13 17:08:24,079 [INFO] Scheduling entity extraction task for node_id=31e10ee3-d2a9-4ab1-ae80-9589f1e33b7c
2026-05-13 17:08:24,086 [INFO] Scheduling entity extraction task for node_id=525ad310-f094-4a70-82cf-f9a58366e787
2026-05-13 17:08:24,092 [INFO] Scheduling entity extraction task for node_id=1fc8579f-506f-4133-afae-fc064bd57616
2026-05-13 17:08:24,097 [INFO] Scheduling entity extraction task for node_id=1f09c4d1-3160-48f3-bd0a-27db29506170
2026-05-13 17:08:24,103 [INFO] Scheduling entity extraction task for node_id=0cde0ca4-7cb6-499b-a210-d98adef5a78b
2026-05-13 17:08:24,108 [INFO] Scheduling entity extraction task for node_id=435d3fa2-44dc-4ae4-a8a8-7abd27aae0f7
2026-05-13 17:08:24,113 [INFO] Scheduling entity extraction task for node_id=964440e8-d98c-4b69-8fd5-4beafab99d96
2026-05-13 17:08:24,117 [INFO] Scheduling entity extraction task for node_id=4acce9b3-4aa7-4bb4-952e-60e8ee0ba9bb
2026-05-13 17:08:24,123 [INFO] Scheduling entity extraction task for node_id=eb706565-54bb-41c7-a414-cfb487f079dd
2026-05-13 17:08:24,129 [INFO] Scheduling entity extraction task for node_id=031e175b-768e-4bee-af67-7111fade6ddc
2026-05-13 17:08:24,134 [INFO] Scheduling entity extraction task for node_id=b5282060-27da-44b9-8542-a38488f27894
2026-05-13 17:08:24,138 [INFO] Scheduling entity extraction task for node_id=33d3dfc4-de21-4972-b808-41080469ec6a
2026-05-13 17:08:24,143 [INFO] Scheduling entity extraction task for node_id=15fa21e9-f554-46ac-abce-d1e4bbe889f2
2026-05-13 17:08:24,147 [INFO] Scheduling entity extraction task for node_id=6c06e8ab-7976-4507-9458-cb503335425c
2026-05-13 17:08:24,152 [INFO] Scheduling entity extraction task for node_id=7cd31032-82d0-4809-8c50-c6a17abb8017
2026-05-13 17:08:24,156 [INFO] Scheduling entity extraction task for node_id=f025add6-bf49-4aa2-8f68-18d580a8db10
2026-05-13 17:08:24,160 [INFO] Scheduling entity extraction task for node_id=1575e964-6d75-44d1-bcf2-efaa64db6d3f
2026-05-13 17:08:24,166 [INFO] Scheduling entity extraction task for node_id=52f56ae1-ff13-44f2-bb85-b581a2b17dbb
2026-05-13 17:08:24,171 [INFO] Scheduling entity extraction task for node_id=9cdc8343-8c0a-4f00-b8ca-66bb4c47b93f
2026-05-13 17:08:24,176 [INFO] Scheduling entity extraction task for node_id=47f0fc96-e1b2-4b9f-aec0-455e9af62e23
2026-05-13 17:08:24,226 [INFO] Scheduling entity extraction task for node_id=5fec48f5-225f-4a20-a03a-333322a97619
2026-05-13 17:08:24,232 [INFO] Scheduling entity extraction task for node_id=a59b2707-9575-47e9-b371-707c568b44f9
2026-05-13 17:08:24,287 [INFO] Scheduling entity extraction task for node_id=3bfe0f99-2a8e-485c-9e4a-e9a083a9fe52
2026-05-13 17:08:24,292 [INFO] Scheduling entity extraction task for node_id=fec371aa-bc70-4ec9-8b37-69093269de0e
2026-05-13 17:08:24,298 [INFO] Scheduling entity extraction task for node_id=f74936f1-e99a-4c61-ad28-b7f5c8b940fa
2026-05-13 17:08:24,303 [INFO] Scheduling entity extraction task for node_id=8294877a-1086-4e4f-a8b5-4ac4d03525e0
2026-05-13 17:08:24,307 [INFO] Scheduling entity extraction task for node_id=65ecb5e8-1cf6-4bc3-a7cf-01a9ad281b64
2026-05-13 17:08:24,312 [INFO] Scheduling entity extraction task for node_id=3aff0aa2-34d6-443f-9de6-3f1c64a50256
2026-05-13 17:08:24,318 [INFO] Scheduling entity extraction task for node_id=a55287ec-6da9-4655-b813-fac72c2d2ec9
2026-05-13 17:08:24,323 [INFO] Scheduling entity extraction task for node_id=510c7969-4919-458b-bc38-7d42d470553e
2026-05-13 17:08:24,328 [INFO] Scheduling entity extraction task for node_id=0853eeb8-2fc8-4612-b619-9b4ed5775faf
2026-05-13 17:08:24,333 [INFO] Scheduling entity extraction task for node_id=c10a2265-f17f-4926-8b10-e1c21d27b474
2026-05-13 17:08:24,339 [INFO] Scheduling entity extraction task for node_id=7adff039-e541-4b03-80e9-5872fc86f0d3
2026-05-13 17:08:24,345 [INFO] Scheduling entity extraction task for node_id=4b5c959e-2b11-49f6-9ef4-6d90a2fd5eae
2026-05-13 17:08:24,349 [INFO] Scheduling entity extraction task for node_id=21c406e7-1e60-4fb9-96eb-11a0010803b6
2026-05-13 17:08:24,354 [INFO] Scheduling entity extraction task for node_id=cf492719-61dd-4b80-a1dc-dda4319d04bc
2026-05-13 17:08:24,361 [INFO] Scheduling entity extraction task for node_id=2b8a380f-e5b2-4680-b728-c33c7887edd7
2026-05-13 17:08:24,365 [INFO] Scheduling entity extraction task for node_id=c552a643-6ab3-4519-a092-464d93508ea7
2026-05-13 17:08:24,369 [INFO] Scheduling entity extraction task for node_id=1d322e07-321b-492c-95b5-6971fff5f4bf
2026-05-13 17:08:24,374 [INFO] Scheduling entity extraction task for node_id=2060f813-7fb2-44c0-b6b9-b0dccc593268
2026-05-13 17:08:24,379 [INFO] Scheduling entity extraction task for node_id=f460ac9d-5335-4874-b96c-f123eb0ce1e6
2026-05-13 17:08:24,383 [INFO] Scheduling entity extraction task for node_id=fa2cb38a-2367-4bf4-bf55-b3b176e94303
2026-05-13 17:08:24,437 [INFO] Scheduling entity extraction task for node_id=ea937723-2718-486b-a4aa-3ada7c1167d0
2026-05-13 17:08:24,441 [INFO] Scheduling entity extraction task for node_id=c1fd75c8-e046-4bc4-bfbb-8f964e37ada8
2026-05-13 17:08:24,494 [INFO] Scheduling entity extraction task for node_id=cedfbbb9-f08d-4082-9269-64c6b21ce293
2026-05-13 17:08:24,501 [INFO] Scheduling entity extraction task for node_id=8c6a4cb0-89f4-46c4-984c-f7e50d8ef217
2026-05-13 17:08:24,553 [INFO] Scheduling entity extraction task for node_id=e1dc8058-028d-4cef-aff2-cb1e3de8e29a
2026-05-13 17:08:24,558 [INFO] Scheduling entity extraction task for node_id=10fdd6fe-1f6d-4f5c-8ffd-19f3b716d8c1
2026-05-13 17:08:24,563 [INFO] Scheduling entity extraction task for node_id=d5e99ada-e5a7-4830-ad8f-859b17c59981
2026-05-13 17:08:24,568 [INFO] Scheduling entity extraction task for node_id=32155a01-d244-4e48-a1a2-ee995d97d4ca
2026-05-13 17:08:24,573 [INFO] Scheduling entity extraction task for node_id=43d24a59-09e3-4405-917d-60a3bc9b5bea
2026-05-13 17:08:24,579 [INFO] Scheduling entity extraction task for node_id=d42cfa97-0dd1-46f3-af1a-9ace0e79887f
2026-05-13 17:08:24,586 [INFO] Scheduling entity extraction task for node_id=8894ddc3-72f1-4297-8beb-16843dcdeaae
2026-05-13 17:08:24,590 [INFO] Scheduling entity extraction task for node_id=263b3dc6-c807-4c6f-8311-2f1f814db47a
2026-05-13 17:08:24,594 [INFO] Scheduling entity extraction task for node_id=a5b786a4-e012-432c-85a1-d84190904aac
2026-05-13 17:08:24,645 [INFO] Scheduling entity extraction task for node_id=e0687f40-e231-4f1e-b6d8-4bbd82d300f6
2026-05-13 17:08:24,700 [INFO] Scheduling entity extraction task for node_id=0e84342c-f0df-48e2-a15f-db24ee273618
2026-05-13 17:08:24,706 [INFO] Scheduling entity extraction task for node_id=b2e96db5-c713-4f85-8f85-f4a99d3e99e0
2026-05-13 17:08:24,711 [INFO] Scheduling entity extraction task for node_id=4f7079c7-b13f-4af1-b115-d6bb00d7db50
2026-05-13 17:08:24,716 [INFO] Scheduling entity extraction task for node_id=231f3ca9-e5a0-4893-940d-0f0653a77a47
2026-05-13 17:08:24,722 [INFO] Scheduling entity extraction task for node_id=0677c1b8-f7bb-4dc0-8b88-e2987bd4e834
2026-05-13 17:08:24,728 [INFO] Scheduling entity extraction task for node_id=7a3ef05c-98b5-47c2-9a18-2eea22f692c4
2026-05-13 17:08:24,733 [INFO] Scheduling entity extraction task for node_id=d79dd7a1-b58a-48bf-8d4e-ef22e065c631
2026-05-13 17:08:24,738 [INFO] Scheduling entity extraction task for node_id=4524523b-3dcf-45d2-a365-ab0486f6be60
2026-05-13 17:08:24,742 [INFO] Scheduling entity extraction task for node_id=f02fbb78-d643-45af-9953-fff67c84296e
2026-05-13 17:08:24,747 [INFO] Scheduling entity extraction task for node_id=78ecc840-0429-4f16-aa5f-16aba64c8b2e
2026-05-13 17:08:24,752 [INFO] Scheduling entity extraction task for node_id=4ef0f0cf-06dd-4a93-a393-330ab12f37e1
2026-05-13 17:08:24,756 [INFO] Scheduling entity extraction task for node_id=f439f976-5572-4b31-8899-f303c5b5d6a1
2026-05-13 17:08:24,761 [INFO] Scheduling entity extraction task for node_id=1cedff2e-32e6-4739-ad29-ec767af7ce97
2026-05-13 17:08:24,765 [INFO] Scheduling entity extraction task for node_id=c55807d0-bf10-4d18-9f5a-8726cc79cf0c
2026-05-13 17:08:24,770 [INFO] Scheduling entity extraction task for node_id=32dcca8d-c508-4290-9e5d-8f93cb5a4b64
2026-05-13 17:08:24,777 [INFO] Scheduling entity extraction task for node_id=3cefcf16-b611-43cb-b6e2-ad13dfc310a1
2026-05-13 17:08:24,830 [INFO] Scheduling entity extraction task for node_id=272f5ce4-3541-4016-b58d-63410df3b34c
2026-05-13 17:08:24,883 [INFO] Scheduling entity extraction task for node_id=ef305eca-22d6-4b61-9a5c-394252afca61
2026-05-13 17:08:24,894 [INFO] Scheduling entity extraction task for node_id=9cbdde88-4729-4d83-b446-22d9c19f3eea
2026-05-13 17:08:24,901 [INFO] Scheduling entity extraction task for node_id=d7f71a5c-9d72-4411-a9b4-5e374abe295d
2026-05-13 17:08:24,907 [INFO] Scheduling entity extraction task for node_id=3111114a-aeda-4660-b4ad-c44e404e5cf3
2026-05-13 17:08:24,914 [INFO] Scheduling entity extraction task for node_id=f061a364-5643-4851-a6bb-a1692d0ef10f
2026-05-13 17:08:24,920 [INFO] Scheduling entity extraction task for node_id=ccdd383b-5ff1-48b8-947b-d35fda04dfbf
2026-05-13 17:08:24,924 [INFO] Scheduling entity extraction task for node_id=388d8b0c-f77f-4514-a1b2-b1784b36cfdd
2026-05-13 17:08:24,929 [INFO] Scheduling entity extraction task for node_id=52c510ce-c2ed-4116-b2a5-86b9d5f328e4
2026-05-13 17:08:24,934 [INFO] Scheduling entity extraction task for node_id=1a6ffd85-6a53-43af-adbe-bdb6576c30de
2026-05-13 17:08:24,939 [INFO] Scheduling entity extraction task for node_id=fa68393e-b8ab-418c-aaa6-21aae8c4b983
2026-05-13 17:08:24,993 [INFO] Scheduling entity extraction task for node_id=27b12097-d243-49bb-8a81-f5bda9f94581
2026-05-13 17:08:24,998 [INFO] Scheduling entity extraction task for node_id=f468c739-6941-436e-b038-e65e0c840fb3
2026-05-13 17:08:25,004 [INFO] Scheduling entity extraction task for node_id=4dfbbe3d-acde-4acb-8b9b-43210bf5feaf
2026-05-13 17:08:25,011 [INFO] Scheduling entity extraction task for node_id=471c85a7-0708-4c2f-9361-2ff80b8720da
2026-05-13 17:08:25,018 [INFO] Scheduling entity extraction task for node_id=db24878c-4297-48de-9e5f-fcd6d3f5875d
2026-05-13 17:08:25,025 [INFO] Scheduling entity extraction task for node_id=dd9607d7-2989-43af-8f60-a5c5327e8826
2026-05-13 17:08:25,033 [INFO] Scheduling entity extraction task for node_id=e096b6b4-097f-48d8-97d0-95645b817663
2026-05-13 17:08:25,043 [INFO] Scheduling entity extraction task for node_id=611b3208-60d8-4f87-ae81-95017a30de51
2026-05-13 17:08:25,052 [INFO] Scheduling entity extraction task for node_id=ce308cca-6c41-4a91-8c81-a1f1124c4236
2026-05-13 17:08:25,060 [INFO] Scheduling entity extraction task for node_id=8c5cbeec-387d-432c-8e78-a14df9f39cc4
2026-05-13 17:08:25,065 [INFO] Scheduling entity extraction task for node_id=e28cf785-b41b-4850-b829-1f029e720dad
2026-05-13 17:08:25,071 [INFO] Scheduling entity extraction task for node_id=a914311f-38fb-4033-a1fb-5ccbe47757ad
2026-05-13 17:08:25,127 [INFO] Scheduling entity extraction task for node_id=6ce2e085-80dc-4105-b8f0-d50c4463b139
2026-05-13 17:08:25,133 [INFO] Scheduling entity extraction task for node_id=3b6aaf35-71a2-47df-812b-140b8f2d077f
2026-05-13 17:08:25,190 [INFO] Scheduling entity extraction task for node_id=09af0efa-94e4-402e-bf2d-1931ad96a743
2026-05-13 17:08:25,200 [INFO] Scheduling entity extraction task for node_id=c89d9504-8a2b-4c09-b13b-2b881a6195cc
2026-05-13 17:08:25,209 [INFO] Scheduling entity extraction task for node_id=3fe189bb-a4a6-4667-9a06-58b65b8ca518
2026-05-13 17:08:25,219 [INFO] Scheduling entity extraction task for node_id=2c1b2a15-8a1b-4fe4-a36a-bcba5ae8919c
2026-05-13 17:08:25,229 [INFO] Scheduling entity extraction task for node_id=5873afe6-8d67-4766-8dad-db5747227eae
2026-05-13 17:08:25,237 [INFO] Scheduling entity extraction task for node_id=8c3f8151-7d0f-4051-ac24-d8e4b88471e0
2026-05-13 17:08:25,243 [INFO] Scheduling entity extraction task for node_id=fb56659d-718f-469e-aaf4-13e6cf5a1043
2026-05-13 17:08:25,250 [INFO] Scheduling entity extraction task for node_id=2525d08d-5c11-4599-9e8c-9bea22189468
2026-05-13 17:08:25,256 [INFO] Scheduling entity extraction task for node_id=d1cfd277-4ee1-4b36-bee4-021e4d1b50d8
2026-05-13 17:08:25,261 [INFO] Scheduling entity extraction task for node_id=b3f4a3ae-d79b-4f70-b928-7d894ee09afe
2026-05-13 17:08:25,265 [INFO] Scheduling entity extraction task for node_id=c3e696c1-0cce-4424-a552-2fd9fb568ec2
2026-05-13 17:08:25,270 [INFO] Scheduling entity extraction task for node_id=95a8bdf2-e790-4284-9618-389f750aba9f
2026-05-13 17:08:25,275 [INFO] Scheduling entity extraction task for node_id=6d4a85ba-bb06-42d1-b1bc-f39b3377d88f
2026-05-13 17:08:25,279 [INFO] Scheduling entity extraction task for node_id=42c30f1c-fb14-4c7f-94b1-8a6b7c601122
2026-05-13 17:08:25,283 [INFO] Scheduling entity extraction task for node_id=72e4466b-3cb1-43f7-a35c-a7a2141c1640
2026-05-13 17:08:25,288 [INFO] Scheduling entity extraction task for node_id=a6557999-d9b4-4cba-88d9-c2a1f70bbd13
2026-05-13 17:08:25,292 [INFO] Scheduling entity extraction task for node_id=69eaf2a8-6d87-4524-b490-4b426a35eacf
2026-05-13 17:08:25,298 [INFO] Scheduling entity extraction task for node_id=cfaeae33-1a2a-4349-91a2-67a6d0b4cb19
2026-05-13 17:08:25,303 [INFO] Scheduling entity extraction task for node_id=d187b398-12af-44fa-81ea-99e484364c12
2026-05-13 17:08:25,307 [INFO] Scheduling entity extraction task for node_id=83d67866-5089-46ad-88be-d7bd1a67ce04
2026-05-13 17:08:25,312 [INFO] Scheduling entity extraction task for node_id=416faa56-a9c5-4ee3-a79e-58f834de91f5
2026-05-13 17:08:25,316 [INFO] Scheduling entity extraction task for node_id=6697c1ee-bbae-488b-a3d1-c4e0419768ed
2026-05-13 17:08:25,321 [INFO] Scheduling entity extraction task for node_id=b06332b5-e788-466c-bff9-89d4adb981cc
2026-05-13 17:08:25,326 [INFO] Scheduling entity extraction task for node_id=a293c654-c171-4c72-9baa-f5abe1957079
2026-05-13 17:08:25,332 [INFO] Scheduling entity extraction task for node_id=13bdeb3a-e334-4d5a-b9e3-111fa64ffac0
2026-05-13 17:08:25,337 [INFO] Scheduling entity extraction task for node_id=1dc4221c-ae15-4501-a0ae-d059f1b0c05e
2026-05-13 17:08:25,342 [INFO] Scheduling entity extraction task for node_id=eea97845-c90d-416a-9365-1ce016ac3f37
2026-05-13 17:08:25,348 [INFO] Scheduling entity extraction task for node_id=101c4568-2051-4586-850f-1c26d8336fa6
2026-05-13 17:08:25,352 [INFO] Scheduling entity extraction task for node_id=34fbb8b0-1cb4-4162-a8e7-1e5107677f40
2026-05-13 17:08:25,404 [INFO] Scheduling entity extraction task for node_id=0e5611d4-efd6-420f-ac06-e05c2acfddb8
2026-05-13 17:08:25,412 [INFO] Scheduling entity extraction task for node_id=cf897e69-49ca-45d6-ad91-f07530cd6bc5
2026-05-13 17:08:25,419 [INFO] Scheduling entity extraction task for node_id=901d0eff-0c3a-46cd-86a9-c27050e7d51e
2026-05-13 17:08:25,425 [INFO] Scheduling entity extraction task for node_id=fe414caf-d6c4-433c-a239-6b20e6a19fd8
2026-05-13 17:08:25,431 [INFO] Scheduling entity extraction task for node_id=3995b3e7-f368-4986-bb2e-37152147f55d
2026-05-13 17:08:25,437 [INFO] Scheduling entity extraction task for node_id=d24c8081-1336-4c72-ab3f-961f43e9881a
2026-05-13 17:08:25,443 [INFO] Scheduling entity extraction task for node_id=03a2df92-2d5a-483b-9716-6b0af1d8d7ca
2026-05-13 17:08:25,448 [INFO] Scheduling entity extraction task for node_id=c98213d7-ee0c-4cdc-ad73-fe22f7324f17
2026-05-13 17:08:25,453 [INFO] Scheduling entity extraction task for node_id=b95e93b4-ec57-48ff-9b0e-433b5158cd14
2026-05-13 17:08:25,457 [INFO] Scheduling entity extraction task for node_id=f4868083-604f-4483-a7a5-8c8dcecb837e
2026-05-13 17:08:25,464 [INFO] Scheduling entity extraction task for node_id=c916dff3-7931-4ef3-aff3-e8a30bdacb5b
2026-05-13 17:08:25,470 [INFO] Scheduling entity extraction task for node_id=7a2d0c28-d62b-4d9d-b273-6280cc5734b7
2026-05-13 17:08:25,477 [INFO] Scheduling entity extraction task for node_id=41916b41-dbc1-4f9c-ac4f-d479b7088190
2026-05-13 17:08:25,483 [INFO] Scheduling entity extraction task for node_id=2a04dd88-8a49-4e05-ad0f-93290cd374f2
2026-05-13 17:08:25,490 [INFO] Scheduling entity extraction task for node_id=915f5b07-9528-4bd6-8ab3-72de7c7f00a3
2026-05-13 17:08:25,497 [INFO] Scheduling entity extraction task for node_id=a6537b4d-354a-48cb-af91-666c60c185cb
2026-05-13 17:08:25,505 [INFO] Scheduling entity extraction task for node_id=fffcb334-78b7-4b24-b96d-3af100c335f1
2026-05-13 17:08:25,511 [INFO] Scheduling entity extraction task for node_id=39fd9a6b-ff3a-45a6-82ce-a0b3529b44c4
2026-05-13 17:08:25,517 [INFO] Scheduling entity extraction task for node_id=f8213530-1209-4744-84e8-a58ba187ff48
2026-05-13 17:08:25,522 [INFO] Scheduling entity extraction task for node_id=564a4729-ca7e-4c18-b058-e904c1bddccb
2026-05-13 17:08:25,526 [INFO] Scheduling entity extraction task for node_id=81475d91-cfb3-483f-a891-dba18a7aa733
2026-05-13 17:08:25,531 [INFO] Scheduling entity extraction task for node_id=14442330-abd3-42fc-95c9-07e7b6dea8c8
2026-05-13 17:08:25,535 [INFO] Scheduling entity extraction task for node_id=0e3e3a06-92ec-48f8-890b-2af9d49bc992
2026-05-13 17:08:25,540 [INFO] Scheduling entity extraction task for node_id=b1fc57e6-38d3-4ccd-8567-7b33405304ea
2026-05-13 17:08:25,544 [INFO] Scheduling entity extraction task for node_id=665cc0ad-e388-4438-a084-c6d13a4bd79f
2026-05-13 17:08:25,548 [INFO] Scheduling entity extraction task for node_id=3d63636e-3c05-43bc-926e-f64430c4dce6
2026-05-13 17:08:25,554 [INFO] Scheduling entity extraction task for node_id=a6a83269-ef96-4f1c-b979-992f6be89303
2026-05-13 17:08:25,559 [INFO] Scheduling entity extraction task for node_id=76b902ec-3907-4a23-a8fb-965c166de9c5
2026-05-13 17:08:25,564 [INFO] Scheduling entity extraction task for node_id=640afa1f-aa14-44ba-a6a6-3fa37407f2db
2026-05-13 17:08:25,569 [INFO] Scheduling entity extraction task for node_id=a44c07bd-99e0-43d6-a528-ade6172da03c
2026-05-13 17:08:25,574 [INFO] Scheduling entity extraction task for node_id=72fbdf6b-b5f0-4e23-a0c0-8410d4547176
2026-05-13 17:08:25,578 [INFO] Scheduling entity extraction task for node_id=19dc605c-8efa-4e1e-bb5f-2588804947c2
2026-05-13 17:08:25,630 [INFO] Scheduling entity extraction task for node_id=9d752e11-546e-4ca5-9e06-5c4208f44e46
2026-05-13 17:08:25,684 [INFO] Scheduling entity extraction task for node_id=db6f95cd-2662-468a-bc9a-0926510ed634
2026-05-13 17:08:25,691 [INFO] Scheduling entity extraction task for node_id=51944204-c9e1-4294-a47c-921aa26693c9
2026-05-13 17:08:25,699 [INFO] Scheduling entity extraction task for node_id=7e630ecf-7d91-4f8d-a315-e41db88d3bd1
2026-05-13 17:08:25,705 [INFO] Scheduling entity extraction task for node_id=54ac1d7f-cd5d-4979-882d-ae6ba0c6f61c
2026-05-13 17:08:25,710 [INFO] Scheduling entity extraction task for node_id=c0cd9f6f-d6b7-4e0d-84b1-43a2529e8ed5
2026-05-13 17:08:25,717 [INFO] Scheduling entity extraction task for node_id=7ffe5839-2d10-4f13-bbaa-b9c3cc8dd3d5
2026-05-13 17:08:25,722 [INFO] Scheduling entity extraction task for node_id=632d67ee-c950-4e9a-b4a9-8da814dec850
2026-05-13 17:08:25,726 [INFO] Scheduling entity extraction task for node_id=1853c0c5-537e-40f3-bce7-62970c83766c
2026-05-13 17:08:25,731 [INFO] Scheduling entity extraction task for node_id=6545a1eb-6200-4371-8b84-42926ab79214
2026-05-13 17:08:25,735 [INFO] Scheduling entity extraction task for node_id=9224d782-485c-4802-a39c-0af102cd5449
2026-05-13 17:08:25,739 [INFO] Scheduling entity extraction task for node_id=a8cc4fa2-0da7-4457-b4c6-3add83facd83
2026-05-13 17:08:25,744 [INFO] Scheduling entity extraction task for node_id=221cb033-0b12-4137-a34c-c365d27e07db
2026-05-13 17:08:25,748 [INFO] Scheduling entity extraction task for node_id=5027098e-19d6-471b-ad23-4c75386dcde9
2026-05-13 17:08:25,753 [INFO] Scheduling entity extraction task for node_id=c14df319-4f58-4aac-b7a0-1b5fcaac8a19
2026-05-13 17:08:25,757 [INFO] Scheduling entity extraction task for node_id=232ebefc-f208-4da2-98e4-fb4fc45f7d43
2026-05-13 17:08:25,762 [INFO] Scheduling entity extraction task for node_id=dc623356-fa02-4dc4-9235-710aaa35540b
2026-05-13 17:08:25,767 [INFO] Scheduling entity extraction task for node_id=6b74cd49-e023-4a54-8245-bcf7e960400a
2026-05-13 17:08:25,771 [INFO] Scheduling entity extraction task for node_id=ecacd3f3-808d-48d7-a049-84e4960a67cc
2026-05-13 17:08:25,824 [INFO] Scheduling entity extraction task for node_id=ace1a9be-4db0-444e-8993-96db9ed03c65
2026-05-13 17:08:25,829 [INFO] Scheduling entity extraction task for node_id=61048236-1609-46df-b439-3d938d2c5f33
2026-05-13 17:08:25,835 [INFO] Scheduling entity extraction task for node_id=2f4c8d00-f66c-420c-a3ec-5b64f5fb4fa5
2026-05-13 17:08:25,841 [INFO] Scheduling entity extraction task for node_id=ff907420-403c-43a8-8b7f-985ef70e2364
2026-05-13 17:08:25,847 [INFO] Scheduling entity extraction task for node_id=10693fdd-11af-45f5-91ac-4d4e25901fcb
2026-05-13 17:08:25,852 [INFO] Scheduling entity extraction task for node_id=08298353-570d-4070-91b3-862998b5e9f9
2026-05-13 17:08:25,857 [INFO] Scheduling entity extraction task for node_id=2adbf587-5755-426a-8680-7e4a1236b1a2
2026-05-13 17:08:25,862 [INFO] Scheduling entity extraction task for node_id=7fc7ea24-b194-42e0-89d4-ca4314f65940
2026-05-13 17:08:25,867 [INFO] Scheduling entity extraction task for node_id=216875fd-3e5d-4ead-bf79-e6e623078906
2026-05-13 17:08:25,873 [INFO] Scheduling entity extraction task for node_id=e1a2458a-24bd-462e-86ea-f33c26034e80
2026-05-13 17:08:25,877 [INFO] Scheduling entity extraction task for node_id=ade8bfc8-7434-4fe7-a020-a8e29e3371ab
2026-05-13 17:08:25,884 [INFO] Scheduling entity extraction task for node_id=9b4ef18c-ae08-4430-991b-2a4f5274a23f
2026-05-13 17:08:25,888 [INFO] Scheduling entity extraction task for node_id=b1f14979-8efd-4c5f-8cde-1212e35c431e
2026-05-13 17:08:25,893 [INFO] Scheduling entity extraction task for node_id=396cb5d6-5fbd-40a2-96b1-b5ecccbc5fd1
2026-05-13 17:08:25,898 [INFO] Scheduling entity extraction task for node_id=d726504f-4291-49a4-9171-f23a12a528e4
2026-05-13 17:08:25,902 [INFO] Scheduling entity extraction task for node_id=5325effd-3a35-4b6c-8c75-26fd7d1e7dfa
2026-05-13 17:08:25,907 [INFO] Scheduling entity extraction task for node_id=60f585d8-728d-435a-811f-dcfabfbe3c7d
2026-05-13 17:08:25,912 [INFO] Scheduling entity extraction task for node_id=b9762416-d285-4dcb-ba5d-fba3a0554087
2026-05-13 17:08:25,917 [INFO] Scheduling entity extraction task for node_id=21f5d4ad-1594-40a9-959f-9df1b3ba0328
2026-05-13 17:08:25,922 [INFO] Scheduling entity extraction task for node_id=dc13bb85-fee4-404a-adb4-0371540af63e
2026-05-13 17:08:25,974 [INFO] Scheduling entity extraction task for node_id=22c6bcd2-5e65-420f-bca5-deb41b47e9ac
2026-05-13 17:08:25,981 [INFO] Scheduling entity extraction task for node_id=f2c5a6dc-8a67-46f6-9188-aa969c002ebd
2026-05-13 17:08:25,986 [INFO] Scheduling entity extraction task for node_id=80912a52-275c-471a-8fce-4e34000f2da9
2026-05-13 17:08:25,991 [INFO] Scheduling entity extraction task for node_id=37f791de-1743-4f19-8869-f926534550ba
2026-05-13 17:08:25,997 [INFO] Scheduling entity extraction task for node_id=281d784e-5ba2-472e-90c3-6d0cc4d38297
2026-05-13 17:08:26,004 [INFO] Scheduling entity extraction task for node_id=1604fa3a-147e-46a3-89e3-9f79b6051e24
2026-05-13 17:08:26,010 [INFO] Scheduling entity extraction task for node_id=4fb167e5-f66b-4dcc-9b27-a986f0c281fb
2026-05-13 17:08:26,015 [INFO] Scheduling entity extraction task for node_id=02de962f-bb65-4a96-8388-077f73308347
2026-05-13 17:08:26,020 [INFO] Scheduling entity extraction task for node_id=48ee5717-8979-44af-965c-ee57e9a2219d
2026-05-13 17:08:26,025 [INFO] Scheduling entity extraction task for node_id=8b75b872-b5fd-45d3-8561-f7eabb500388
2026-05-13 17:08:26,030 [INFO] Scheduling entity extraction task for node_id=5bac6367-655e-4820-9667-d5f51794828f
2026-05-13 17:08:26,035 [INFO] Scheduling entity extraction task for node_id=7a2fbfda-85f5-46cb-a822-dffc9875ddcf
2026-05-13 17:08:26,040 [INFO] Scheduling entity extraction task for node_id=3ae7885d-8a92-4356-a286-7951c3aa2743
2026-05-13 17:08:26,093 [INFO] Scheduling entity extraction task for node_id=4517b53b-8fd5-4085-ac08-965e5d10b89e
2026-05-13 17:08:26,098 [INFO] Scheduling entity extraction task for node_id=e96481cf-b806-47ba-b08b-c29ad769f18e
2026-05-13 17:08:26,103 [INFO] Scheduling entity extraction task for node_id=56b88aa5-cd5c-465c-8527-04b3c45faef5
2026-05-13 17:08:26,109 [INFO] Scheduling entity extraction task for node_id=d350d197-af98-4922-8182-22a4450a141e
2026-05-13 17:08:26,115 [INFO] Scheduling entity extraction task for node_id=24512ad3-fb49-4b23-af40-ebe87b9e0eae
2026-05-13 17:08:26,121 [INFO] Scheduling entity extraction task for node_id=42b39b61-256b-4eb5-b9b7-fdf8b42f52ea
2026-05-13 17:08:26,127 [INFO] Scheduling entity extraction task for node_id=6fa9ce9a-9dc9-49fd-9c6a-a9f2079e9b44
2026-05-13 17:08:26,132 [INFO] Scheduling entity extraction task for node_id=565f5e92-555e-4a33-b1e1-1756e93c8f04
2026-05-13 17:08:26,137 [INFO] Scheduling entity extraction task for node_id=23dad6e3-94ca-4428-8318-1a8e6809675c
2026-05-13 17:08:26,142 [INFO] Scheduling entity extraction task for node_id=69f7af10-a9bd-453b-ab34-35d530ed1c8b
2026-05-13 17:08:26,147 [INFO] Scheduling entity extraction task for node_id=0bdf83a0-799b-4f8b-9034-9b99c155a1f6
2026-05-13 17:08:26,151 [INFO] Scheduling entity extraction task for node_id=d888b541-c508-4dac-bbde-a745c02f2d97
2026-05-13 17:08:26,155 [INFO] Scheduling entity extraction task for node_id=ff9998b1-05ca-4aad-8f67-de69583e796f
2026-05-13 17:08:26,160 [INFO] Scheduling entity extraction task for node_id=e2060c73-2d67-4217-9662-91cd570d6e06
2026-05-13 17:08:26,165 [INFO] Scheduling entity extraction task for node_id=3c5093cf-6461-4cc2-964f-98a69e8436b7
2026-05-13 17:08:26,169 [INFO] Scheduling entity extraction task for node_id=7bbca4fa-7db8-4155-9596-8a07aa7faa8d
2026-05-13 17:08:26,173 [INFO] Scheduling entity extraction task for node_id=d1915a52-ca16-4133-80b9-91f71bd057f1
2026-05-13 17:08:26,177 [INFO] Scheduling entity extraction task for node_id=8684db8e-87e7-4d85-a0a6-c82dd410a2f0
2026-05-13 17:08:26,181 [INFO] Scheduling entity extraction task for node_id=9578700e-9b84-4a65-aff3-288a4d9059bd
2026-05-13 17:08:26,186 [INFO] Scheduling entity extraction task for node_id=436764f9-8db9-4c3d-89b2-61881d1f6404
2026-05-13 17:08:26,190 [INFO] Scheduling entity extraction task for node_id=2142a3a4-21a0-43b4-9e75-5ef632488604
2026-05-13 17:08:26,195 [INFO] Scheduling entity extraction task for node_id=b1590498-c734-4d3f-9f30-3c2bbf72c336
2026-05-13 17:08:26,204 [INFO] Scheduling entity extraction task for node_id=e197fa21-2ad3-4c76-8918-fa652c04a1a5
2026-05-13 17:08:26,210 [INFO] Scheduling entity extraction task for node_id=34d43f83-3fe4-448d-b51a-8f04eae294e9
2026-05-13 17:08:26,215 [INFO] Scheduling entity extraction task for node_id=da1922a8-7b55-42c8-b976-4e1d4b2f49ee
2026-05-13 17:08:26,219 [INFO] Scheduling entity extraction task for node_id=7b8188bc-cc9a-4efc-8575-5404e2ad8194
2026-05-13 17:08:26,223 [INFO] Scheduling entity extraction task for node_id=adbd2de9-0dac-48f9-84d2-5c52267aa56f
2026-05-13 17:08:26,228 [INFO] Scheduling entity extraction task for node_id=6097cf9d-7e1e-463e-a9c0-f426ac93c685
2026-05-13 17:08:26,232 [INFO] Scheduling entity extraction task for node_id=fd157533-c567-4017-a06b-3809c751dd8e
2026-05-13 17:08:26,236 [INFO] Scheduling entity extraction task for node_id=14a2f14a-d917-4b63-b9e0-8cb80722a7ee
2026-05-13 17:08:26,241 [INFO] Scheduling entity extraction task for node_id=b5daa64b-770b-4ffc-b69e-d942951fed35
2026-05-13 17:08:26,245 [INFO] Scheduling entity extraction task for node_id=f028341d-10b5-4626-b05a-10f9908e1afe
2026-05-13 17:08:26,249 [INFO] Scheduling entity extraction task for node_id=487d4b17-f29e-40c0-ac36-d539f15989bb
2026-05-13 17:08:26,253 [INFO] Scheduling entity extraction task for node_id=5ce9b47d-a84d-412c-ba4e-011b676f6325
2026-05-13 17:08:26,258 [INFO] Scheduling entity extraction task for node_id=fa5dd069-74c5-4a78-8296-bd908242e904
2026-05-13 17:08:26,262 [INFO] Scheduling entity extraction task for node_id=818994d4-6cc9-4801-ae0b-d07f568ff5e2
2026-05-13 17:08:26,268 [INFO] Scheduling entity extraction task for node_id=c96be07e-54b1-42fd-ba81-2b18b26c6731
2026-05-13 17:08:26,272 [INFO] Scheduling entity extraction task for node_id=509505c8-2018-4f36-83e0-05cc0a198210
2026-05-13 17:08:26,277 [INFO] Scheduling entity extraction task for node_id=d83ac190-21ae-41b1-bc9f-122a77605276
2026-05-13 17:08:26,281 [INFO] Scheduling entity extraction task for node_id=edf7e37a-4953-4c4b-a184-05735a5f82a7
2026-05-13 17:08:26,286 [INFO] Scheduling entity extraction task for node_id=6a677d26-348f-45ce-b50c-25da42243946
2026-05-13 17:08:26,291 [INFO] Scheduling entity extraction task for node_id=beeff2f7-a690-492f-ae93-ee61bc2b3be1
2026-05-13 17:08:26,295 [INFO] Scheduling entity extraction task for node_id=aad75e83-0e95-4f24-82b5-3b8c21acc642
2026-05-13 17:08:26,348 [INFO] Scheduling entity extraction task for node_id=a23eff87-8f3f-4d6c-afec-82cd075a71ca
2026-05-13 17:08:26,355 [INFO] Scheduling entity extraction task for node_id=b78e5b44-effc-44fc-b73f-5dce5ace736e
2026-05-13 17:08:26,360 [INFO] Scheduling entity extraction task for node_id=4f4a3db8-a68e-4b5d-bdb2-8302822ee03a
2026-05-13 17:08:26,366 [INFO] Scheduling entity extraction task for node_id=80a1ffbd-c432-4e33-b9c0-d3fbe7a7475c
2026-05-13 17:08:26,371 [INFO] Scheduling entity extraction task for node_id=2f07aaa1-655c-4289-b6a2-1ad9c6b1ed3a
2026-05-13 17:08:26,376 [INFO] Scheduling entity extraction task for node_id=1ffbeb90-04fa-4de4-b6bf-efe8b8e995fc
2026-05-13 17:08:26,382 [INFO] Scheduling entity extraction task for node_id=981205cb-3b89-4e15-b716-8beeeb9936c1
2026-05-13 17:08:26,386 [INFO] Scheduling entity extraction task for node_id=4c7de6d0-3fd1-4e67-8079-def486cb9bff
2026-05-13 17:08:26,390 [INFO] Scheduling entity extraction task for node_id=0ff0d479-a071-4013-b634-f3f2cb7d848c
2026-05-13 17:08:26,395 [INFO] Scheduling entity extraction task for node_id=7a08c15c-d97b-49ad-9da2-d3a6b035ddb9
2026-05-13 17:08:26,445 [INFO] Scheduling entity extraction task for node_id=9d07c8d0-d1fe-40b0-bb64-804f37aea1c3
2026-05-13 17:08:26,498 [INFO] Scheduling entity extraction task for node_id=c4ee9b61-ee61-4e42-9760-1fbefc0969cb
2026-05-13 17:08:26,505 [INFO] Scheduling entity extraction task for node_id=836c60a1-c9fd-4ead-abc3-60899ddd1fe4
2026-05-13 17:08:26,510 [INFO] Scheduling entity extraction task for node_id=2a9923de-9cce-43de-829f-7089bb71884e
2026-05-13 17:08:26,516 [INFO] Scheduling entity extraction task for node_id=563d7a33-fa8f-4d66-8b5a-34991dad2a81
2026-05-13 17:08:26,522 [INFO] Scheduling entity extraction task for node_id=06611a02-a456-4ddf-9fb2-2f800b5a1d5f
2026-05-13 17:08:26,528 [INFO] Scheduling entity extraction task for node_id=52e3684c-f770-4c91-acec-61250ff7f712
2026-05-13 17:08:26,534 [INFO] Scheduling entity extraction task for node_id=52e6fd21-9596-4f15-8e4c-68347abc5251
2026-05-13 17:08:26,539 [INFO] Scheduling entity extraction task for node_id=d087c728-1ceb-4d0f-a7a3-493fd80de6a7
2026-05-13 17:08:26,546 [INFO] Scheduling entity extraction task for node_id=d6095c71-d4ec-4602-a81a-613f6ab318e1
2026-05-13 17:08:26,553 [INFO] Scheduling entity extraction task for node_id=502facb0-98ff-4e64-bd9f-86eeef9107e1
2026-05-13 17:08:26,558 [INFO] Scheduling entity extraction task for node_id=9f64c074-252a-4969-991e-941904bfdfed
2026-05-13 17:08:26,564 [INFO] Scheduling entity extraction task for node_id=f1bf2787-3b6e-4da1-85cb-6d54e6e9ab75
2026-05-13 17:08:26,568 [INFO] Scheduling entity extraction task for node_id=8d7b0a7a-790c-4d50-8993-285269afc827
2026-05-13 17:08:26,573 [INFO] Scheduling entity extraction task for node_id=052fffe9-d6b2-40a3-94e9-d2921dc4c355
2026-05-13 17:08:26,577 [INFO] Scheduling entity extraction task for node_id=c3949b51-9487-44c4-9f4c-84d1b3ab302b
2026-05-13 17:08:26,582 [INFO] Scheduling entity extraction task for node_id=2627cf0b-d437-459e-b6ae-492c4f5dec0d
2026-05-13 17:08:26,588 [INFO] Scheduling entity extraction task for node_id=7066686f-8d4b-4863-8c2f-827dc7c0bcaf
2026-05-13 17:08:26,592 [INFO] Scheduling entity extraction task for node_id=4c61d9e2-44ae-4a17-ad15-2a7ef0fe2895
2026-05-13 17:08:26,597 [INFO] Scheduling entity extraction task for node_id=e58cc540-4862-489a-89bf-4ec0dd40dff7
2026-05-13 17:08:26,649 [INFO] Scheduling entity extraction task for node_id=87b32f47-41b0-46a9-a38c-a06e1bc4e388
2026-05-13 17:08:26,655 [INFO] Scheduling entity extraction task for node_id=731033b8-779d-4c65-8b8c-753f53a6fbb1
2026-05-13 17:08:26,707 [INFO] Scheduling entity extraction task for node_id=36fb8bca-aa38-49fd-989d-a8e4aea5d29f
2026-05-13 17:08:26,760 [INFO] Scheduling entity extraction task for node_id=fd19d183-90f4-46c4-97f1-91162fd9e6e5
2026-05-13 17:08:26,766 [INFO] Scheduling entity extraction task for node_id=7335d9b9-152e-41db-afb8-a3ef34a5229a
2026-05-13 17:08:26,773 [INFO] Scheduling entity extraction task for node_id=de748cab-e954-4f23-831e-58e1a07d318a
2026-05-13 17:08:26,778 [INFO] Scheduling entity extraction task for node_id=007072bd-b645-4383-be66-af9ca431fbe8
2026-05-13 17:08:26,784 [INFO] Scheduling entity extraction task for node_id=f6a11fab-34e1-46c2-92b7-5937a971bda7
2026-05-13 17:08:26,790 [INFO] Scheduling entity extraction task for node_id=ffd58a2d-0545-43c0-a121-84a822645854
2026-05-13 17:08:26,794 [INFO] Scheduling entity extraction task for node_id=cd04783a-723d-4b74-8283-dfe093f3ec54
2026-05-13 17:08:26,799 [INFO] Scheduling entity extraction task for node_id=21f0db7f-862a-47eb-bd5a-4745fb8b77ab
2026-05-13 17:08:26,805 [INFO] Scheduling entity extraction task for node_id=fdf0768f-91ff-42a2-b96f-bc94dc2975ee
2026-05-13 17:08:26,810 [INFO] Scheduling entity extraction task for node_id=c6d367c1-92be-4e39-866e-4c67d0c21178
2026-05-13 17:08:26,814 [INFO] Scheduling entity extraction task for node_id=ca7a6233-37d4-4f38-9a53-e8758f546055
2026-05-13 17:08:26,818 [INFO] Scheduling entity extraction task for node_id=afeafab0-5f1b-465c-b158-98adcf2b34ee
2026-05-13 17:08:26,823 [INFO] Scheduling entity extraction task for node_id=b71a3291-a05b-4443-aef6-df7e4dbdf148
2026-05-13 17:08:26,828 [INFO] Scheduling entity extraction task for node_id=62f382fb-8904-462e-b351-81a16801b771
2026-05-13 17:08:26,833 [INFO] Scheduling entity extraction task for node_id=39ba2750-df6c-4560-8c7b-4daf8967b924
2026-05-13 17:08:26,839 [INFO] Scheduling entity extraction task for node_id=85a5d06d-4649-4d55-b778-ebf4c039efc8
2026-05-13 17:08:26,843 [INFO] Scheduling entity extraction task for node_id=b8ec0cf7-7d59-4c2e-9618-273b8f6f112c
2026-05-13 17:08:26,849 [INFO] Scheduling entity extraction task for node_id=4b0e248a-1fc9-4e62-83ef-0bd6238f981e
2026-05-13 17:08:26,853 [INFO] Scheduling entity extraction task for node_id=57b250ea-b969-4e46-a538-4a09982a6671
2026-05-13 17:08:26,859 [INFO] Scheduling entity extraction task for node_id=4f81387f-8b66-45e6-b488-98301907e724
2026-05-13 17:08:26,912 [INFO] Scheduling entity extraction task for node_id=5495b94c-6661-4bc0-b171-552fa40d6bd1
2026-05-13 17:08:26,966 [INFO] Scheduling entity extraction task for node_id=50e40e4b-aa26-4af1-9157-1bd16d1b1fe3
2026-05-13 17:08:27,018 [INFO] Scheduling entity extraction task for node_id=05997ce9-d32c-4b1c-8553-4c59e1eec8e7
2026-05-13 17:08:27,023 [INFO] Scheduling entity extraction task for node_id=572a13e0-0125-40c6-b0ab-0092f88fa111
2026-05-13 17:08:27,029 [INFO] Scheduling entity extraction task for node_id=4fb27ff2-02f4-4755-8f16-b0d23e661ffa
2026-05-13 17:08:27,037 [INFO] Scheduling entity extraction task for node_id=ac700375-71a3-49c3-afc7-3cec84612324
2026-05-13 17:08:27,042 [INFO] Scheduling entity extraction task for node_id=863342aa-8033-4976-8edc-4bc05f62d915
2026-05-13 17:08:27,048 [INFO] Scheduling entity extraction task for node_id=51b313b4-d645-4ebe-b621-8610aa1345a1
2026-05-13 17:08:27,053 [INFO] Scheduling entity extraction task for node_id=2465a7c9-7194-4c75-82f1-38b16051b30f
2026-05-13 17:08:27,059 [INFO] Scheduling entity extraction task for node_id=3aa684a2-aa02-4a65-b444-bd231444db81
2026-05-13 17:08:27,064 [INFO] Scheduling entity extraction task for node_id=d762b327-7ffc-4c6c-8d4d-2c35675fde74
2026-05-13 17:08:27,087 [INFO] Scheduling entity extraction task for node_id=61eb215b-40fd-4b91-9b64-f9d3dc2b55d9
2026-05-13 17:08:27,139 [INFO] Scheduling entity extraction task for node_id=6499dd05-66af-4cb0-aed9-d5426ac41b7d
2026-05-13 17:08:27,197 [INFO] Scheduling entity extraction task for node_id=130765f2-ab30-40ce-8661-50a4551461b8
2026-05-13 17:08:27,202 [INFO] Scheduling entity extraction task for node_id=3fe1bc15-31c9-41d9-803d-e8c8233ed4a4
2026-05-13 17:08:27,207 [INFO] Scheduling entity extraction task for node_id=8316cd99-2937-49c7-bf31-cea8bf1686a8
2026-05-13 17:08:27,213 [INFO] Scheduling entity extraction task for node_id=3afecf48-22af-4c8f-bd72-ce0a2f06e209
2026-05-13 17:08:27,218 [INFO] Scheduling entity extraction task for node_id=3513d31a-1722-4506-85b5-f1b23ad9bc19
2026-05-13 17:08:27,224 [INFO] Scheduling entity extraction task for node_id=afc1acf4-b87b-40c7-a5d9-ad3d4b3481a3
2026-05-13 17:08:27,229 [INFO] Scheduling entity extraction task for node_id=04ba8216-1b81-46d8-add3-3fdbaafb874b
2026-05-13 17:08:27,234 [INFO] Scheduling entity extraction task for node_id=45fd281e-2420-497a-b3ae-332872947f56
2026-05-13 17:08:27,238 [INFO] Scheduling entity extraction task for node_id=ac160b70-e45b-49fa-97c0-f728adda4815
2026-05-13 17:08:27,243 [INFO] Scheduling entity extraction task for node_id=db27a123-69a9-4b54-9c48-324cdd718564
2026-05-13 17:08:27,248 [INFO] Scheduling entity extraction task for node_id=908a8525-4f19-4b17-b949-f42655be9c0a
2026-05-13 17:08:27,253 [INFO] Scheduling entity extraction task for node_id=ddb2cbcf-a8ba-415e-a4bd-cd9b0d3ad7b8
2026-05-13 17:08:27,257 [INFO] Scheduling entity extraction task for node_id=c6e3ef15-e467-4828-814a-c8829fa02e68
2026-05-13 17:08:27,261 [INFO] Scheduling entity extraction task for node_id=28872a38-67c1-4909-b962-7708bfe9e2f3
2026-05-13 17:08:27,266 [INFO] Scheduling entity extraction task for node_id=309f76d6-2fc7-4755-8a17-090a0816849e
2026-05-13 17:08:27,270 [INFO] Scheduling entity extraction task for node_id=02016dcf-a2c8-4610-8788-748224bc9418
2026-05-13 17:08:27,274 [INFO] Scheduling entity extraction task for node_id=68b6065d-3183-43f2-8bec-4d91138a2384
2026-05-13 17:08:27,280 [INFO] Scheduling entity extraction task for node_id=312d2f48-987f-4ef3-8f81-3e2c97332874
2026-05-13 17:08:27,284 [INFO] Scheduling entity extraction task for node_id=4e6def36-9caa-468a-9df0-de60b4730e18
2026-05-13 17:08:27,289 [INFO] Scheduling entity extraction task for node_id=d8ffa048-05f8-4475-be61-37c059ce5a8f
2026-05-13 17:08:27,349 [INFO] Scheduling entity extraction task for node_id=43c295d1-f6f6-419e-9250-fb90bc5071dc
2026-05-13 17:08:27,361 [INFO] Scheduling entity extraction task for node_id=42e59a98-088f-4eba-8c92-7251b1266768
2026-05-13 17:08:27,376 [INFO] Scheduling entity extraction task for node_id=fc303aa1-7c3f-493e-99e3-552b123a6074
2026-05-13 17:08:27,382 [INFO] Scheduling entity extraction task for node_id=5e91d516-fb57-4a24-bc30-b1e8cbf86a30
2026-05-13 17:08:27,387 [INFO] Scheduling entity extraction task for node_id=04031a08-1fee-4238-96b7-39ce80c3067d
2026-05-13 17:08:27,391 [INFO] Scheduling entity extraction task for node_id=5cb410fb-abfe-4ffe-b561-1bf5ac1fcade
2026-05-13 17:08:27,395 [INFO] Scheduling entity extraction task for node_id=4f8d548c-998b-4b35-b2c0-a9a265846717
2026-05-13 17:08:27,401 [INFO] Scheduling entity extraction task for node_id=1c28ec7b-f8c1-413d-8b47-4df8e33a8e5c
2026-05-13 17:08:27,455 [INFO] Scheduling entity extraction task for node_id=bc858850-a0b4-4da6-904f-bf5b93eb2357
2026-05-13 17:08:27,461 [INFO] Scheduling entity extraction task for node_id=c0022831-dc65-4b56-be01-e4d264c6ea0d
2026-05-13 17:08:27,468 [INFO] Scheduling entity extraction task for node_id=5eaa838b-eaa3-4d47-95fd-de314462047b
2026-05-13 17:08:27,474 [INFO] Scheduling entity extraction task for node_id=b3078557-40df-4d79-9238-9302e8229085
2026-05-13 17:08:27,479 [INFO] Scheduling entity extraction task for node_id=bed4edea-2ff7-46a6-8007-4890e503a802
2026-05-13 17:08:27,485 [INFO] Scheduling entity extraction task for node_id=68a47c3f-c3a5-496d-9a0d-e50a0cd75c31
2026-05-13 17:08:27,491 [INFO] Scheduling entity extraction task for node_id=9fd8c275-ef66-47b3-91bc-53b9f97a08bd
2026-05-13 17:08:27,497 [INFO] Scheduling entity extraction task for node_id=322a9178-61d7-44c4-8219-de3f6945bd0f
2026-05-13 17:08:27,501 [INFO] Scheduling entity extraction task for node_id=a7d11c40-72d9-401c-96a8-83328523132d
2026-05-13 17:08:27,506 [INFO] Scheduling entity extraction task for node_id=1f8429c4-e745-4f60-83be-31202e586df6
2026-05-13 17:08:27,511 [INFO] Scheduling entity extraction task for node_id=d8b3f01f-8532-4690-80b4-008f7f780de0
2026-05-13 17:08:27,516 [INFO] Scheduling entity extraction task for node_id=c37cafd2-b386-4531-bfdd-adc8d4c74676
2026-05-13 17:08:27,569 [INFO] Scheduling entity extraction task for node_id=95414da9-f91b-46ef-b0da-d4d3ee67eafc
2026-05-13 17:08:27,574 [INFO] Scheduling entity extraction task for node_id=cbb1fb8d-b463-405c-9150-eeb29119c4d6
2026-05-13 17:08:27,587 [INFO] Scheduling entity extraction task for node_id=e2b1d84d-04ac-4da9-a326-94316b158fba
2026-05-13 17:08:27,636 [INFO] Scheduling entity extraction task for node_id=748dad10-e907-433f-aef9-61c8fdd2e75c
2026-05-13 17:08:27,642 [INFO] Scheduling entity extraction task for node_id=afa29ce0-7574-428d-bf60-77d4400ea74d
2026-05-13 17:08:27,649 [INFO] Scheduling entity extraction task for node_id=0d780408-3d6b-497f-98e6-ac81d795ea07
2026-05-13 17:08:27,654 [INFO] Scheduling entity extraction task for node_id=5e7b2aa0-1bcc-4a6f-b859-fac56c687f1a
2026-05-13 17:08:27,660 [INFO] Scheduling entity extraction task for node_id=917d89db-308c-444b-ac08-912df63957ef
2026-05-13 17:08:27,666 [INFO] Scheduling entity extraction task for node_id=53dfc5e4-ef7d-4491-a823-fb8c58628c37
2026-05-13 17:08:27,671 [INFO] Scheduling entity extraction task for node_id=1f46d520-6dcb-4a18-b8b9-8d8a5f6a6e3d
2026-05-13 17:08:27,676 [INFO] Scheduling entity extraction task for node_id=e810929d-89a0-4a64-bbca-a7cc38978bb8
2026-05-13 17:08:27,684 [INFO] Scheduling entity extraction task for node_id=ba18ea9c-6449-473b-a5b7-ba82788bb1b7
2026-05-13 17:08:27,732 [INFO] Scheduling entity extraction task for node_id=9bf342d9-82f7-4970-a660-03ff1f751c9d
2026-05-13 17:08:27,737 [INFO] Scheduling entity extraction task for node_id=33ced0c2-f07d-49f7-aa55-863e002841c3
2026-05-13 17:08:27,794 [INFO] Scheduling entity extraction task for node_id=759b8818-ff7e-4543-9e60-75f14407b6b0
2026-05-13 17:08:27,848 [INFO] Scheduling entity extraction task for node_id=44de5a8e-ac4f-4f29-84f0-1f57d465da52
2026-05-13 17:08:27,902 [INFO] Scheduling entity extraction task for node_id=495ab417-f329-4129-a624-a47eb70d6a96
2026-05-13 17:08:27,908 [INFO] Scheduling entity extraction task for node_id=87f9b585-75d7-47f7-b2c0-3e4b34ca5aa0
2026-05-13 17:08:27,913 [INFO] Scheduling entity extraction task for node_id=0a36e8a9-9e89-4717-9094-df0a85f80037
2026-05-13 17:08:27,919 [INFO] Scheduling entity extraction task for node_id=2a9b3deb-e1d5-45b8-8789-28e6fd25eea4
2026-05-13 17:08:27,924 [INFO] Scheduling entity extraction task for node_id=4603c15f-2770-4f4e-a348-1eabfab55feb
2026-05-13 17:08:27,931 [INFO] Scheduling entity extraction task for node_id=4f2fc7a3-dec2-451e-ac77-f4eff4e38c32
2026-05-13 17:08:27,938 [INFO] Scheduling entity extraction task for node_id=1620ba11-bc01-4d64-b70d-9e84e009f62b
2026-05-13 17:08:27,944 [INFO] Scheduling entity extraction task for node_id=b6b74ac8-b363-48ec-a44e-46d9a9e958eb
2026-05-13 17:08:27,949 [INFO] Scheduling entity extraction task for node_id=bd212291-a15d-41b9-a471-f0216eb28e76
2026-05-13 17:08:27,954 [INFO] Scheduling entity extraction task for node_id=8849d36e-aba8-4f2b-a482-d1ca350a6585
2026-05-13 17:08:27,964 [INFO] Scheduling entity extraction task for node_id=701d0c11-fa93-46d7-8e5e-99838e4328cb
2026-05-13 17:08:27,968 [INFO] Scheduling entity extraction task for node_id=2856967b-6f29-4962-9aac-09c285dc95b4
2026-05-13 17:08:27,972 [INFO] Scheduling entity extraction task for node_id=7ede4668-1c9b-4bbb-ae09-e3d1b74cc66c
2026-05-13 17:08:27,976 [INFO] Scheduling entity extraction task for node_id=75ea8556-642e-4c52-8822-2e8bf738a0d9
2026-05-13 17:08:27,981 [INFO] Scheduling entity extraction task for node_id=e02e62e3-bc26-4542-922a-813fea03ba45
2026-05-13 17:08:27,986 [INFO] Scheduling entity extraction task for node_id=8bea08d0-2c83-44c4-abe4-6193b02a8e66
2026-05-13 17:08:27,991 [INFO] Scheduling entity extraction task for node_id=20823673-64c2-4005-a05c-e0071f793858
2026-05-13 17:08:27,996 [INFO] Scheduling entity extraction task for node_id=752dbaec-0c0c-4492-a3fa-1c8161e91b1b
2026-05-13 17:08:28,047 [INFO] Scheduling entity extraction task for node_id=83210daa-0408-4ab0-beee-99e4936335ab
2026-05-13 17:08:28,052 [INFO] Scheduling entity extraction task for node_id=34f6e22b-4c8a-43e0-a362-9abfea9c192c
2026-05-13 17:08:28,057 [INFO] Scheduling entity extraction task for node_id=bebc3770-1ebd-4a2a-9832-385a58020503
2026-05-13 17:08:28,063 [INFO] Scheduling entity extraction task for node_id=79e2936c-060d-4cec-8f6c-5df9cdefe1ea
2026-05-13 17:08:28,068 [INFO] Scheduling entity extraction task for node_id=a0b09085-718f-4104-9f3b-8b85d55024b1
2026-05-13 17:08:28,073 [INFO] Scheduling entity extraction task for node_id=76dc6e79-ffe3-4dc7-a3bf-a4ee128bde10
2026-05-13 17:08:28,077 [INFO] Scheduling entity extraction task for node_id=c0a57252-f978-4d9c-9d68-5f33161f1a13
2026-05-13 17:08:28,081 [INFO] Scheduling entity extraction task for node_id=c60f9bbf-3ba7-48f7-9025-8ee4ac761f9b
2026-05-13 17:08:28,086 [INFO] Scheduling entity extraction task for node_id=e641148b-7194-4588-9ccd-546c61ea54ed
2026-05-13 17:08:28,091 [INFO] Scheduling entity extraction task for node_id=ae12b3af-5ffd-47d6-9539-0f882c54acce
2026-05-13 17:08:28,096 [INFO] Scheduling entity extraction task for node_id=951a6842-eadb-4202-a078-bd868e25bec2
2026-05-13 17:08:28,101 [INFO] Scheduling entity extraction task for node_id=578bfe05-f5b2-4b14-a700-d509500e63f1
2026-05-13 17:08:28,155 [INFO] Scheduling entity extraction task for node_id=69901aff-52a8-473c-aa40-30c1cf2ab1af
2026-05-13 17:08:28,162 [INFO] Scheduling entity extraction task for node_id=3698f84f-affa-45f8-b1a2-306bcec94cdd
2026-05-13 17:08:28,168 [INFO] Scheduling entity extraction task for node_id=7ac22bcd-16c7-4e2f-8b45-8840680bd40a
2026-05-13 17:08:28,175 [INFO] Scheduling entity extraction task for node_id=9d8a419b-2b74-4eb9-a94a-59a75b44d6ca
2026-05-13 17:08:28,182 [INFO] Scheduling entity extraction task for node_id=43c31871-3b1d-47f7-b11c-975a880829b6
2026-05-13 17:08:28,187 [INFO] Scheduling entity extraction task for node_id=685fdb75-09d0-4ce6-a8dd-74dfe99ebf2b
2026-05-13 17:08:28,193 [INFO] Scheduling entity extraction task for node_id=a6473e74-f7f9-4940-82cd-6acc530b7429
2026-05-13 17:08:28,197 [INFO] Scheduling entity extraction task for node_id=9b15ec8c-a962-4ef0-84c9-1f306670b208
2026-05-13 17:08:28,203 [INFO] Scheduling entity extraction task for node_id=e4039859-23b2-4ca7-9ea2-b943ca6b421e
2026-05-13 17:08:28,219 [INFO] Scheduling entity extraction task for node_id=011dcee3-7224-4122-bf19-2aff0f00f37a
2026-05-13 17:08:28,232 [INFO] Scheduling entity extraction task for node_id=3ca894a3-95c4-4734-9d0b-cd7455d097db
2026-05-13 17:08:28,270 [INFO] Scheduling entity extraction task for node_id=2e7877bd-b41c-4520-a26c-4a6cbba59d82
2026-05-13 17:08:28,323 [INFO] Scheduling entity extraction task for node_id=15fc4489-18a0-4b87-afc4-d7583cf5d637
2026-05-13 17:08:28,328 [INFO] Scheduling entity extraction task for node_id=e49b43a7-27fc-48d8-aabd-45380fb0814b
2026-05-13 17:08:28,335 [INFO] Scheduling entity extraction task for node_id=ae644a1e-720b-4e33-a9c6-3271087d222d
2026-05-13 17:08:28,341 [INFO] Scheduling entity extraction task for node_id=9d0cca2d-3df3-4839-8a6a-d63e382232f1
2026-05-13 17:08:28,348 [INFO] Scheduling entity extraction task for node_id=c4efc659-fcad-41a5-8165-0d6b2118c608
2026-05-13 17:08:28,353 [INFO] Scheduling entity extraction task for node_id=cb3f13c3-7a75-4b8b-833d-3bd5b3141e5f
2026-05-13 17:08:28,358 [INFO] Scheduling entity extraction task for node_id=1c19e9a7-5974-41cb-98e2-517047a0f0a9
2026-05-13 17:08:28,364 [INFO] Scheduling entity extraction task for node_id=7baebacf-712a-4e5c-a267-8d154615a957
2026-05-13 17:08:28,370 [INFO] Scheduling entity extraction task for node_id=20ba91ea-7bae-4ad6-8e14-9874579eb2a1
2026-05-13 17:08:28,375 [INFO] Scheduling entity extraction task for node_id=5cb07f83-0a23-4495-a3c8-d183f960be9d
2026-05-13 17:08:28,381 [INFO] Scheduling entity extraction task for node_id=2a471b62-e7ef-4f23-a648-088b8b175233
2026-05-13 17:08:28,432 [INFO] Scheduling entity extraction task for node_id=4a9af515-2db3-43bc-a3bb-b755d1de0490
2026-05-13 17:08:28,484 [INFO] Scheduling entity extraction task for node_id=fb622016-2d48-4a2a-8461-5df1e2e8f3da
2026-05-13 17:08:28,489 [INFO] Scheduling entity extraction task for node_id=97051fce-57ff-45df-9ffa-03ef5f88b2e0
2026-05-13 17:08:28,495 [INFO] Scheduling entity extraction task for node_id=2ceee9bc-5336-480b-8ac6-01b48b0593f5
2026-05-13 17:08:28,501 [INFO] Scheduling entity extraction task for node_id=9491224e-ff10-4b1f-bef1-668b16f80f76
2026-05-13 17:08:28,506 [INFO] Scheduling entity extraction task for node_id=7a72661b-5018-45aa-b7a6-55feae187390
2026-05-13 17:08:28,512 [INFO] Scheduling entity extraction task for node_id=76acc5d4-09ab-454d-baeb-09fd9631467b
2026-05-13 17:08:28,518 [INFO] Scheduling entity extraction task for node_id=d63f95c0-03f7-4344-a20f-c5f304aaca36
2026-05-13 17:08:28,571 [INFO] Scheduling entity extraction task for node_id=4b087a63-8e9b-4481-b091-2a9370f1c528
2026-05-13 17:08:28,576 [INFO] Scheduling entity extraction task for node_id=b807b760-4583-47fb-b2ee-3f5ac6ac1df5
2026-05-13 17:08:28,580 [INFO] Scheduling entity extraction task for node_id=90281ced-39c2-4645-81eb-bf82e670d670
2026-05-13 17:08:28,584 [INFO] Scheduling entity extraction task for node_id=dd7a5852-a090-4a98-9591-445d0cfe4f71
2026-05-13 17:08:28,589 [INFO] Scheduling entity extraction task for node_id=11e3ab37-fe5b-49a2-ab76-0db800ef1999
2026-05-13 17:08:28,593 [INFO] Scheduling entity extraction task for node_id=10409414-4e5b-42b6-9c31-be760afac64c
2026-05-13 17:08:28,598 [INFO] Scheduling entity extraction task for node_id=6ab20a0b-82c7-4c6c-8a44-e1a0668eb2d8
2026-05-13 17:08:28,602 [INFO] Scheduling entity extraction task for node_id=a54afd35-7bf7-43aa-b3d7-a7980f49616b
2026-05-13 17:08:28,606 [INFO] Scheduling entity extraction task for node_id=808e274e-98a4-4d9c-8b92-7a04060d997c
2026-05-13 17:08:28,611 [INFO] Scheduling entity extraction task for node_id=0070dc0f-75cc-48b4-a0b4-e18c4bcb90f1
2026-05-13 17:08:28,615 [INFO] Scheduling entity extraction task for node_id=4c639bda-c527-4ee3-8e8a-74dd770dc12e
2026-05-13 17:08:28,620 [INFO] Scheduling entity extraction task for node_id=774d5501-5aad-4898-be23-d091d60ad93b
2026-05-13 17:08:28,625 [INFO] Scheduling entity extraction task for node_id=453d9e40-9d09-4bf8-ab6b-8084cb249b97
2026-05-13 17:08:28,629 [INFO] Scheduling entity extraction task for node_id=5616ad83-cf53-444a-b15e-6c8834149988
2026-05-13 17:08:28,634 [INFO] Scheduling entity extraction task for node_id=cc96dcbc-03e1-4b04-a1b7-06a29dcf8fa6
2026-05-13 17:08:28,638 [INFO] Scheduling entity extraction task for node_id=8bb911f2-e63b-48e2-a743-0e91b827feb9
2026-05-13 17:08:28,643 [INFO] Scheduling entity extraction task for node_id=425e2c75-728c-4aee-8c37-33e103fe0a91
2026-05-13 17:08:28,647 [INFO] Scheduling entity extraction task for node_id=4d385885-7830-4eb7-86c9-a33b39d2f389
2026-05-13 17:08:28,652 [INFO] Scheduling entity extraction task for node_id=25d05129-78b7-44b8-9cbd-8618f51db7c5
2026-05-13 17:08:28,656 [INFO] Scheduling entity extraction task for node_id=87a3b421-bf95-466f-a0e5-f8c15b36ea06
2026-05-13 17:08:28,660 [INFO] Scheduling entity extraction task for node_id=65f1a942-40e4-4eda-ba16-40520245fb88
2026-05-13 17:08:28,664 [INFO] Scheduling entity extraction task for node_id=f12f5fcc-3581-4b7d-8b1b-f5f9a900efca
2026-05-13 17:08:28,668 [INFO] Scheduling entity extraction task for node_id=3b9bfc94-3a3f-45f7-839f-a18ebf585844
2026-05-13 17:08:28,673 [INFO] Scheduling entity extraction task for node_id=386c66e6-ace6-4b4a-a4ab-746bec46c3d1
2026-05-13 17:08:28,677 [INFO] Scheduling entity extraction task for node_id=1e87a682-5ae7-4855-ad06-fc2103f0df78
2026-05-13 17:08:28,681 [INFO] Scheduling entity extraction task for node_id=2ebaeb17-14c0-43c7-9574-dba4f4b6f5ab
2026-05-13 17:08:28,687 [INFO] Scheduling entity extraction task for node_id=4a458104-3320-4c0f-9539-8da01e044112
2026-05-13 17:08:28,691 [INFO] Scheduling entity extraction task for node_id=157dd503-e286-4b52-a85a-7758a215c8c0
2026-05-13 17:08:28,696 [INFO] Scheduling entity extraction task for node_id=e109ec67-26e2-434b-9b26-5abafb42ed28
2026-05-13 17:08:28,700 [INFO] Scheduling entity extraction task for node_id=653172bf-4422-4f6e-9e87-5df1dc6c697e
2026-05-13 17:08:28,705 [INFO] Scheduling entity extraction task for node_id=18c6d4f5-597d-459b-a845-50e5a742a357
2026-05-13 17:08:28,710 [INFO] Scheduling entity extraction task for node_id=6aa663a6-d0aa-4038-96f5-38774629e543
2026-05-13 17:08:28,714 [INFO] Scheduling entity extraction task for node_id=aa003326-3bbd-45be-ab3d-6bfabdfff2ad
2026-05-13 17:08:28,720 [INFO] Scheduling entity extraction task for node_id=e1abf83c-9518-4570-914c-b912b52af532
2026-05-13 17:08:28,725 [INFO] Scheduling entity extraction task for node_id=65ade686-f20b-4c84-9af7-d0485bc0e003
2026-05-13 17:08:28,729 [INFO] Scheduling entity extraction task for node_id=1ccbb750-86c9-4359-a228-f1b00d12541b
2026-05-13 17:08:28,733 [INFO] Scheduling entity extraction task for node_id=718e4cbc-4c55-4657-a486-c9b3ab072f38
2026-05-13 17:08:28,738 [INFO] Scheduling entity extraction task for node_id=0f67e29e-a32e-4d59-84e5-9076567db287
2026-05-13 17:08:28,742 [INFO] Scheduling entity extraction task for node_id=6aac5db4-f2e3-4613-a452-e1654de148f3
2026-05-13 17:08:28,747 [INFO] Scheduling entity extraction task for node_id=8b19e8c4-5122-4b55-8858-3956f3052c71
2026-05-13 17:08:28,752 [INFO] Scheduling entity extraction task for node_id=9dac7205-1381-482e-9f0d-e7102b24f756
2026-05-13 17:08:28,758 [INFO] Scheduling entity extraction task for node_id=0cdf0ab9-6c1f-47a8-ac8e-9bd33e8e4238
2026-05-13 17:08:28,763 [INFO] Scheduling entity extraction task for node_id=2d09d078-bea1-4694-9e39-d42e81f3a85c
2026-05-13 17:08:28,767 [INFO] Scheduling entity extraction task for node_id=cf9e2c0d-6f75-488f-9dcc-4053803990a9
2026-05-13 17:08:28,771 [INFO] Scheduling entity extraction task for node_id=a6f39b2c-5449-4e9f-96e2-662049598384
2026-05-13 17:08:28,776 [INFO] Scheduling entity extraction task for node_id=8f6975bd-6165-4598-b7c8-c440df0d8728
2026-05-13 17:08:28,781 [INFO] Scheduling entity extraction task for node_id=61417039-7052-4496-a861-7ee1be5e5216
2026-05-13 17:08:28,785 [INFO] Scheduling entity extraction task for node_id=d86827f7-1504-48ef-ac84-48a829618f2f
2026-05-13 17:08:28,790 [INFO] Scheduling entity extraction task for node_id=fdf8c438-c8c9-48d7-a2ab-204cc70d416e
2026-05-13 17:08:28,841 [INFO] Scheduling entity extraction task for node_id=a7b10f32-c07b-4b6a-8121-d1c7e3e251a5
2026-05-13 17:08:28,846 [INFO] Scheduling entity extraction task for node_id=720ebdd5-b3f3-43b9-8e83-a0a50ff96588
2026-05-13 17:08:28,850 [INFO] Scheduling entity extraction task for node_id=99164517-6a4a-4bcf-9c2e-98b54b9501c1
2026-05-13 17:08:28,854 [INFO] Scheduling entity extraction task for node_id=3361dd69-b11b-47db-975a-fe80268855b3
2026-05-13 17:08:28,858 [INFO] Scheduling entity extraction task for node_id=d7b70a39-9676-49f9-9d1e-13e1fca326ba
2026-05-13 17:08:28,910 [INFO] Scheduling entity extraction task for node_id=5470aada-740e-4b43-ade0-3db1646294e4
2026-05-13 17:08:28,914 [INFO] Scheduling entity extraction task for node_id=10aa21c4-0c29-4ed0-b1f0-5a369de201b2
2026-05-13 17:08:28,919 [INFO] Scheduling entity extraction task for node_id=8145c2b0-2a61-4092-9bb5-863c2018e2a9
2026-05-13 17:08:28,923 [INFO] Scheduling entity extraction task for node_id=d47759eb-c0b9-490a-ba3b-0e1cf3777104
2026-05-13 17:08:28,975 [INFO] Scheduling entity extraction task for node_id=6f322c87-9d60-4b67-aaff-51a1dd8d485b
2026-05-13 17:08:28,981 [INFO] Scheduling entity extraction task for node_id=fadb0f7d-e4c0-41de-8ed0-1b3f738d1b4d
2026-05-13 17:08:28,986 [INFO] Scheduling entity extraction task for node_id=cbdb7017-411e-4c98-8664-89f25909e131
2026-05-13 17:08:29,038 [INFO] Scheduling entity extraction task for node_id=17ea44f6-3325-43f2-a20e-ef1dee9d5d39
2026-05-13 17:08:29,044 [INFO] Scheduling entity extraction task for node_id=4d7cbd25-d37e-4352-819f-49051859d2f0
2026-05-13 17:08:29,050 [INFO] Scheduling entity extraction task for node_id=1d35939c-ca04-46b2-98e8-00d3565d3791
2026-05-13 17:08:29,104 [INFO] Scheduling entity extraction task for node_id=d83af4b4-b901-4ca6-a647-ebb043b7e971
2026-05-13 17:08:29,110 [INFO] Scheduling entity extraction task for node_id=e2981183-9b60-47bf-9c1e-c58c3ba6071c
2026-05-13 17:08:29,116 [INFO] Scheduling entity extraction task for node_id=565c2d38-49c7-4471-bfae-acec4acb19a3
2026-05-13 17:08:29,122 [INFO] Scheduling entity extraction task for node_id=8a89bbc2-faac-4454-aaa2-6efea7667e92
2026-05-13 17:08:29,127 [INFO] Scheduling entity extraction task for node_id=93776360-0129-421b-b6c4-15bfa5a09a27
2026-05-13 17:08:29,134 [INFO] Scheduling entity extraction task for node_id=68617936-5ba0-4c7a-abe5-758062b42ce1
2026-05-13 17:08:29,140 [INFO] Scheduling entity extraction task for node_id=a3aa2d9d-d737-4832-bbc2-4d68255c7e14
2026-05-13 17:08:29,145 [INFO] Scheduling entity extraction task for node_id=28680573-cf86-4ea0-bea9-c48d1abe1841
2026-05-13 17:08:29,151 [INFO] Scheduling entity extraction task for node_id=5bd7429c-a995-4f7b-8cf0-d5a4b783dc85
2026-05-13 17:08:29,156 [INFO] Scheduling entity extraction task for node_id=a7940756-9c3f-4795-9442-68429ef981b5
2026-05-13 17:08:29,161 [INFO] Scheduling entity extraction task for node_id=4076bffd-a24f-4422-9081-52676567739c
2026-05-13 17:08:29,165 [INFO] Scheduling entity extraction task for node_id=e96d6b85-4bdf-4dff-b5a7-07e330a0a1ba
2026-05-13 17:08:29,169 [INFO] Scheduling entity extraction task for node_id=16a473e8-fb72-4ecd-9f12-5a1a5c796a16
2026-05-13 17:08:29,174 [INFO] Scheduling entity extraction task for node_id=45fc8d9f-914f-4b39-916a-c33ab25de945
2026-05-13 17:08:29,179 [INFO] Scheduling entity extraction task for node_id=0ec34b80-ef49-455a-9763-885d80ce4bc7
2026-05-13 17:08:29,184 [INFO] Scheduling entity extraction task for node_id=ac8c85c5-6047-425c-80cc-ab35298d08e0
2026-05-13 17:08:29,189 [INFO] Scheduling entity extraction task for node_id=1fb434f3-304e-412d-b0e4-b3ca202409ae
2026-05-13 17:08:29,241 [INFO] Scheduling entity extraction task for node_id=60bc383e-67bb-420d-b539-ee6be3f1428b
2026-05-13 17:08:29,293 [INFO] Scheduling entity extraction task for node_id=68f4ca53-0a0e-43a3-8ee6-8a18d56025f3
2026-05-13 17:08:29,300 [INFO] Scheduling entity extraction task for node_id=c1f82833-8cc8-4a85-85cb-82c9218cedb3
2026-05-13 17:08:29,352 [INFO] Scheduling entity extraction task for node_id=ea744202-b4a5-46f0-935d-9ab87a2569b9
2026-05-13 17:08:29,356 [INFO] Scheduling entity extraction task for node_id=865f17af-b9fa-46ac-8d7a-2d81728baa95
2026-05-13 17:08:29,362 [INFO] Scheduling entity extraction task for node_id=98651b55-1850-4f4f-8902-cb0184d3835b
2026-05-13 17:08:29,366 [INFO] Scheduling entity extraction task for node_id=4882e77b-03f1-4a66-8016-2e4bf24e1ca8
2026-05-13 17:08:29,370 [INFO] Scheduling entity extraction task for node_id=67fc6a7e-30a3-4896-bbca-2c8b0183e81e
2026-05-13 17:08:29,374 [INFO] Scheduling entity extraction task for node_id=d2b79908-3961-4ca0-8e3f-c086842a65a6
2026-05-13 17:08:29,379 [INFO] Scheduling entity extraction task for node_id=299d294a-f4b6-402a-ab2a-2323c8d71351
2026-05-13 17:08:29,431 [INFO] Scheduling entity extraction task for node_id=ef0cf22a-0994-47d2-8f57-21cb8f85f38c
2026-05-13 17:08:29,435 [INFO] Scheduling entity extraction task for node_id=f6ea41c5-0727-4f96-871f-5f4379969802
2026-05-13 17:08:29,440 [INFO] Scheduling entity extraction task for node_id=719e7ff5-dfcb-4747-8550-8a909b2bfc3a
2026-05-13 17:08:29,445 [INFO] Scheduling entity extraction task for node_id=3ee61cf8-5dfd-4b35-acf1-075430027f25
2026-05-13 17:08:29,449 [INFO] Scheduling entity extraction task for node_id=37988f67-4ac7-4ddd-a3a2-84dbc77bfa65
2026-05-13 17:08:29,453 [INFO] Scheduling entity extraction task for node_id=3e8c4e31-cf1c-4d6f-9f63-43701723fda3
2026-05-13 17:08:29,457 [INFO] Scheduling entity extraction task for node_id=9040c888-a1d2-41d7-8abf-1591691f9b3d
2026-05-13 17:08:29,509 [INFO] Scheduling entity extraction task for node_id=e74c2720-4ac2-42d2-9191-80becc5fd315
2026-05-13 17:08:29,514 [INFO] Scheduling entity extraction task for node_id=da1ca34e-99dd-4187-a002-4e9152dcdb24
2026-05-13 17:08:29,565 [INFO] Scheduling entity extraction task for node_id=d4fa37c4-b825-45c5-8187-d3be29171fbe
2026-05-13 17:08:29,619 [INFO] Scheduling entity extraction task for node_id=e784d7f0-fba2-41a3-ba14-8973bec5ba0b
2026-05-13 17:08:29,672 [INFO] Scheduling entity extraction task for node_id=07ce5382-8c33-4bd0-9695-c593cb70df13
2026-05-13 17:08:29,725 [INFO] Scheduling entity extraction task for node_id=5997b917-0fbb-4bc6-907f-9d29bf6f3a3d
2026-05-13 17:08:29,731 [INFO] Scheduling entity extraction task for node_id=505abc3e-50ab-4d3e-adbd-dc66c8c1cade
2026-05-13 17:08:29,785 [INFO] Scheduling entity extraction task for node_id=12ffff8b-0853-493f-93cb-9fad5dbd7cf4
2026-05-13 17:08:29,838 [INFO] Scheduling entity extraction task for node_id=027ba525-bc58-4682-80d4-9553cace004d
2026-05-13 17:08:29,843 [INFO] Scheduling entity extraction task for node_id=50d2181d-1ea5-4daf-a4ef-437dc51270ba
2026-05-13 17:08:29,850 [INFO] Scheduling entity extraction task for node_id=0c63b297-996a-4637-928b-f93194f25c73
2026-05-13 17:08:29,856 [INFO] Scheduling entity extraction task for node_id=bea9f89e-287e-42ca-901c-bc5e84e074f5
2026-05-13 17:08:29,861 [INFO] Scheduling entity extraction task for node_id=1ddd5d38-5247-42ad-9e7c-1781795b0a79
2026-05-13 17:08:29,867 [INFO] Scheduling entity extraction task for node_id=595a4ec9-f5d8-4206-ba1d-1a9d1ecc5e7b
2026-05-13 17:08:29,919 [INFO] Scheduling entity extraction task for node_id=53174701-6086-49dd-a3c6-ba096047cc02
2026-05-13 17:08:29,971 [INFO] Scheduling entity extraction task for node_id=91c689e6-2f8c-44f7-9147-ab20f364116d
2026-05-13 17:08:29,977 [INFO] Scheduling entity extraction task for node_id=214944a2-edc5-443d-9af4-e6dc26176d64
2026-05-13 17:08:30,034 [INFO] Scheduling entity extraction task for node_id=8b35c99d-dd00-4307-bb68-c4a05e9ce5c3
2026-05-13 17:08:30,040 [INFO] Scheduling entity extraction task for node_id=30fec298-f5f8-4ea0-99f6-30ed8954afe1
2026-05-13 17:08:30,045 [INFO] Scheduling entity extraction task for node_id=ce640e0b-7496-4200-bdc4-ab458ba41fee
2026-05-13 17:08:30,050 [INFO] Scheduling entity extraction task for node_id=2ac34f0c-0733-4df0-a383-f332c037300e
2026-05-13 17:08:30,057 [INFO] Scheduling entity extraction task for node_id=bb8881cc-d999-4d52-88d5-9d6bc324c033
2026-05-13 17:08:30,066 [INFO] Scheduling entity extraction task for node_id=a3c7d70f-deb4-4c07-8fbf-c0f30459bc6b
2026-05-13 17:08:30,071 [INFO] Scheduling entity extraction task for node_id=a2964a3c-5652-437a-ae7b-725ac6929a9f
2026-05-13 17:08:30,075 [INFO] Scheduling entity extraction task for node_id=1b46b592-dc42-4c1d-bf05-60aa5d58496f
2026-05-13 17:08:30,079 [INFO] Scheduling entity extraction task for node_id=93026aff-19af-41a7-bc12-e01535fca878
2026-05-13 17:08:30,084 [INFO] Scheduling entity extraction task for node_id=71de1351-7a53-4230-8337-8d8288535b14
2026-05-13 17:08:30,088 [INFO] Scheduling entity extraction task for node_id=92c8672b-4fad-4b44-b5ef-9968da70ae51
2026-05-13 17:08:30,093 [INFO] Scheduling entity extraction task for node_id=faab6d65-59f7-4bf3-9112-c1e867c408ca
2026-05-13 17:08:30,097 [INFO] Scheduling entity extraction task for node_id=a5743755-4e48-42d1-b0c3-9d63b2c285a7
2026-05-13 17:08:30,102 [INFO] Scheduling entity extraction task for node_id=f5909a5f-e79e-4bcc-8e71-abef6ec88373
2026-05-13 17:08:30,107 [INFO] Scheduling entity extraction task for node_id=6891f45f-85f1-47fc-8f5f-0f5b44fc71de
2026-05-13 17:08:30,112 [INFO] Scheduling entity extraction task for node_id=3fb35614-c86c-44ca-8988-9f12018e43a6
2026-05-13 17:08:30,118 [INFO] Scheduling entity extraction task for node_id=8b628a15-0b5e-4a75-9c85-0e7136277a3c
2026-05-13 17:08:30,122 [INFO] Scheduling entity extraction task for node_id=c09bc281-daf8-4cd9-a464-4d896afd5403
2026-05-13 17:08:30,127 [INFO] Scheduling entity extraction task for node_id=fb56f711-63aa-4be8-a695-72ee002222e0
2026-05-13 17:08:30,131 [INFO] Scheduling entity extraction task for node_id=e35d2cb8-0c1b-4041-855d-a62e213cd2f9
2026-05-13 17:08:30,135 [INFO] Scheduling entity extraction task for node_id=1cd8dd0f-6478-41c7-8cb1-de9e6dfe6355
2026-05-13 17:08:30,140 [INFO] Scheduling entity extraction task for node_id=6861f87c-850d-499d-8c18-93ee60c7d170
2026-05-13 17:08:30,144 [INFO] Scheduling entity extraction task for node_id=fffbb054-2124-4c3c-97ca-f10f3ade7b1e
2026-05-13 17:08:30,148 [INFO] Scheduling entity extraction task for node_id=de54f717-edf5-4a5a-9fbb-31c14b50ff3c
2026-05-13 17:08:30,153 [INFO] Scheduling entity extraction task for node_id=4a52ba62-87a4-4732-b855-fa3a9eda4e4a
2026-05-13 17:08:30,157 [INFO] Scheduling entity extraction task for node_id=86de8585-64a2-4e09-a58f-f73cde23f623
2026-05-13 17:08:30,162 [INFO] Scheduling entity extraction task for node_id=4b827f0a-a7dd-4004-8dc4-4ba33a0c69d8
2026-05-13 17:08:30,166 [INFO] Scheduling entity extraction task for node_id=c1573e13-5801-4180-ac8d-343ec62911b5
2026-05-13 17:08:30,171 [INFO] Scheduling entity extraction task for node_id=43803419-fc85-4c1b-a2a9-c6ed3855d2ea
2026-05-13 17:08:30,175 [INFO] Scheduling entity extraction task for node_id=e45d2802-7553-4c89-909c-5675f85add21
2026-05-13 17:08:30,180 [INFO] Scheduling entity extraction task for node_id=705766e0-286f-4d4e-8a8b-7647397fe869
2026-05-13 17:08:30,185 [INFO] Scheduling entity extraction task for node_id=b1a255a5-4773-4718-94de-e4c640b9468d
2026-05-13 17:08:30,190 [INFO] Scheduling entity extraction task for node_id=64ec6344-2139-4423-a6a2-1ddfa57985ab
2026-05-13 17:08:30,194 [INFO] Scheduling entity extraction task for node_id=5dab2dd1-8a82-43ac-857d-5be526a8049c
2026-05-13 17:08:30,197 [INFO] Scheduling entity extraction task for node_id=f90cd711-8720-43d1-b4d6-732e44a8cf56
2026-05-13 17:08:30,202 [INFO] Scheduling entity extraction task for node_id=3a36c488-25ca-466e-9c10-76d256462631
2026-05-13 17:08:30,206 [INFO] Scheduling entity extraction task for node_id=29ac8d61-f104-408c-8964-6a942352fa58
2026-05-13 17:08:30,209 [INFO] Scheduling entity extraction task for node_id=c367372e-fba9-4f28-be40-c41b2321850c
2026-05-13 17:08:30,214 [INFO] Scheduling entity extraction task for node_id=b61f7daa-f171-42e9-877a-53ea48a6de97
2026-05-13 17:08:30,217 [INFO] Scheduling entity extraction task for node_id=2f9f5777-fd2e-486f-b30f-c496295b9afc
2026-05-13 17:08:30,222 [INFO] Scheduling entity extraction task for node_id=e3ea392f-b659-4972-bd3d-57eb3213a573
2026-05-13 17:08:30,226 [INFO] Scheduling entity extraction task for node_id=40875338-3884-4004-a01c-1ae2f2fb9d04
2026-05-13 17:08:30,231 [INFO] Scheduling entity extraction task for node_id=cda7ef87-e7f3-4e8d-bb5f-66b0d476eef7
2026-05-13 17:08:30,235 [INFO] Scheduling entity extraction task for node_id=b6e7b471-07d8-4e9c-bc42-df85a0230942
2026-05-13 17:08:30,240 [INFO] Scheduling entity extraction task for node_id=51effd13-f5e1-41a2-abc2-bdaf3bd87cea
2026-05-13 17:08:30,244 [INFO] Scheduling entity extraction task for node_id=ca164ef5-1b4c-49b2-901b-23a4e3c4ae85
2026-05-13 17:08:30,248 [INFO] Scheduling entity extraction task for node_id=b7df93aa-1ef6-417f-afdf-3b50e29d35f7
2026-05-13 17:08:30,254 [INFO] Scheduling entity extraction task for node_id=e2cf9ebf-4800-4e53-8a3c-37f99c961ea3
2026-05-13 17:08:30,258 [INFO] Scheduling entity extraction task for node_id=b17a38dc-ef0f-49ce-bc55-1e95d91692f6
2026-05-13 17:08:30,263 [INFO] Scheduling entity extraction task for node_id=311378c0-a50a-4827-b535-0df284929005
2026-05-13 17:08:30,268 [INFO] Scheduling entity extraction task for node_id=daefab5b-d4af-47f4-959a-f1f5ec874f89
2026-05-13 17:08:30,272 [INFO] Scheduling entity extraction task for node_id=8e9059ee-44e3-4c2a-9f50-ce6c8008ff12
2026-05-13 17:08:30,276 [INFO] Scheduling entity extraction task for node_id=7aef733e-9c74-4539-bf29-6fe4db16aa4b
2026-05-13 17:08:30,281 [INFO] Scheduling entity extraction task for node_id=c660b45d-01d5-4044-ac25-429c8eeb0fb1
2026-05-13 17:08:30,285 [INFO] Scheduling entity extraction task for node_id=ed72cca0-0f17-4afd-a6cf-a22c58a47ea0
2026-05-13 17:08:30,291 [INFO] Scheduling entity extraction task for node_id=21bc8e06-6ec0-45c5-ab2c-340ad5ddafcb
2026-05-13 17:08:30,294 [INFO] Scheduling entity extraction task for node_id=4de900d6-a2c4-4ac1-9790-ccf8201292b9
2026-05-13 17:08:30,299 [INFO] Scheduling entity extraction task for node_id=bdb6515e-cf3f-484c-bf20-4eeeff6bf60a
2026-05-13 17:08:30,303 [INFO] Scheduling entity extraction task for node_id=efe039e7-5ba1-4fa0-9d6b-ca83e2c6fd76
2026-05-13 17:08:30,308 [INFO] Scheduling entity extraction task for node_id=ff6a5640-9354-4309-9875-50c987fb1719
2026-05-13 17:08:30,312 [INFO] Scheduling entity extraction task for node_id=bfa26e18-05a2-4f02-9d84-1ec3f397094e
2026-05-13 17:08:30,318 [INFO] Scheduling entity extraction task for node_id=f4ce5f58-51ca-477b-97a2-623d9052ae4f
2026-05-13 17:08:30,322 [INFO] Scheduling entity extraction task for node_id=54668f32-8497-4156-beaa-9ba05b9986fc
2026-05-13 17:08:30,326 [INFO] Scheduling entity extraction task for node_id=0ccd132a-8792-43df-b456-859951ec3a97
2026-05-13 17:08:30,331 [INFO] Scheduling entity extraction task for node_id=296ce0f5-cdcc-4817-b6e6-b9af2d7dd1d2
2026-05-13 17:08:30,335 [INFO] Scheduling entity extraction task for node_id=0d6bd2d5-aa53-4565-b5b6-c8ebc350af6e
2026-05-13 17:08:30,340 [INFO] Scheduling entity extraction task for node_id=9a6d6dbf-2262-4651-b8ae-a6d350c639c8
2026-05-13 17:08:30,392 [INFO] Scheduling entity extraction task for node_id=d38a8138-1848-445b-bdfe-ea28b175d8e6
2026-05-13 17:08:30,398 [INFO] Scheduling entity extraction task for node_id=909ec864-6a31-4434-a428-3baaba01294f
2026-05-13 17:08:30,403 [INFO] Scheduling entity extraction task for node_id=8efb61df-dab4-49b1-9fba-769a59fd75ac
2026-05-13 17:08:30,409 [INFO] Scheduling entity extraction task for node_id=21525904-0740-48d8-a8c5-f882d98e3ea4
2026-05-13 17:08:30,417 [INFO] Scheduling entity extraction task for node_id=a7e8dfa2-7495-4e58-bbfc-897928bd644d
2026-05-13 17:08:30,422 [INFO] Scheduling entity extraction task for node_id=88098b7f-2672-4499-b95c-e660456bcf44
2026-05-13 17:08:30,428 [INFO] Scheduling entity extraction task for node_id=84fca622-d830-47a7-b067-dee916123421
2026-05-13 17:08:30,434 [INFO] Scheduling entity extraction task for node_id=0411ac9f-82f6-43ef-9159-6378a75c64da
2026-05-13 17:08:30,440 [INFO] Scheduling entity extraction task for node_id=747aeb33-6686-4ca6-b5e8-7af1ad77e8c8
2026-05-13 17:08:30,445 [INFO] Scheduling entity extraction task for node_id=9eede49d-535c-46b8-91ce-0a695532af32
2026-05-13 17:08:30,449 [INFO] Scheduling entity extraction task for node_id=63decaf0-6e80-4ba5-a8ea-da653a7fb6ea
2026-05-13 17:08:30,454 [INFO] Scheduling entity extraction task for node_id=ee9a24e6-cb87-42a3-8d8e-4270802765cd
2026-05-13 17:08:30,458 [INFO] Scheduling entity extraction task for node_id=4972b7fa-9fd4-483e-9d7e-81567b4f1ba4
2026-05-13 17:08:30,463 [INFO] Scheduling entity extraction task for node_id=f956fc3c-e136-4c17-b986-1036416d33c0
2026-05-13 17:08:30,518 [INFO] Scheduling entity extraction task for node_id=ec38642f-8e71-4da4-9956-72e2378a61c3
2026-05-13 17:08:30,526 [INFO] Scheduling entity extraction task for node_id=babda609-9a6f-4160-8b18-55b7d3fd3df7
2026-05-13 17:08:30,532 [INFO] Scheduling entity extraction task for node_id=cb415b70-3c9f-45c5-a081-8bf7a4d5ec58
2026-05-13 17:08:30,537 [INFO] Scheduling entity extraction task for node_id=e5c3d3a9-3cc1-474b-b65b-9d43a0e23355
2026-05-13 17:08:30,542 [INFO] Scheduling entity extraction task for node_id=83bddc9b-5fc4-4486-b8c7-e4c83f36c2d6
2026-05-13 17:08:30,548 [INFO] Scheduling entity extraction task for node_id=e03c7d92-c2ec-42db-9131-8b62c09f9f99
2026-05-13 17:08:30,554 [INFO] Scheduling entity extraction task for node_id=2df561c7-b07e-4cc3-9549-722f4221f762
2026-05-13 17:08:30,559 [INFO] Scheduling entity extraction task for node_id=16489809-ae25-46f7-b0ff-e6d7e52d5e31
2026-05-13 17:08:30,564 [INFO] Scheduling entity extraction task for node_id=9fa77fa8-d19f-4270-a30a-70f19169d810
2026-05-13 17:08:30,570 [INFO] Scheduling entity extraction task for node_id=d629313e-5be4-4827-84c1-18edd8194374
2026-05-13 17:08:30,575 [INFO] Scheduling entity extraction task for node_id=49cc29f3-2adc-4aec-9a6a-dee33f6df36f
2026-05-13 17:08:30,579 [INFO] Scheduling entity extraction task for node_id=4a572502-20fb-4e39-b558-a02e2544aae8
2026-05-13 17:08:30,584 [INFO] Scheduling entity extraction task for node_id=bdc2cb37-78eb-4b41-aa31-eb0f9c5ab575
2026-05-13 17:08:30,589 [INFO] Scheduling entity extraction task for node_id=9310cf16-29e7-4a1e-bf23-209ddc3f7a22
2026-05-13 17:08:30,593 [INFO] Scheduling entity extraction task for node_id=b402e011-64b3-451e-b6d6-049b23192f9e
2026-05-13 17:08:30,598 [INFO] Scheduling entity extraction task for node_id=dd88d88c-d197-4192-bd25-af5eaa24b590
2026-05-13 17:08:30,602 [INFO] Scheduling entity extraction task for node_id=4278d06e-1727-4589-9b4d-a1861d7d5a1d
2026-05-13 17:08:30,607 [INFO] Scheduling entity extraction task for node_id=6a2d319c-7e82-469f-9546-a58dd5e21e00
2026-05-13 17:08:30,611 [INFO] Scheduling entity extraction task for node_id=06cbd059-3768-4819-b0ab-06e7e9edc97d
2026-05-13 17:08:30,617 [INFO] Scheduling entity extraction task for node_id=832c1525-daf7-4e0f-9369-b3a2fb61248f
2026-05-13 17:08:30,622 [INFO] Scheduling entity extraction task for node_id=93afa36a-7dd8-407f-bc84-124a0db50dac
2026-05-13 17:08:30,628 [INFO] Scheduling entity extraction task for node_id=c9755df5-618d-47c8-91fc-7472040b307a
2026-05-13 17:08:30,632 [INFO] Scheduling entity extraction task for node_id=4438606b-2bd3-4207-9fc8-eb56ebc4c10c
2026-05-13 17:08:30,636 [INFO] Scheduling entity extraction task for node_id=180cec49-1986-4cac-a4ba-b340686448bb
2026-05-13 17:08:30,687 [INFO] Scheduling entity extraction task for node_id=deadd86a-acdc-49b7-85ce-915c09ae182b
2026-05-13 17:08:30,740 [INFO] Scheduling entity extraction task for node_id=b4eee325-8249-49b3-80c5-0bfdaac2ffcd
2026-05-13 17:08:30,793 [INFO] Scheduling entity extraction task for node_id=dad4f539-4f53-4a1d-9496-8f1a4825398c
2026-05-13 17:08:30,799 [INFO] Scheduling entity extraction task for node_id=9e02aec2-851b-4f8a-94f0-0bbaac94b128
2026-05-13 17:08:30,804 [INFO] Scheduling entity extraction task for node_id=bb55a6da-6f9d-415a-97b7-a96f011c1a97
2026-05-13 17:08:30,810 [INFO] Scheduling entity extraction task for node_id=95623663-9f53-4c3b-8a3a-4505ab247ea2
2026-05-13 17:08:30,816 [INFO] Scheduling entity extraction task for node_id=b313c4cb-e7a3-4eed-bd94-57b973d4854d
2026-05-13 17:08:30,822 [INFO] Scheduling entity extraction task for node_id=21a556ab-773c-4690-a334-b79974c793d8
2026-05-13 17:08:30,828 [INFO] Scheduling entity extraction task for node_id=6ef124b8-7e41-4148-b755-5d5d5b31355f
2026-05-13 17:08:30,833 [INFO] Scheduling entity extraction task for node_id=dbcb43bb-b005-43d1-bf86-15b120f90878
2026-05-13 17:08:30,839 [INFO] Scheduling entity extraction task for node_id=4ef31040-9d99-4c8f-ae6c-c14784557a71
2026-05-13 17:08:30,844 [INFO] Scheduling entity extraction task for node_id=5e88b2cd-4519-491e-a7a3-ca2589473357
2026-05-13 17:08:30,851 [INFO] Scheduling entity extraction task for node_id=c1be8f0d-0ee4-4a8f-b011-30971b020dde
2026-05-13 17:08:30,856 [INFO] Scheduling entity extraction task for node_id=8952b0ef-b761-4b0b-8134-69d757a11dbf
2026-05-13 17:08:30,908 [INFO] Scheduling entity extraction task for node_id=19421586-2bcc-4938-a591-8cda4809bc10
2026-05-13 17:08:30,913 [INFO] Scheduling entity extraction task for node_id=86383c91-3405-4220-8945-441804b2a556
2026-05-13 17:08:30,965 [INFO] Scheduling entity extraction task for node_id=25d9cf89-38a8-4ba4-acfa-c9e91bf1a840
2026-05-13 17:08:30,970 [INFO] Scheduling entity extraction task for node_id=967fd79d-b6da-4ceb-ae6e-66dd4942664f
2026-05-13 17:08:30,976 [INFO] Scheduling entity extraction task for node_id=aa7d33d5-b210-48e0-89f6-6100eb2c274e
2026-05-13 17:08:30,982 [INFO] Scheduling entity extraction task for node_id=2522ed55-5d6a-4774-9a7f-c9e8cdc7e8dc
2026-05-13 17:08:30,995 [INFO] Scheduling entity extraction task for node_id=291c1af3-a40e-444b-ba4f-4097d9f4267e
2026-05-13 17:08:31,003 [INFO] Scheduling entity extraction task for node_id=d5f2d5b0-d353-40d1-ac28-0f90098bf039
2026-05-13 17:08:31,009 [INFO] Scheduling entity extraction task for node_id=7eb1e48f-c8f2-413a-9381-1643e40e61e6
2026-05-13 17:08:31,015 [INFO] Scheduling entity extraction task for node_id=a7a58fd7-6a36-4863-bcec-7cf657f05dcf
2026-05-13 17:08:31,022 [INFO] Scheduling entity extraction task for node_id=4e65d46d-7b87-41be-987c-d7d779871bfc
2026-05-13 17:08:31,043 [INFO] Scheduling entity extraction task for node_id=5eec3022-fbda-4d8c-bdb7-9edbb64ab283
2026-05-13 17:08:31,107 [INFO] Scheduling entity extraction task for node_id=ace141c8-ebe1-404a-aecb-c080fddbaad2
2026-05-13 17:08:31,114 [INFO] Scheduling entity extraction task for node_id=5eba3efc-37a5-4895-afc1-bdac5110a698
2026-05-13 17:08:31,121 [INFO] Scheduling entity extraction task for node_id=aa2f4777-58fe-4316-9579-ec1445c23398
2026-05-13 17:08:31,180 [INFO] Scheduling entity extraction task for node_id=384da07d-db47-496c-aa9f-2b874bf30e4f
2026-05-13 17:08:31,240 [INFO] Scheduling entity extraction task for node_id=19229ec0-f54f-46eb-ad78-dc31601ac2c7
2026-05-13 17:08:31,247 [INFO] Scheduling entity extraction task for node_id=f92d301f-9ab1-4526-a3b5-48fb9009e904
2026-05-13 17:08:31,307 [INFO] Scheduling entity extraction task for node_id=3325da41-d2ea-4587-85a5-e44ba6d96311
2026-05-13 17:08:31,315 [INFO] Scheduling entity extraction task for node_id=d116764c-c7f1-424f-80ca-9acd1266cedd
2026-05-13 17:08:31,323 [INFO] Scheduling entity extraction task for node_id=92dbe6f1-f666-47e2-94d2-751b5dbd230d
2026-05-13 17:08:31,330 [INFO] Scheduling entity extraction task for node_id=f4f4b478-752d-4bb2-ae7e-122f856828dc
2026-05-13 17:08:31,337 [INFO] Scheduling entity extraction task for node_id=bc4973d8-8e12-48bb-9c51-d80477d1d430
2026-05-13 17:08:31,346 [INFO] Scheduling entity extraction task for node_id=54968cc1-ac05-426c-a6d6-b64ec5f78816
2026-05-13 17:08:31,352 [INFO] Scheduling entity extraction task for node_id=8c167b94-bfb9-47ec-9666-efd49188e58b
2026-05-13 17:08:31,361 [INFO] Scheduling entity extraction task for node_id=7371b444-7dc3-4585-b659-78e5ed23a3b1
2026-05-13 17:08:31,368 [INFO] Scheduling entity extraction task for node_id=d5208653-04fb-4c1a-8641-ed857f47bbf0
2026-05-13 17:08:31,377 [INFO] Scheduling entity extraction task for node_id=913df732-48ef-441e-91f5-1584839afd72
2026-05-13 17:08:31,385 [INFO] Scheduling entity extraction task for node_id=ca976a7c-c482-4943-82c6-212e7d4641f8
2026-05-13 17:08:31,392 [INFO] Scheduling entity extraction task for node_id=e01c59e3-1551-45aa-8dac-e5fe21b91e9f
2026-05-13 17:08:31,398 [INFO] Scheduling entity extraction task for node_id=2cdb3037-b6a4-4140-bfcb-f9e9c5b8d3d2
2026-05-13 17:08:31,405 [INFO] Scheduling entity extraction task for node_id=ead51c46-0fe8-4ac9-a00c-dabf5042e5d8
2026-05-13 17:08:31,412 [INFO] Scheduling entity extraction task for node_id=f577f6ab-d20c-440d-8455-606b7cc856f8
2026-05-13 17:08:31,418 [INFO] Scheduling entity extraction task for node_id=6251e050-e3bd-45aa-b87f-5f757997a4ee
2026-05-13 17:08:31,423 [INFO] Scheduling entity extraction task for node_id=7df17c56-aad8-4d61-99f4-a0100ccf231e
2026-05-13 17:08:31,430 [INFO] Scheduling entity extraction task for node_id=1f2dd12d-c0c2-4ea4-b937-3e4b5d796189
2026-05-13 17:08:31,436 [INFO] Scheduling entity extraction task for node_id=9347f86e-b536-4b3e-aad8-bd40ac2f1fbf
2026-05-13 17:08:31,442 [INFO] Scheduling entity extraction task for node_id=757ef16c-b13b-45d8-ba16-1be3b2764119
2026-05-13 17:08:31,450 [INFO] Scheduling entity extraction task for node_id=cdd037e5-ed2c-446e-aa19-8f79aa624768
2026-05-13 17:08:31,463 [INFO] Scheduling entity extraction task for node_id=9b06d7c9-10e6-4069-b5d6-c6affc02840c
2026-05-13 17:08:31,480 [INFO] Scheduling entity extraction task for node_id=0597b95e-cf2f-4ebc-9f45-fddb4afe2c8e
2026-05-13 17:08:31,486 [INFO] Scheduling entity extraction task for node_id=654ca3ab-1a38-4ffe-8bcd-1577ea95f130
2026-05-13 17:08:31,492 [INFO] Scheduling entity extraction task for node_id=20d9bcd3-dddd-4263-875a-3d01552a1086
2026-05-13 17:08:31,500 [INFO] Scheduling entity extraction task for node_id=e4a18110-dd42-4843-96ad-881e9089cad1
2026-05-13 17:08:31,514 [INFO] Scheduling entity extraction task for node_id=26d3a458-e67e-451f-90c0-167713f3f866
2026-05-13 17:08:31,584 [INFO] Scheduling entity extraction task for node_id=ed48b3a1-3874-4079-91ee-e98e5faa63fc
2026-05-13 17:08:31,600 [INFO] Scheduling entity extraction task for node_id=4f038f27-915b-419f-ab65-0fd5cdf9e637
2026-05-13 17:08:31,609 [INFO] Scheduling entity extraction task for node_id=ce44a36f-91cd-4d66-99bd-1292ae482ee6
2026-05-13 17:08:31,685 [INFO] Scheduling entity extraction task for node_id=81c7e419-f117-4d87-ad2a-0f3c5cdf947f
2026-05-13 17:08:31,705 [INFO] Scheduling entity extraction task for node_id=d20e3ee9-c637-419a-a812-8236eaa258f0
2026-05-13 17:08:31,734 [INFO] Scheduling entity extraction task for node_id=0929986a-bbb1-459f-aba9-4b8d640226d8
2026-05-13 17:08:31,745 [INFO] Scheduling entity extraction task for node_id=eb4be6c6-8d45-4b52-b9a4-ca5d649c8902
2026-05-13 17:08:31,758 [INFO] Scheduling entity extraction task for node_id=669f010a-f345-4a56-a5cb-f668a0246ef1
2026-05-13 17:08:31,772 [INFO] Scheduling entity extraction task for node_id=6640e78a-e9b0-4d5f-8ff1-e5ae5100c657
2026-05-13 17:08:31,781 [INFO] Scheduling entity extraction task for node_id=f35de5ea-9dfa-43af-a842-415a27947a71
2026-05-13 17:08:31,787 [INFO] Scheduling entity extraction task for node_id=de573ebe-931f-47b3-989e-a9f2d37ca40d
2026-05-13 17:08:31,793 [INFO] Scheduling entity extraction task for node_id=9ea13d29-76db-4683-b09b-b863a758eb07
2026-05-13 17:08:31,801 [INFO] Scheduling entity extraction task for node_id=81a74842-eb60-4b67-ac30-1cf991a8472d
2026-05-13 17:08:31,807 [INFO] Scheduling entity extraction task for node_id=00224a39-be3d-48db-a756-6788eb881e8f
2026-05-13 17:08:31,878 [INFO] Scheduling entity extraction task for node_id=2a42ccf3-7bf6-42fc-8812-c6a6fa083fe1
2026-05-13 17:08:31,889 [INFO] Scheduling entity extraction task for node_id=50be40c2-48db-46ca-94fb-4c7db8c0e0de
2026-05-13 17:08:31,897 [INFO] Scheduling entity extraction task for node_id=8dc83d90-eb73-45b4-afe2-f110757dc426
2026-05-13 17:08:31,904 [INFO] Scheduling entity extraction task for node_id=63ce3b0b-50f7-4364-8daa-2d17359d622a
2026-05-13 17:08:31,912 [INFO] Scheduling entity extraction task for node_id=e922a9d0-a23b-4a61-b843-a6ba9ff864c1
2026-05-13 17:08:31,922 [INFO] Scheduling entity extraction task for node_id=0f89abd0-00bc-4435-b47f-bb7595527667
2026-05-13 17:08:31,928 [INFO] Scheduling entity extraction task for node_id=112e1922-1e96-49ee-8059-6bfd1a4cf5d3
2026-05-13 17:08:31,936 [INFO] Scheduling entity extraction task for node_id=b9a4b61a-bce5-48ca-89f0-b2bfa230c7fa
2026-05-13 17:08:31,942 [INFO] Scheduling entity extraction task for node_id=f693f822-010a-4060-80f4-663ec09542a9
2026-05-13 17:08:31,947 [INFO] Scheduling entity extraction task for node_id=c50bf830-b56e-4a5a-a7cc-6c836e0f9843
2026-05-13 17:08:31,953 [INFO] Scheduling entity extraction task for node_id=48867550-a9f2-4aea-9abd-b498d9eacd9b
2026-05-13 17:08:31,958 [INFO] Scheduling entity extraction task for node_id=7720693b-7c58-4c4c-9d47-96ffccce6d90
2026-05-13 17:08:31,964 [INFO] Scheduling entity extraction task for node_id=9df3da21-c90e-4ecc-ae56-513116cfad49
2026-05-13 17:08:31,972 [INFO] Scheduling entity extraction task for node_id=ade7e82d-a75f-4ef9-b298-8a75793353ad
2026-05-13 17:08:31,979 [INFO] Scheduling entity extraction task for node_id=36e8602f-db5a-4e71-bd63-5e03ff4870e7
2026-05-13 17:08:31,985 [INFO] Scheduling entity extraction task for node_id=ac7f64e5-9bed-40f9-b887-884c3d1d385a
2026-05-13 17:08:31,991 [INFO] Scheduling entity extraction task for node_id=2f6cfa7d-2a2c-4ad2-a841-abd636b52677
2026-05-13 17:08:31,999 [INFO] Scheduling entity extraction task for node_id=5a3db4fa-0581-4486-977d-919ccff83e18
2026-05-13 17:08:32,004 [INFO] Scheduling entity extraction task for node_id=f4777a7b-2213-4e4d-add6-725b95ae072f
2026-05-13 17:08:32,010 [INFO] Scheduling entity extraction task for node_id=0e7ad804-c61f-4a45-867c-1b6fdf2a7527
2026-05-13 17:08:32,070 [INFO] Scheduling entity extraction task for node_id=e4c05b1b-030d-4f0f-925a-bada75e99199
2026-05-13 17:08:32,135 [INFO] Scheduling entity extraction task for node_id=42c825d2-0127-4999-aad9-db33f0ff0b54
2026-05-13 17:08:32,142 [INFO] Scheduling entity extraction task for node_id=8a4cd312-3a96-45bc-8969-08b8370e4c5a
2026-05-13 17:08:32,148 [INFO] Scheduling entity extraction task for node_id=92d61228-d16c-4e4d-a245-07b422f270b7
2026-05-13 17:08:32,156 [INFO] Scheduling entity extraction task for node_id=b1b31090-e4c5-46da-9cdc-a628adb845a7
2026-05-13 17:08:32,164 [INFO] Scheduling entity extraction task for node_id=516cd0d4-be87-4b49-b70c-4abdadc3b28f
2026-05-13 17:08:32,172 [INFO] Scheduling entity extraction task for node_id=57beac31-0764-43e6-b4f6-d80a100dedab
2026-05-13 17:08:32,178 [INFO] Scheduling entity extraction task for node_id=65dc0c48-e57c-4d63-926f-abb996e0ce30
2026-05-13 17:08:32,187 [INFO] Scheduling entity extraction task for node_id=1f1cb0f0-deb0-416c-a819-3fb6fd639ff3
2026-05-13 17:08:32,191 [INFO] Scheduling entity extraction task for node_id=c23f4f4c-f680-490e-af31-f11902e0325d
2026-05-13 17:08:32,198 [INFO] Scheduling entity extraction task for node_id=ad0c7c40-4eec-42c5-9204-d882f63665a8
2026-05-13 17:08:32,204 [INFO] Scheduling entity extraction task for node_id=fec4ce93-4870-40dd-85a7-47d1400b3faf
2026-05-13 17:08:32,209 [INFO] Scheduling entity extraction task for node_id=4f5f1c61-0def-43e2-8fe8-e02d05b532fa
2026-05-13 17:08:32,215 [INFO] Scheduling entity extraction task for node_id=823165d6-0029-4e93-9ddb-9c3a5d6cf220
2026-05-13 17:08:32,221 [INFO] Scheduling entity extraction task for node_id=75f2d5de-156c-4c34-869b-0cb41624b084
2026-05-13 17:08:32,228 [INFO] Scheduling entity extraction task for node_id=b356588d-1f39-4065-b6dc-cd92db7f6e19
2026-05-13 17:08:32,234 [INFO] Scheduling entity extraction task for node_id=407a58b1-1efd-4c13-a125-73f918b66361
2026-05-13 17:08:32,242 [INFO] Scheduling entity extraction task for node_id=860fbfa9-e39a-4a0a-94df-fa5e29db6e9e
2026-05-13 17:08:32,250 [INFO] Scheduling entity extraction task for node_id=61145c5a-f371-4a86-bb23-fead88f3686f
2026-05-13 17:08:32,259 [INFO] Scheduling entity extraction task for node_id=4e7944a1-b0bf-4e38-ab03-a641a5a0b72a
2026-05-13 17:08:32,265 [INFO] Scheduling entity extraction task for node_id=eee15153-d090-4444-828b-783e4e527055
2026-05-13 17:08:32,324 [INFO] Scheduling entity extraction task for node_id=0abe115b-d364-4eb1-af87-9a2a28db4d57
2026-05-13 17:08:32,331 [INFO] Scheduling entity extraction task for node_id=b907877d-1ff1-4899-bff1-6e275ba5f005
2026-05-13 17:08:32,337 [INFO] Scheduling entity extraction task for node_id=544c63f1-e5a5-47b3-90f6-ff2da2108e9d
2026-05-13 17:08:32,342 [INFO] Scheduling entity extraction task for node_id=d1831bab-ce9c-4ca2-9d74-6dccf3099e13
2026-05-13 17:08:32,348 [INFO] Scheduling entity extraction task for node_id=f30c0351-5b2e-4832-b002-f2c9383c4ad5
2026-05-13 17:08:32,370 [INFO] Scheduling entity extraction task for node_id=9b92029e-68e3-4dc6-87ca-485dc987abeb
2026-05-13 17:08:32,430 [INFO] Scheduling entity extraction task for node_id=c210a8b2-9eff-435c-92f9-6cc137c80e6d
2026-05-13 17:08:32,486 [INFO] Scheduling entity extraction task for node_id=21315055-9bed-434b-ac3f-d6d28e257ede
2026-05-13 17:08:32,493 [INFO] Scheduling entity extraction task for node_id=3530a945-c33c-4edc-a77a-48d70d490cdf
2026-05-13 17:08:32,501 [INFO] Scheduling entity extraction task for node_id=5280ded5-85ce-424a-85ab-718baceabeb7
2026-05-13 17:08:32,509 [INFO] Scheduling entity extraction task for node_id=ec1c93de-c64c-4141-9691-d01e4d49e799
2026-05-13 17:08:32,516 [INFO] Scheduling entity extraction task for node_id=66a68d08-6588-408c-b291-579951099dec
2026-05-13 17:08:32,524 [INFO] Scheduling entity extraction task for node_id=dcc00bf8-9f18-44ae-b1ba-da60f13bed00
2026-05-13 17:08:32,530 [INFO] Scheduling entity extraction task for node_id=c65dd470-4f9a-4750-ba3d-a11b7dcbe71e
2026-05-13 17:08:32,537 [INFO] Scheduling entity extraction task for node_id=9d1658a7-613c-4f3f-9e69-d58874110f58
2026-05-13 17:08:32,543 [INFO] Scheduling entity extraction task for node_id=2e7c8e3a-28fa-43fa-91cd-18bedf7d7873
2026-05-13 17:08:32,549 [INFO] Scheduling entity extraction task for node_id=84d9c9f9-ff4f-4b8c-9c0e-96740a7b038c
2026-05-13 17:08:32,555 [INFO] Scheduling entity extraction task for node_id=d0dffb97-e263-46ab-82d0-55d97cc862c6
2026-05-13 17:08:32,561 [INFO] Scheduling entity extraction task for node_id=efbe0e3a-e8bf-430b-a300-4bdcf65a0c44
2026-05-13 17:08:32,567 [INFO] Scheduling entity extraction task for node_id=3cb37ff6-1190-4097-9ded-a9a85c59b19e
2026-05-13 17:08:32,636 [INFO] Scheduling entity extraction task for node_id=f4de506f-1df6-4d2f-9a1d-e8b526813830
2026-05-13 17:08:32,645 [INFO] Scheduling entity extraction task for node_id=b91b61e7-2c74-4ccf-ac72-fe46e11ec539
2026-05-13 17:08:32,656 [INFO] Scheduling entity extraction task for node_id=0adce062-6c3d-49b6-b0b0-81c4bac1aece
2026-05-13 17:08:32,664 [INFO] Scheduling entity extraction task for node_id=f7cd88d6-6188-4c3b-bc6f-0f268985f2c9
2026-05-13 17:08:32,672 [INFO] Scheduling entity extraction task for node_id=51718d9a-2ca2-4e74-9a95-08cafa470cd9
2026-05-13 17:08:32,679 [INFO] Scheduling entity extraction task for node_id=a5923bfb-30cd-4989-bad1-5bedb616019b
2026-05-13 17:08:32,687 [INFO] Scheduling entity extraction task for node_id=6044720f-4ed7-498f-896c-e124ba6dc395
2026-05-13 17:08:32,694 [INFO] Scheduling entity extraction task for node_id=1b1c89e6-7a71-46b4-b19a-69e08b181f56
2026-05-13 17:08:32,702 [INFO] Scheduling entity extraction task for node_id=7e2d299b-5697-490e-9d16-e629ee4f81ed
2026-05-13 17:08:32,708 [INFO] Scheduling entity extraction task for node_id=b7e5aa3a-1c0f-419d-a8e2-ab00eeb00555
2026-05-13 17:08:32,715 [INFO] Scheduling entity extraction task for node_id=d13c8d36-eaf1-43dc-b534-b272691dee3f
2026-05-13 17:08:32,723 [INFO] Scheduling entity extraction task for node_id=31848bc4-fb77-4f5e-9ec6-3b9b65288073
2026-05-13 17:08:32,732 [INFO] Scheduling entity extraction task for node_id=9caf5f1e-793c-4604-8817-da8f44bbb094
2026-05-13 17:08:32,738 [INFO] Scheduling entity extraction task for node_id=735ded36-03f3-48f3-9c37-f25e0491df80
2026-05-13 17:08:32,743 [INFO] Scheduling entity extraction task for node_id=77e64747-4567-4182-97d3-98f7584e4382
2026-05-13 17:08:32,805 [INFO] Scheduling entity extraction task for node_id=39d9474b-672c-44c8-995f-a6d05707f759
2026-05-13 17:08:32,816 [INFO] Scheduling entity extraction task for node_id=3462f1e4-20c4-497c-adf4-972e74d1c74f
2026-05-13 17:08:32,824 [INFO] Scheduling entity extraction task for node_id=4bb3f9fc-dc08-435e-ac78-bbc4aea825a2
2026-05-13 17:08:32,832 [INFO] Scheduling entity extraction task for node_id=41c50e1e-01f3-49a7-a9f7-6d6dace09bd0
2026-05-13 17:08:32,892 [INFO] Scheduling entity extraction task for node_id=ec335aa5-c723-49d6-aa2c-d26a5b84ca78
2026-05-13 17:08:32,900 [INFO] Scheduling entity extraction task for node_id=8d57df4b-bab9-44c6-8e09-165e4acde882
2026-05-13 17:08:32,976 [INFO] Scheduling entity extraction task for node_id=b918bcb7-2842-4b19-a714-ff48a3d9b526
2026-05-13 17:08:32,989 [INFO] Scheduling entity extraction task for node_id=bff4137f-d69d-45ae-8028-fe4215130b98
2026-05-13 17:08:32,997 [INFO] Scheduling entity extraction task for node_id=3ac0df9d-4f87-482a-add4-c9bd5f4c997c
2026-05-13 17:08:33,005 [INFO] Scheduling entity extraction task for node_id=186469be-d31b-4eb3-bfb3-a8baffec338d
2026-05-13 17:08:33,015 [INFO] Scheduling entity extraction task for node_id=35dae606-1f4e-4213-8bdf-2e4ae9d5e55d
2026-05-13 17:08:33,024 [INFO] Scheduling entity extraction task for node_id=d14bec5e-c7e4-415f-a78a-88d5a5bb153f
2026-05-13 17:08:33,034 [INFO] Scheduling entity extraction task for node_id=b59c82c2-6a69-4733-82a5-cbea86562a74
2026-05-13 17:08:33,042 [INFO] Scheduling entity extraction task for node_id=c9b13d02-7c13-4883-96b7-0d5ff3e63dad
2026-05-13 17:08:33,047 [INFO] Scheduling entity extraction task for node_id=4366ba15-51e9-4954-a1ae-c9270b05be9f
2026-05-13 17:08:33,054 [INFO] Scheduling entity extraction task for node_id=51982b2f-1458-4e36-b8c0-e579d8a283f3
2026-05-13 17:08:33,060 [INFO] Scheduling entity extraction task for node_id=805bbd3b-bc3d-4b49-9854-dab3e85d42bd
2026-05-13 17:08:33,067 [INFO] Scheduling entity extraction task for node_id=7f0e4ff5-8b54-4782-aa0b-cd9c5a56ece4
2026-05-13 17:08:33,072 [INFO] Scheduling entity extraction task for node_id=115622b6-7ae6-426a-99eb-5288d771f03a
2026-05-13 17:08:33,079 [INFO] Scheduling entity extraction task for node_id=9e132dd0-876f-4c01-bf82-88612db1bcc2
2026-05-13 17:08:33,085 [INFO] Scheduling entity extraction task for node_id=24a347f3-4bab-4c47-9f01-5bba45887586
2026-05-13 17:08:33,093 [INFO] Scheduling entity extraction task for node_id=7144811d-58bc-4754-9cc9-46dddc64e0a7
2026-05-13 17:08:33,100 [INFO] Scheduling entity extraction task for node_id=9251934e-cd98-4e8e-82bd-b81f9132b949
2026-05-13 17:08:33,108 [INFO] Scheduling entity extraction task for node_id=32ff91e8-160f-45f1-9176-cdd602657463
2026-05-13 17:08:33,113 [INFO] Scheduling entity extraction task for node_id=52827e6f-9d65-4c20-9840-92d98b52a710
2026-05-13 17:08:33,119 [INFO] Scheduling entity extraction task for node_id=efb52bbf-a159-4d5e-93cc-15002788b116
2026-05-13 17:08:33,126 [INFO] Scheduling entity extraction task for node_id=3b9a1e72-1792-472c-be46-77ed732ce73c
2026-05-13 17:08:33,187 [INFO] Scheduling entity extraction task for node_id=fa318c19-fede-4dbd-ba13-6c7ee6d74881
2026-05-13 17:08:33,194 [INFO] Scheduling entity extraction task for node_id=f39a0fa4-4cf0-4878-bd6f-48684e24d987
2026-05-13 17:08:33,199 [INFO] Scheduling entity extraction task for node_id=9178124b-60d2-475c-bfa4-2f54c7c0b830
2026-05-13 17:08:33,208 [INFO] Scheduling entity extraction task for node_id=54ecc726-8a11-4280-b338-1ce8cabd381c
2026-05-13 17:08:33,215 [INFO] Scheduling entity extraction task for node_id=7021b171-6097-4083-a88d-13020224c049
2026-05-13 17:08:33,223 [INFO] Scheduling entity extraction task for node_id=99d39edd-7f4f-4bec-bb31-c22d282f19c8
2026-05-13 17:08:33,231 [INFO] Scheduling entity extraction task for node_id=1b6dfdbe-b7af-4818-a79f-aff4c2418e57
2026-05-13 17:08:33,238 [INFO] Scheduling entity extraction task for node_id=2a4ae321-c136-48ef-9b11-322dcc8f802a
2026-05-13 17:08:33,245 [INFO] Scheduling entity extraction task for node_id=8724f981-03cd-48b2-b14c-10973b418496
2026-05-13 17:08:33,251 [INFO] Scheduling entity extraction task for node_id=01c0ba99-a1e4-400e-9893-f9f1132e2ab1
2026-05-13 17:08:33,259 [INFO] Scheduling entity extraction task for node_id=202960d1-c209-49c0-9691-dea0b3c5fbfb
2026-05-13 17:08:33,266 [INFO] Scheduling entity extraction task for node_id=c82b84a2-a95b-404f-af5e-c832ff792faf
2026-05-13 17:08:33,273 [INFO] Scheduling entity extraction task for node_id=3268e273-710e-4347-841a-ffa87cf4dd88
2026-05-13 17:08:33,279 [INFO] Scheduling entity extraction task for node_id=06211ad4-c77f-4bab-9738-6c73f28498f4
2026-05-13 17:08:33,286 [INFO] Scheduling entity extraction task for node_id=3abf8c57-07e6-477d-aaa5-e43853515976
2026-05-13 17:08:33,291 [INFO] Scheduling entity extraction task for node_id=3febc243-7c6f-47fc-9cc1-2e01c32b6c2a
2026-05-13 17:08:33,296 [INFO] Scheduling entity extraction task for node_id=19342eee-9ac6-43a7-a3b5-aabb7b0836c4
2026-05-13 17:08:33,302 [INFO] Scheduling entity extraction task for node_id=9d986699-488b-4c27-ba7c-e05b320808c6
2026-05-13 17:08:33,310 [INFO] Scheduling entity extraction task for node_id=ccd55a7e-96e0-4b91-ac0d-60e7315097dc
2026-05-13 17:08:33,315 [INFO] Scheduling entity extraction task for node_id=32308fad-46c3-441f-b120-87ed352db533
2026-05-13 17:08:33,321 [INFO] Scheduling entity extraction task for node_id=521a879e-55aa-4676-9f01-323a64525461
2026-05-13 17:08:33,328 [INFO] Scheduling entity extraction task for node_id=f668b77f-dba2-4aa0-9501-843a0837f5f4
2026-05-13 17:08:33,334 [INFO] Scheduling entity extraction task for node_id=e5d4cd91-6b57-4d72-b64b-2bc9aebe84dd
2026-05-13 17:08:33,340 [INFO] Scheduling entity extraction task for node_id=85712c49-56ab-45da-b77c-f38e45662c76
2026-05-13 17:08:33,348 [INFO] Scheduling entity extraction task for node_id=bf101d46-c9e3-4f7a-ba3c-ad403c68bf4c
2026-05-13 17:08:33,356 [INFO] Scheduling entity extraction task for node_id=3b997fed-0ab3-4be0-bac3-8fc5737120ca
2026-05-13 17:08:33,363 [INFO] Scheduling entity extraction task for node_id=be6044f7-5e84-420b-81a8-5502ecce184b
2026-05-13 17:08:33,369 [INFO] Scheduling entity extraction task for node_id=edeaf810-2a26-41ef-90dc-ab6f0fb9468b
2026-05-13 17:08:33,375 [INFO] Scheduling entity extraction task for node_id=918e05d6-cd32-4324-996e-d0783ef2be16
2026-05-13 17:08:33,383 [INFO] Scheduling entity extraction task for node_id=6ccc069f-2535-407c-8466-0c267905b57d
2026-05-13 17:08:33,390 [INFO] Scheduling entity extraction task for node_id=8a5b3130-956c-44c3-b303-e45172932dd0
2026-05-13 17:08:33,398 [INFO] Scheduling entity extraction task for node_id=8523bb4d-b33d-46c3-a005-ab09b4f33ec6
2026-05-13 17:08:33,455 [INFO] Scheduling entity extraction task for node_id=9fd406ec-4694-4649-971d-3df21d110d4e
2026-05-13 17:08:33,514 [INFO] Scheduling entity extraction task for node_id=e458e9a1-05b7-48ab-a30f-46064d51b723
2026-05-13 17:08:33,521 [INFO] Scheduling entity extraction task for node_id=f5c84bdd-d2a8-4a2f-87b7-8049da658e59
2026-05-13 17:08:33,528 [INFO] Scheduling entity extraction task for node_id=02c26e63-2dd5-4b45-b6e7-5da1fc17f20b
2026-05-13 17:08:33,539 [INFO] Scheduling entity extraction task for node_id=6d50c9b5-ed88-4795-933d-21bcab87091b
2026-05-13 17:08:33,546 [INFO] Scheduling entity extraction task for node_id=b7cd1021-1cb6-4c5c-b9c9-2cb46d5478d5
2026-05-13 17:08:33,603 [INFO] Scheduling entity extraction task for node_id=63be5a64-d597-4790-967d-76981a722b30
2026-05-13 17:08:33,611 [INFO] Scheduling entity extraction task for node_id=ceb2fe8e-7a77-442b-a1cb-4c7607a6d84d
2026-05-13 17:08:33,618 [INFO] Scheduling entity extraction task for node_id=ece75e1d-a3f0-4f31-b510-a5d130296ffa
2026-05-13 17:08:33,625 [INFO] Scheduling entity extraction task for node_id=1d181742-368e-4bdf-bee5-74996cd43093
2026-05-13 17:08:33,633 [INFO] Scheduling entity extraction task for node_id=b47591f9-53ff-48aa-90b7-9b90c376856a
2026-05-13 17:08:33,639 [INFO] Scheduling entity extraction task for node_id=d4603890-cead-4ff4-9fbd-4ab270a2941b
2026-05-13 17:08:33,646 [INFO] Scheduling entity extraction task for node_id=679cd832-122f-45c1-8576-a4d3fd879662
2026-05-13 17:08:33,652 [INFO] Scheduling entity extraction task for node_id=d074db05-54a7-42a9-9897-dbaf4f8d04f8
2026-05-13 17:08:33,660 [INFO] Scheduling entity extraction task for node_id=30215a2b-08ac-4e5e-851e-dfd508be61af
2026-05-13 17:08:33,667 [INFO] Scheduling entity extraction task for node_id=7104142b-209a-476c-ba78-b3f5f7c4eb66
2026-05-13 17:08:33,673 [INFO] Scheduling entity extraction task for node_id=1070beb2-6611-4e5b-9adc-1a94b86bdb0f
2026-05-13 17:08:33,681 [INFO] Scheduling entity extraction task for node_id=b745ca1d-fc98-4e6f-9423-9f77456971d3
2026-05-13 17:08:33,687 [INFO] Scheduling entity extraction task for node_id=8368876f-9d80-492f-996c-7549e432c3ce
2026-05-13 17:08:33,693 [INFO] Scheduling entity extraction task for node_id=66f88c46-7a59-4837-b736-1d880fafbf9a
2026-05-13 17:08:33,700 [INFO] Scheduling entity extraction task for node_id=e4bd15db-0215-4cd1-b193-cec18e63cb3b
2026-05-13 17:08:33,710 [INFO] Scheduling entity extraction task for node_id=46cbef00-07d9-4fb0-aa1e-7fe36e272442
2026-05-13 17:08:33,716 [INFO] Scheduling entity extraction task for node_id=d60dac28-c32d-41a9-bb87-c5dff20077b4
2026-05-13 17:08:33,724 [INFO] Scheduling entity extraction task for node_id=daced619-e4dd-4b6d-8c49-cb8afe6a160f
2026-05-13 17:08:33,729 [INFO] Scheduling entity extraction task for node_id=4dab4e90-b557-4398-a517-442b6a55529a
2026-05-13 17:08:33,735 [INFO] Scheduling entity extraction task for node_id=84e3c001-0763-4df5-975b-13d240666f44
2026-05-13 17:08:33,742 [INFO] Scheduling entity extraction task for node_id=97458860-8c4c-40ce-81d8-59fcbb452bc1
2026-05-13 17:08:33,750 [INFO] Scheduling entity extraction task for node_id=15fa682a-e72a-41e4-b799-5ccf17d4da0c
2026-05-13 17:08:33,757 [INFO] Scheduling entity extraction task for node_id=2406d1ac-7a0c-4578-8cd3-9a0386a5f7a0
2026-05-13 17:08:33,763 [INFO] Scheduling entity extraction task for node_id=8a399b84-b939-43d9-b0c4-6fcdbc49309f
2026-05-13 17:08:33,771 [INFO] Scheduling entity extraction task for node_id=acb3a532-b981-4fbe-ba58-00956c81e1ad
2026-05-13 17:08:33,778 [INFO] Scheduling entity extraction task for node_id=82156e9c-088d-4164-b9ce-8d2659558762
2026-05-13 17:08:33,786 [INFO] Scheduling entity extraction task for node_id=b61f9690-71be-4b4d-b73e-700b2ffd6242
2026-05-13 17:08:33,794 [INFO] Scheduling entity extraction task for node_id=2c3e6e48-5f58-490d-bf03-47f838e501b3
2026-05-13 17:08:33,799 [INFO] Scheduling entity extraction task for node_id=c3a2d78f-100f-42d6-83ec-cb52e344eb17
2026-05-13 17:08:33,858 [INFO] Scheduling entity extraction task for node_id=c9e34654-200d-4ff6-9ad0-c5dae1b11f3a
2026-05-13 17:08:33,864 [INFO] Scheduling entity extraction task for node_id=54e8d03e-2b73-43c0-a21f-bba2fde174f7
2026-05-13 17:08:33,872 [INFO] Scheduling entity extraction task for node_id=cd15283e-dfe5-4aa1-ad1a-428c75e89325
2026-05-13 17:08:33,880 [INFO] Scheduling entity extraction task for node_id=5c604889-55d6-401f-949f-4d7c2d48a51e
2026-05-13 17:08:33,888 [INFO] Scheduling entity extraction task for node_id=af60d804-9b3d-425c-b438-286aee01ee3e
2026-05-13 17:08:33,896 [INFO] Scheduling entity extraction task for node_id=8404416c-018d-41a7-872e-beaa0c500098
2026-05-13 17:08:33,903 [INFO] Scheduling entity extraction task for node_id=8406239e-8579-428e-9404-61d2c15348e5
2026-05-13 17:08:33,910 [INFO] Scheduling entity extraction task for node_id=022cfd48-3e9b-4099-a72d-dd3108a530fa
2026-05-13 17:08:33,915 [INFO] Scheduling entity extraction task for node_id=a3cee757-9c6a-490d-b9db-b121926ac6e5
2026-05-13 17:08:33,923 [INFO] Scheduling entity extraction task for node_id=363d67c6-06f1-4a08-a33e-8de91ed036c5
2026-05-13 17:08:33,929 [INFO] Scheduling entity extraction task for node_id=a5f1ecb9-6258-4687-ac0f-6aed1b749eaa
2026-05-13 17:08:33,936 [INFO] Scheduling entity extraction task for node_id=36a48618-ffa2-47bb-978d-7727bf251b14
2026-05-13 17:08:33,944 [INFO] Scheduling entity extraction task for node_id=b5c5808e-b3c5-4911-b58f-3d8bde3e0194
2026-05-13 17:08:33,949 [INFO] Scheduling entity extraction task for node_id=e85cd92c-6371-49e7-b5db-17f9af29f617
2026-05-13 17:08:33,956 [INFO] Scheduling entity extraction task for node_id=5234b222-c026-40fc-9cac-7db4dcb75c5b
2026-05-13 17:08:33,965 [INFO] Scheduling entity extraction task for node_id=e22ce5a8-681c-41a4-9218-0ae74e6f1222
2026-05-13 17:08:33,972 [INFO] Scheduling entity extraction task for node_id=9b51f1af-011e-4ded-bc57-d17ebce5af4d
2026-05-13 17:08:33,979 [INFO] Scheduling entity extraction task for node_id=5fa0e1f1-793b-42ae-aa5d-ed0716f3b8f1
2026-05-13 17:08:33,986 [INFO] Scheduling entity extraction task for node_id=32b4be05-302b-4b60-8ade-2b79b1934a2d
2026-05-13 17:08:33,992 [INFO] Scheduling entity extraction task for node_id=759cb354-6e18-4041-9d44-d490ec04d6ca
2026-05-13 17:08:33,997 [INFO] Scheduling entity extraction task for node_id=d61713d3-16bf-4735-a8a7-af7d4fe61b08
2026-05-13 17:08:34,004 [INFO] Scheduling entity extraction task for node_id=d86dc420-6114-4665-b029-54cf26b10a6f
2026-05-13 17:08:34,064 [INFO] Scheduling entity extraction task for node_id=e770216b-8e92-4177-b049-91c0f7738bbb
2026-05-13 17:08:34,121 [INFO] Scheduling entity extraction task for node_id=8edb3246-66d2-433b-9e27-b4e504020ddf
2026-05-13 17:08:34,129 [INFO] Scheduling entity extraction task for node_id=44487c69-8e23-4a98-a12e-a4948f81ef26
2026-05-13 17:08:34,136 [INFO] Scheduling entity extraction task for node_id=2cbf9a2a-b695-450f-9990-3075cc3c659b
2026-05-13 17:08:34,143 [INFO] Scheduling entity extraction task for node_id=191806fb-f971-4f24-bae5-7718f0afa4d2
2026-05-13 17:08:34,149 [INFO] Scheduling entity extraction task for node_id=3e449479-c340-4fe5-9590-b5a0e20b9268
2026-05-13 17:08:34,158 [INFO] Scheduling entity extraction task for node_id=7ee8925f-101c-455a-a4d1-c832e842a1c8
2026-05-13 17:08:34,165 [INFO] Scheduling entity extraction task for node_id=4f168611-bd9a-4755-becd-7e89b893eafa
2026-05-13 17:08:34,173 [INFO] Scheduling entity extraction task for node_id=f9d2a9a3-c8f7-4719-899c-2f37781421ff
2026-05-13 17:08:34,182 [INFO] Scheduling entity extraction task for node_id=292899d0-b5cb-46d5-bd62-9e225000f0dd
2026-05-13 17:08:34,190 [INFO] Scheduling entity extraction task for node_id=8497598a-77c7-4971-851c-7f54b58f4861
2026-05-13 17:08:34,196 [INFO] Scheduling entity extraction task for node_id=717623f5-1c7e-440c-9f3f-3d8e07f24d95
2026-05-13 17:08:34,203 [INFO] Scheduling entity extraction task for node_id=b690edfe-37d7-48b8-aa64-d102d1e496b9
2026-05-13 17:08:34,211 [INFO] Scheduling entity extraction task for node_id=9a0bdd3b-a873-4fab-a557-c1fe8f43e309
2026-05-13 17:08:34,217 [INFO] Scheduling entity extraction task for node_id=b191663f-a12b-4565-8788-ca30de0ed9ca
2026-05-13 17:08:34,223 [INFO] Scheduling entity extraction task for node_id=d4835f1a-8531-435b-941a-d451ed84a81e
2026-05-13 17:08:34,230 [INFO] Scheduling entity extraction task for node_id=635c8d32-da85-4057-b595-47cebb57eb90
2026-05-13 17:08:34,237 [INFO] Scheduling entity extraction task for node_id=be3508ab-79e8-404c-a4b1-c2c4685e1d72
2026-05-13 17:08:34,243 [INFO] Scheduling entity extraction task for node_id=cec1e4e7-e4a9-42ea-b609-530a35e2329b
2026-05-13 17:08:34,250 [INFO] Scheduling entity extraction task for node_id=b41f2227-14e3-4c64-87d6-ed2d511b8b68
2026-05-13 17:08:34,258 [INFO] Scheduling entity extraction task for node_id=46e7eca0-8bed-448e-9f9f-9bb79d983f6c
2026-05-13 17:08:34,265 [INFO] Scheduling entity extraction task for node_id=1cc3c69a-00c2-4a12-83e8-5ff75d64e43f
2026-05-13 17:08:34,272 [INFO] Scheduling entity extraction task for node_id=02395eb4-1c98-498d-93cc-879494a7a57c
2026-05-13 17:08:34,277 [INFO] Scheduling entity extraction task for node_id=ff17a5ee-c526-484f-8605-34cee8926bc5
2026-05-13 17:08:34,283 [INFO] Scheduling entity extraction task for node_id=50f6d263-50a4-4367-be3e-f16c7f61f7d5
2026-05-13 17:08:34,291 [INFO] Scheduling entity extraction task for node_id=c1b4e077-f00d-40e5-871d-363db6d84986
2026-05-13 17:08:34,296 [INFO] Scheduling entity extraction task for node_id=84f961a1-34d5-4f42-84ff-f3f60d6810d3
2026-05-13 17:08:34,302 [INFO] Scheduling entity extraction task for node_id=eb7533ff-a4bb-4b13-b829-62d6a25bc8d0
2026-05-13 17:08:34,357 [INFO] Scheduling entity extraction task for node_id=1ad087e5-8fa8-41dd-ae92-b23e440d3f97
2026-05-13 17:08:34,364 [INFO] Scheduling entity extraction task for node_id=56e3d20d-cf43-4028-b1d4-c3e9b7c589f5
2026-05-13 17:08:34,372 [INFO] Scheduling entity extraction task for node_id=72409d88-b1ed-472d-8c9c-c03322cedbfe
2026-05-13 17:08:34,381 [INFO] Scheduling entity extraction task for node_id=c917a064-1b56-49d9-a410-7bb41495183b
2026-05-13 17:08:34,438 [INFO] Scheduling entity extraction task for node_id=5da75354-d800-43e4-b886-f30c1f8832be
2026-05-13 17:08:34,446 [INFO] Scheduling entity extraction task for node_id=c0ab7c18-50a3-418c-a6a3-0644fd04f725
2026-05-13 17:08:34,454 [INFO] Scheduling entity extraction task for node_id=cc8b4b5d-3c69-49ad-8b26-619f8e476984
2026-05-13 17:08:34,462 [INFO] Scheduling entity extraction task for node_id=4368760d-e157-47de-91b3-1b088c9b8aed
2026-05-13 17:08:34,472 [INFO] Scheduling entity extraction task for node_id=d4420bcb-1807-4af1-906e-60012d46becb
2026-05-13 17:08:34,478 [INFO] Scheduling entity extraction task for node_id=5865cfee-7e4c-4ac2-bdc6-3f2411a12de4
2026-05-13 17:08:34,535 [INFO] Scheduling entity extraction task for node_id=30cfd61b-c79b-4467-aab2-1676cd98a74f
2026-05-13 17:08:34,543 [INFO] Scheduling entity extraction task for node_id=367b6cd6-2c77-471b-b152-36a3ce64861a
2026-05-13 17:08:34,551 [INFO] Scheduling entity extraction task for node_id=c327873d-e332-4433-9b7b-d00a9a6bdbef
2026-05-13 17:08:34,563 [INFO] Scheduling entity extraction task for node_id=68b9832d-d55f-406f-a412-a52dbff4f325
2026-05-13 17:08:34,571 [INFO] Scheduling entity extraction task for node_id=c1b3b3f6-e1fc-4b2f-a2c0-397bd6782a56
2026-05-13 17:08:34,577 [INFO] Scheduling entity extraction task for node_id=5a1d7c14-8850-4ceb-b488-9cefc3df455b
2026-05-13 17:08:34,584 [INFO] Scheduling entity extraction task for node_id=211c5f20-f354-4acf-b4e6-016bf5d7c72c
2026-05-13 17:08:34,592 [INFO] Scheduling entity extraction task for node_id=4ec13f6f-0e3d-45f1-88c5-74fa3a9cb8c0
2026-05-13 17:08:34,599 [INFO] Scheduling entity extraction task for node_id=28ad2d1e-f2fa-4d7a-97f4-475188a1eb3c
2026-05-13 17:08:34,606 [INFO] Scheduling entity extraction task for node_id=04803ef5-af43-4ce3-902c-82a324140854
2026-05-13 17:08:34,614 [INFO] Scheduling entity extraction task for node_id=2bafd94d-e0af-4554-ad8b-07d5201b5a8e
2026-05-13 17:08:34,623 [INFO] Scheduling entity extraction task for node_id=39926ad5-b7b3-4471-a234-4a70eab6386e
2026-05-13 17:08:34,629 [INFO] Scheduling entity extraction task for node_id=b53a8bf8-e85b-479b-af86-915be645747e
2026-05-13 17:08:34,637 [INFO] Scheduling entity extraction task for node_id=889898b0-50f9-4bf6-a1c0-c5c3dd97b794
2026-05-13 17:08:34,711 [INFO] Scheduling entity extraction task for node_id=90f98751-3c52-4356-8582-5a1e2a07a2c6
2026-05-13 17:08:34,719 [INFO] Scheduling entity extraction task for node_id=1b5fc488-7130-4db6-ab8f-6397ce31e579
2026-05-13 17:08:34,729 [INFO] Scheduling entity extraction task for node_id=e1c58352-a30c-4346-887c-cf21bdbce3a0
2026-05-13 17:08:34,739 [INFO] Scheduling entity extraction task for node_id=7d7f919f-06b5-4c55-9b9f-2c1a33332236
2026-05-13 17:08:34,750 [INFO] Scheduling entity extraction task for node_id=b9d089d2-6732-4b91-8608-a3c8d68d4586
2026-05-13 17:08:34,756 [INFO] Scheduling entity extraction task for node_id=a1ac4bec-0386-43a8-981a-f9e08e14723b
2026-05-13 17:08:34,766 [INFO] Scheduling entity extraction task for node_id=b44a1f1b-a54b-4b60-9a7b-4026dfd603e9
2026-05-13 17:08:34,771 [INFO] Scheduling entity extraction task for node_id=aa7834f8-dda7-4d04-b215-932fcc09772d
2026-05-13 17:08:34,780 [INFO] Scheduling entity extraction task for node_id=83d6e50c-2842-433f-9c5c-a71ecd163259
2026-05-13 17:08:34,786 [INFO] Scheduling entity extraction task for node_id=932fe11f-defa-424e-bbd3-9427960b9be3
2026-05-13 17:08:34,792 [INFO] Scheduling entity extraction task for node_id=0954dcaa-a7c6-4c80-95f8-858c53cde899
2026-05-13 17:08:34,799 [INFO] Scheduling entity extraction task for node_id=296ef649-4021-45d5-af35-8a6ccdb579ba
2026-05-13 17:08:34,805 [INFO] Scheduling entity extraction task for node_id=847f2d6d-52a5-4a4c-a44b-51d8a6ed05cd
2026-05-13 17:08:34,812 [INFO] Scheduling entity extraction task for node_id=ed51a001-4920-447b-bf7c-547dfd10a291
2026-05-13 17:08:34,818 [INFO] Scheduling entity extraction task for node_id=88c388da-4dd4-484a-a6af-c22921016a78
2026-05-13 17:08:34,826 [INFO] Scheduling entity extraction task for node_id=8ca88c19-28bf-4ede-bf74-1d772868d249
2026-05-13 17:08:34,833 [INFO] Scheduling entity extraction task for node_id=f7782fcd-fedc-470d-adec-6d40e82c6387
2026-05-13 17:08:34,839 [INFO] Scheduling entity extraction task for node_id=280cf0bd-9a77-4bb7-838d-2568a4433161
2026-05-13 17:08:34,845 [INFO] Scheduling entity extraction task for node_id=8182e2f6-b55f-4fcf-8b5b-1a5d93168b19
2026-05-13 17:08:34,853 [INFO] Scheduling entity extraction task for node_id=7860c709-8fc5-4d39-b139-df18d5904592
2026-05-13 17:08:34,860 [INFO] Scheduling entity extraction task for node_id=a5332e3e-5289-43b9-b8ef-2b0df8698176
2026-05-13 17:08:34,868 [INFO] Scheduling entity extraction task for node_id=2ac177f9-90f8-40fd-ad59-b6ada60bb519
2026-05-13 17:08:34,876 [INFO] Scheduling entity extraction task for node_id=15d63713-13c1-4851-8a3e-254598ad83f5
2026-05-13 17:08:34,883 [INFO] Scheduling entity extraction task for node_id=e24c87d1-a760-4b18-bf36-29dc595c6803
2026-05-13 17:08:34,889 [INFO] Scheduling entity extraction task for node_id=c881a855-1fd7-4cc6-bbe6-15d09d16a150
2026-05-13 17:08:34,894 [INFO] Scheduling entity extraction task for node_id=c43b953f-50fe-4d1c-ad92-0459c9f5d4e7
2026-05-13 17:08:34,906 [INFO] Huey consumer started with 1 thread, PID 142830 at 2026-05-13 13:38:34.906426
2026-05-13 17:08:34,906 [INFO] Scheduler runs every 1 second(s).
2026-05-13 17:08:34,906 [INFO] Periodic tasks are enabled.
2026-05-13 17:08:34,906 [INFO] The following commands are available:
+ tasks.info_extraction.call_entity_extraction
+ tasks.info_extraction.extract_relation
2026-05-13 17:08:35,077 [INFO] Executing tasks.info_extraction.call_entity_extraction: 7c11e048-aaab-4a36-9ff6-88aaf2201173 3 retries
2026-05-13 17:08:35,077 [INFO] Starting entity extraction for node_id=88eb8056-30b0-4204-9ec4-75b0bd74e170
2026-05-13 17:08:39,383 [INFO] Entity extraction finished for node_id=88eb8056-30b0-4204-9ec4-75b0bd74e170 in 4.31s
2026-05-13 17:08:39,383 [ERROR] Entity extraction failed for node_id=88eb8056-30b0-4204-9ec4-75b0bd74e170: Can't pickle StringSignature(text, context_hierarchy -> reasoning, alright, entities, passage_type
    instructions='Extract clinical entities from a DSM-5 text passage.\n\n\nYou are an expert in mental disorder diagnosis (DSM-5). Identify all entities relevant to\nbuilding a knowledge graph of disorders. Use your domain knowledge to recognize:\n\nFirst, classify the passage into one of these types (lowercase):\n- diagnostic_criteria: Lists criteria, durations, specifiers (e.g., "Criterion A", "6 months duration")\n- case_study_narrative: Story-like, patient actions, symptoms, history, no explicit diagnosis mapping\n- case_study_evaluation: Clinician\'s analysis linking patient to criteria, differential diagnosis\n- fine_print: Bulleted lists like "The D\'s", coding notes, subtypes\n- definitional: "Essential features", conceptual descriptions without criteria letters\n- other: If unclear\nEntity types must be **lowercase** and from this flexible set (but you can add more if needed):\ndisorder, symptom, criterion, specifier, patient, concept, duration, code, section_title, example_label.\n- Disorder names (e.g., "Illness Anxiety Disorder", "IAD", "somatic symptom disorder")\n- Symptoms and signs (e.g., "high anxiety", "low threshold for alarm", "palpitations")\n- Diagnostic criteria (e.g., "criterion A", "criterion D", "duration 6+ months")\n- Specifiers and subtypes (e.g., "care-seeking type", "care-avoidant type")\n- Patient names (only in case studies, e.g., "Julian Fenster")\n- Medical concepts (e.g., "health anxiety", "reassurance seeking", "avoidance")\n- Temporal expressions (e.g., "6 months", "past month")\n- ICF codes (e.g., "F45.21")\n\nOutput a list of entities, each with:\n- \'name\': the exact text span (string)\n- \'type\': lowercase string (e.g., "disorder", "symptom", "criterion")'
    text = Field(annotation=str required=True json_schema_extra={'desc': 'DSM-5 text paragraph or list item', '__dspy_field_type': 'input', 'prefix': 'Text:'})
    context_hierarchy = Field(annotation=str required=True json_schema_extra={'desc': "Optional: section title, e.g., 'Fine Print - The D's'", '__dspy_field_type': 'input', 'prefix': 'Context Hierarchy:'})
    reasoning = Field(annotation=str required=True json_schema_extra={'desc': '${reasoning}', '__dspy_field_type': 'output', 'prefix': 'Reasoning:'})
    alright = Field(annotation=bool required=True json_schema_extra={'desc': 'it is possible that an input is meaningless, in this case this should be False, o.w. True.', '__dspy_field_type': 'output', 'prefix': 'Alright:'})
    entities = Field(annotation=list[dict] required=True json_schema_extra={'desc': 'List of entities with name, type, start_char, end_char', '__dspy_field_type': 'output', 'prefix': 'Entities:'})
    passage_type = Field(annotation=str required=True json_schema_extra={'desc': 'the type of the given passage.', '__dspy_field_type': 'output', 'prefix': 'Passage Type:'})
): attribute lookup StringSignature on dspy.signatures.signature failed
2026-05-13 17:08:39,384 [INFO] tasks.info_extraction.call_entity_extraction: 7c11e048-aaab-4a36-9ff6-88aaf2201173 3 retries executed in 4.306s
2026-05-13 17:08:39,454 [INFO] Executing tasks.info_extraction.call_entity_extraction: 15dd759c-ca88-4063-8b6b-a4dc024b7802 3 retries
2026-05-13 17:08:39,454 [INFO] Starting entity extraction for node_id=31e10ee3-d2a9-4ab1-ae80-9589f1e33b7c
2026-05-13 17:08:41,078 [INFO] Entity extraction finished for node_id=31e10ee3-d2a9-4ab1-ae80-9589f1e33b7c in 1.62s
2026-05-13 17:08:41,078 [ERROR] Entity extraction failed for node_id=31e10ee3-d2a9-4ab1-ae80-9589f1e33b7c: Can't pickle StringSignature(text, context_hierarchy -> reasoning, alright, entities, passage_type
    instructions='Extract clinical entities from a DSM-5 text passage.\n\n\nYou are an expert in mental disorder diagnosis (DSM-5). Identify all entities relevant to\nbuilding a knowledge graph of disorders. Use your domain knowledge to recognize:\n\nFirst, classify the passage into one of these types (lowercase):\n- diagnostic_criteria: Lists criteria, durations, specifiers (e.g., "Criterion A", "6 months duration")\n- case_study_narrative: Story-like, patient actions, symptoms, history, no explicit diagnosis mapping\n- case_study_evaluation: Clinician\'s analysis linking patient to criteria, differential diagnosis\n- fine_print: Bulleted lists like "The D\'s", coding notes, subtypes\n- definitional: "Essential features", conceptual descriptions without criteria letters\n- other: If unclear\nEntity types must be **lowercase** and from this flexible set (but you can add more if needed):\ndisorder, symptom, criterion, specifier, patient, concept, duration, code, section_title, example_label.\n- Disorder names (e.g., "Illness Anxiety Disorder", "IAD", "somatic symptom disorder")\n- Symptoms and signs (e.g., "high anxiety", "low threshold for alarm", "palpitations")\n- Diagnostic criteria (e.g., "criterion A", "criterion D", "duration 6+ months")\n- Specifiers and subtypes (e.g., "care-seeking type", "care-avoidant type")\n- Patient names (only in case studies, e.g., "Julian Fenster")\n- Medical concepts (e.g., "health anxiety", "reassurance seeking", "avoidance")\n- Temporal expressions (e.g., "6 months", "past month")\n- ICF codes (e.g., "F45.21")\n\nOutput a list of entities, each with:\n- \'name\': the exact text span (string)\n- \'type\': lowercase string (e.g., "disorder", "symptom", "criterion")'
    text = Field(annotation=str required=True json_schema_extra={'desc': 'DSM-5 text paragraph or list item', '__dspy_field_type': 'input', 'prefix': 'Text:'})
    context_hierarchy = Field(annotation=str required=True json_schema_extra={'desc': "Optional: section title, e.g., 'Fine Print - The D's'", '__dspy_field_type': 'input', 'prefix': 'Context Hierarchy:'})
    reasoning = Field(annotation=str required=True json_schema_extra={'desc': '${reasoning}', '__dspy_field_type': 'output', 'prefix': 'Reasoning:'})
    alright = Field(annotation=bool required=True json_schema_extra={'desc': 'it is possible that an input is meaningless, in this case this should be False, o.w. True.', '__dspy_field_type': 'output', 'prefix': 'Alright:'})
    entities = Field(annotation=list[dict] required=True json_schema_extra={'desc': 'List of entities with name, type, start_char, end_char', '__dspy_field_type': 'output', 'prefix': 'Entities:'})
    passage_type = Field(annotation=str required=True json_schema_extra={'desc': 'the type of the given passage.', '__dspy_field_type': 'output', 'prefix': 'Passage Type:'})
): attribute lookup StringSignature on dspy.signatures.signature failed
2026-05-13 17:08:41,078 [INFO] tasks.info_extraction.call_entity_extraction: 15dd759c-ca88-4063-8b6b-a4dc024b7802 3 retries executed in 1.624s
2026-05-13 17:08:41,327 [INFO] Executing tasks.info_extraction.call_entity_extraction: ddcc2c6e-94a4-4875-9ce1-cb02c7ebaeea 3 retries
2026-05-13 17:08:41,328 [INFO] Starting entity extraction for node_id=525ad310-f094-4a70-82cf-f9a58366e787
2026-05-13 17:08:43,841 [INFO] Entity extraction finished for node_id=525ad310-f094-4a70-82cf-f9a58366e787 in 2.51s
2026-05-13 17:08:43,843 [ERROR] Entity extraction failed for node_id=525ad310-f094-4a70-82cf-f9a58366e787: Can't pickle StringSignature(text, context_hierarchy -> reasoning, alright, entities, passage_type
    instructions='Extract clinical entities from a DSM-5 text passage.\n\n\nYou are an expert in mental disorder diagnosis (DSM-5). Identify all entities relevant to\nbuilding a knowledge graph of disorders. Use your domain knowledge to recognize:\n\nFirst, classify the passage into one of these types (lowercase):\n- diagnostic_criteria: Lists criteria, durations, specifiers (e.g., "Criterion A", "6 months duration")\n- case_study_narrative: Story-like, patient actions, symptoms, history, no explicit diagnosis mapping\n- case_study_evaluation: Clinician\'s analysis linking patient to criteria, differential diagnosis\n- fine_print: Bulleted lists like "The D\'s", coding notes, subtypes\n- definitional: "Essential features", conceptual descriptions without criteria letters\n- other: If unclear\nEntity types must be **lowercase** and from this flexible set (but you can add more if needed):\ndisorder, symptom, criterion, specifier, patient, concept, duration, code, section_title, example_label.\n- Disorder names (e.g., "Illness Anxiety Disorder", "IAD", "somatic symptom disorder")\n- Symptoms and signs (e.g., "high anxiety", "low threshold for alarm", "palpitations")\n- Diagnostic criteria (e.g., "criterion A", "criterion D", "duration 6+ months")\n- Specifiers and subtypes (e.g., "care-seeking type", "care-avoidant type")\n- Patient names (only in case studies, e.g., "Julian Fenster")\n- Medical concepts (e.g., "health anxiety", "reassurance seeking", "avoidance")\n- Temporal expressions (e.g., "6 months", "past month")\n- ICF codes (e.g., "F45.21")\n\nOutput a list of entities, each with:\n- \'name\': the exact text span (string)\n- \'type\': lowercase string (e.g., "disorder", "symptom", "criterion")'
    text = Field(annotation=str required=True json_schema_extra={'desc': 'DSM-5 text paragraph or list item', '__dspy_field_type': 'input', 'prefix': 'Text:'})
    context_hierarchy = Field(annotation=str required=True json_schema_extra={'desc': "Optional: section title, e.g., 'Fine Print - The D's'", '__dspy_field_type': 'input', 'prefix': 'Context Hierarchy:'})
    reasoning = Field(annotation=str required=True json_schema_extra={'desc': '${reasoning}', '__dspy_field_type': 'output', 'prefix': 'Reasoning:'})
    alright = Field(annotation=bool required=True json_schema_extra={'desc': 'it is possible that an input is meaningless, in this case this should be False, o.w. True.', '__dspy_field_type': 'output', 'prefix': 'Alright:'})
    entities = Field(annotation=list[dict] required=True json_schema_extra={'desc': 'List of entities with name, type, start_char, end_char', '__dspy_field_type': 'output', 'prefix': 'Entities:'})
    passage_type = Field(annotation=str required=True json_schema_extra={'desc': 'the type of the given passage.', '__dspy_field_type': 'output', 'prefix': 'Passage Type:'})
): attribute lookup StringSignature on dspy.signatures.signature failed
2026-05-13 17:08:43,843 [INFO] tasks.info_extraction.call_entity_extraction: ddcc2c6e-94a4-4875-9ce1-cb02c7ebaeea 3 retries executed in 2.515s
2026-05-13 17:08:43,922 [INFO] Executing tasks.info_extraction.call_entity_extraction: 47248445-f401-4748-a1fd-2d88175f1700 3 retries
2026-05-13 17:08:43,923 [INFO] Starting entity extraction for node_id=1fc8579f-506f-4133-afae-fc064bd57616
2026-05-13 17:08:46,826 [INFO] Entity extraction finished for node_id=1fc8579f-506f-4133-afae-fc064bd57616 in 2.90s
2026-05-13 17:08:46,827 [ERROR] Entity extraction failed for node_id=1fc8579f-506f-4133-afae-fc064bd57616: Can't pickle StringSignature(text, context_hierarchy -> reasoning, alright, entities, passage_type
    instructions='Extract clinical entities from a DSM-5 text passage.\n\n\nYou are an expert in mental disorder diagnosis (DSM-5). Identify all entities relevant to\nbuilding a knowledge graph of disorders. Use your domain knowledge to recognize:\n\nFirst, classify the passage into one of these types (lowercase):\n- diagnostic_criteria: Lists criteria, durations, specifiers (e.g., "Criterion A", "6 months duration")\n- case_study_narrative: Story-like, patient actions, symptoms, history, no explicit diagnosis mapping\n- case_study_evaluation: Clinician\'s analysis linking patient to criteria, differential diagnosis\n- fine_print: Bulleted lists like "The D\'s", coding notes, subtypes\n- definitional: "Essential features", conceptual descriptions without criteria letters\n- other: If unclear\nEntity types must be **lowercase** and from this flexible set (but you can add more if needed):\ndisorder, symptom, criterion, specifier, patient, concept, duration, code, section_title, example_label.\n- Disorder names (e.g., "Illness Anxiety Disorder", "IAD", "somatic symptom disorder")\n- Symptoms and signs (e.g., "high anxiety", "low threshold for alarm", "palpitations")\n- Diagnostic criteria (e.g., "criterion A", "criterion D", "duration 6+ months")\n- Specifiers and subtypes (e.g., "care-seeking type", "care-avoidant type")\n- Patient names (only in case studies, e.g., "Julian Fenster")\n- Medical concepts (e.g., "health anxiety", "reassurance seeking", "avoidance")\n- Temporal expressions (e.g., "6 months", "past month")\n- ICF codes (e.g., "F45.21")\n\nOutput a list of entities, each with:\n- \'name\': the exact text span (string)\n- \'type\': lowercase string (e.g., "disorder", "symptom", "criterion")'
    text = Field(annotation=str required=True json_schema_extra={'desc': 'DSM-5 text paragraph or list item', '__dspy_field_type': 'input', 'prefix': 'Text:'})
    context_hierarchy = Field(annotation=str required=True json_schema_extra={'desc': "Optional: section title, e.g., 'Fine Print - The D's'", '__dspy_field_type': 'input', 'prefix': 'Context Hierarchy:'})
    reasoning = Field(annotation=str required=True json_schema_extra={'desc': '${reasoning}', '__dspy_field_type': 'output', 'prefix': 'Reasoning:'})
    alright = Field(annotation=bool required=True json_schema_extra={'desc': 'it is possible that an input is meaningless, in this case this should be False, o.w. True.', '__dspy_field_type': 'output', 'prefix': 'Alright:'})
    entities = Field(annotation=list[dict] required=True json_schema_extra={'desc': 'List of entities with name, type, start_char, end_char', '__dspy_field_type': 'output', 'prefix': 'Entities:'})
    passage_type = Field(annotation=str required=True json_schema_extra={'desc': 'the type of the given passage.', '__dspy_field_type': 'output', 'prefix': 'Passage Type:'})
): attribute lookup StringSignature on dspy.signatures.signature failed
2026-05-13 17:08:46,828 [INFO] tasks.info_extraction.call_entity_extraction: 47248445-f401-4748-a1fd-2d88175f1700 3 retries executed in 2.905s
2026-05-13 17:08:46,932 [INFO] Executing tasks.info_extraction.call_entity_extraction: 958f9b54-5dc8-4a28-9278-57446bbfcf0b 3 retries
2026-05-13 17:08:46,932 [INFO] Starting entity extraction for node_id=1f09c4d1-3160-48f3-bd0a-27db29506170
2026-05-13 17:08:49,921 [INFO] Entity extraction finished for node_id=1f09c4d1-3160-48f3-bd0a-27db29506170 in 2.99s
2026-05-13 17:08:49,922 [ERROR] Entity extraction failed for node_id=1f09c4d1-3160-48f3-bd0a-27db29506170: Can't pickle StringSignature(text, context_hierarchy -> reasoning, alright, entities, passage_type
    instructions='Extract clinical entities from a DSM-5 text passage.\n\n\nYou are an expert in mental disorder diagnosis (DSM-5). Identify all entities relevant to\nbuilding a knowledge graph of disorders. Use your domain knowledge to recognize:\n\nFirst, classify the passage into one of these types (lowercase):\n- diagnostic_criteria: Lists criteria, durations, specifiers (e.g., "Criterion A", "6 months duration")\n- case_study_narrative: Story-like, patient actions, symptoms, history, no explicit diagnosis mapping\n- case_study_evaluation: Clinician\'s analysis linking patient to criteria, differential diagnosis\n- fine_print: Bulleted lists like "The D\'s", coding notes, subtypes\n- definitional: "Essential features", conceptual descriptions without criteria letters\n- other: If unclear\nEntity types must be **lowercase** and from this flexible set (but you can add more if needed):\ndisorder, symptom, criterion, specifier, patient, concept, duration, code, section_title, example_label.\n- Disorder names (e.g., "Illness Anxiety Disorder", "IAD", "somatic symptom disorder")\n- Symptoms and signs (e.g., "high anxiety", "low threshold for alarm", "palpitations")\n- Diagnostic criteria (e.g., "criterion A", "criterion D", "duration 6+ months")\n- Specifiers and subtypes (e.g., "care-seeking type", "care-avoidant type")\n- Patient names (only in case studies, e.g., "Julian Fenster")\n- Medical concepts (e.g., "health anxiety", "reassurance seeking", "avoidance")\n- Temporal expressions (e.g., "6 months", "past month")\n- ICF codes (e.g., "F45.21")\n\nOutput a list of entities, each with:\n- \'name\': the exact text span (string)\n- \'type\': lowercase string (e.g., "disorder", "symptom", "criterion")'
    text = Field(annotation=str required=True json_schema_extra={'desc': 'DSM-5 text paragraph or list item', '__dspy_field_type': 'input', 'prefix': 'Text:'})
    context_hierarchy = Field(annotation=str required=True json_schema_extra={'desc': "Optional: section title, e.g., 'Fine Print - The D's'", '__dspy_field_type': 'input', 'prefix': 'Context Hierarchy:'})
    reasoning = Field(annotation=str required=True json_schema_extra={'desc': '${reasoning}', '__dspy_field_type': 'output', 'prefix': 'Reasoning:'})
    alright = Field(annotation=bool required=True json_schema_extra={'desc': 'it is possible that an input is meaningless, in this case this should be False, o.w. True.', '__dspy_field_type': 'output', 'prefix': 'Alright:'})
    entities = Field(annotation=list[dict] required=True json_schema_extra={'desc': 'List of entities with name, type, start_char, end_char', '__dspy_field_type': 'output', 'prefix': 'Entities:'})
    passage_type = Field(annotation=str required=True json_schema_extra={'desc': 'the type of the given passage.', '__dspy_field_type': 'output', 'prefix': 'Passage Type:'})
): attribute lookup StringSignature on dspy.signatures.signature failed
2026-05-13 17:08:49,922 [INFO] tasks.info_extraction.call_entity_extraction: 958f9b54-5dc8-4a28-9278-57446bbfcf0b 3 retries executed in 2.990s
2026-05-13 17:08:49,992 [INFO] Executing tasks.info_extraction.call_entity_extraction: d14e447e-4a7d-4adb-b244-108d8431cb5e 3 retries
2026-05-13 17:08:49,992 [INFO] Starting entity extraction for node_id=0cde0ca4-7cb6-499b-a210-d98adef5a78b
2026-05-13 17:08:52,241 [INFO] Entity extraction finished for node_id=0cde0ca4-7cb6-499b-a210-d98adef5a78b in 2.25s
2026-05-13 17:08:52,241 [ERROR] Entity extraction failed for node_id=0cde0ca4-7cb6-499b-a210-d98adef5a78b: Can't pickle StringSignature(text, context_hierarchy -> reasoning, alright, entities, passage_type
    instructions='Extract clinical entities from a DSM-5 text passage.\n\n\nYou are an expert in mental disorder diagnosis (DSM-5). Identify all entities relevant to\nbuilding a knowledge graph of disorders. Use your domain knowledge to recognize:\n\nFirst, classify the passage into one of these types (lowercase):\n- diagnostic_criteria: Lists criteria, durations, specifiers (e.g., "Criterion A", "6 months duration")\n- case_study_narrative: Story-like, patient actions, symptoms, history, no explicit diagnosis mapping\n- case_study_evaluation: Clinician\'s analysis linking patient to criteria, differential diagnosis\n- fine_print: Bulleted lists like "The D\'s", coding notes, subtypes\n- definitional: "Essential features", conceptual descriptions without criteria letters\n- other: If unclear\nEntity types must be **lowercase** and from this flexible set (but you can add more if needed):\ndisorder, symptom, criterion, specifier, patient, concept, duration, code, section_title, example_label.\n- Disorder names (e.g., "Illness Anxiety Disorder", "IAD", "somatic symptom disorder")\n- Symptoms and signs (e.g., "high anxiety", "low threshold for alarm", "palpitations")\n- Diagnostic criteria (e.g., "criterion A", "criterion D", "duration 6+ months")\n- Specifiers and subtypes (e.g., "care-seeking type", "care-avoidant type")\n- Patient names (only in case studies, e.g., "Julian Fenster")\n- Medical concepts (e.g., "health anxiety", "reassurance seeking", "avoidance")\n- Temporal expressions (e.g., "6 months", "past month")\n- ICF codes (e.g., "F45.21")\n\nOutput a list of entities, each with:\n- \'name\': the exact text span (string)\n- \'type\': lowercase string (e.g., "disorder", "symptom", "criterion")'
    text = Field(annotation=str required=True json_schema_extra={'desc': 'DSM-5 text paragraph or list item', '__dspy_field_type': 'input', 'prefix': 'Text:'})
    context_hierarchy = Field(annotation=str required=True json_schema_extra={'desc': "Optional: section title, e.g., 'Fine Print - The D's'", '__dspy_field_type': 'input', 'prefix': 'Context Hierarchy:'})
    reasoning = Field(annotation=str required=True json_schema_extra={'desc': '${reasoning}', '__dspy_field_type': 'output', 'prefix': 'Reasoning:'})
    alright = Field(annotation=bool required=True json_schema_extra={'desc': 'it is possible that an input is meaningless, in this case this should be False, o.w. True.', '__dspy_field_type': 'output', 'prefix': 'Alright:'})
    entities = Field(annotation=list[dict] required=True json_schema_extra={'desc': 'List of entities with name, type, start_char, end_char', '__dspy_field_type': 'output', 'prefix': 'Entities:'})
    passage_type = Field(annotation=str required=True json_schema_extra={'desc': 'the type of the given passage.', '__dspy_field_type': 'output', 'prefix': 'Passage Type:'})
): attribute lookup StringSignature on dspy.signatures.signature failed
2026-05-13 17:08:52,241 [INFO] tasks.info_extraction.call_entity_extraction: d14e447e-4a7d-4adb-b244-108d8431cb5e 3 retries executed in 2.249s
2026-05-13 17:08:52,317 [INFO] Executing tasks.info_extraction.call_entity_extraction: 162a8930-8dea-4c3d-8847-2af75c5d17c5 3 retries
2026-05-13 17:08:52,318 [INFO] Starting entity extraction for node_id=435d3fa2-44dc-4ae4-a8a8-7abd27aae0f7
2026-05-13 17:08:54,801 [INFO] Entity extraction finished for node_id=435d3fa2-44dc-4ae4-a8a8-7abd27aae0f7 in 2.48s
2026-05-13 17:08:54,803 [ERROR] Entity extraction failed for node_id=435d3fa2-44dc-4ae4-a8a8-7abd27aae0f7: Can't pickle StringSignature(text, context_hierarchy -> reasoning, alright, entities, passage_type
    instructions='Extract clinical entities from a DSM-5 text passage.\n\n\nYou are an expert in mental disorder diagnosis (DSM-5). Identify all entities relevant to\nbuilding a knowledge graph of disorders. Use your domain knowledge to recognize:\n\nFirst, classify the passage into one of these types (lowercase):\n- diagnostic_criteria: Lists criteria, durations, specifiers (e.g., "Criterion A", "6 months duration")\n- case_study_narrative: Story-like, patient actions, symptoms, history, no explicit diagnosis mapping\n- case_study_evaluation: Clinician\'s analysis linking patient to criteria, differential diagnosis\n- fine_print: Bulleted lists like "The D\'s", coding notes, subtypes\n- definitional: "Essential features", conceptual descriptions without criteria letters\n- other: If unclear\nEntity types must be **lowercase** and from this flexible set (but you can add more if needed):\ndisorder, symptom, criterion, specifier, patient, concept, duration, code, section_title, example_label.\n- Disorder names (e.g., "Illness Anxiety Disorder", "IAD", "somatic symptom disorder")\n- Symptoms and signs (e.g., "high anxiety", "low threshold for alarm", "palpitations")\n- Diagnostic criteria (e.g., "criterion A", "criterion D", "duration 6+ months")\n- Specifiers and subtypes (e.g., "care-seeking type", "care-avoidant type")\n- Patient names (only in case studies, e.g., "Julian Fenster")\n- Medical concepts (e.g., "health anxiety", "reassurance seeking", "avoidance")\n- Temporal expressions (e.g., "6 months", "past month")\n- ICF codes (e.g., "F45.21")\n\nOutput a list of entities, each with:\n- \'name\': the exact text span (string)\n- \'type\': lowercase string (e.g., "disorder", "symptom", "criterion")'
    text = Field(annotation=str required=True json_schema_extra={'desc': 'DSM-5 text paragraph or list item', '__dspy_field_type': 'input', 'prefix': 'Text:'})
    context_hierarchy = Field(annotation=str required=True json_schema_extra={'desc': "Optional: section title, e.g., 'Fine Print - The D's'", '__dspy_field_type': 'input', 'prefix': 'Context Hierarchy:'})
    reasoning = Field(annotation=str required=True json_schema_extra={'desc': '${reasoning}', '__dspy_field_type': 'output', 'prefix': 'Reasoning:'})
    alright = Field(annotation=bool required=True json_schema_extra={'desc': 'it is possible that an input is meaningless, in this case this should be False, o.w. True.', '__dspy_field_type': 'output', 'prefix': 'Alright:'})
    entities = Field(annotation=list[dict] required=True json_schema_extra={'desc': 'List of entities with name, type, start_char, end_char', '__dspy_field_type': 'output', 'prefix': 'Entities:'})
    passage_type = Field(annotation=str required=True json_schema_extra={'desc': 'the type of the given passage.', '__dspy_field_type': 'output', 'prefix': 'Passage Type:'})
): attribute lookup StringSignature on dspy.signatures.signature failed
2026-05-13 17:08:54,803 [INFO] tasks.info_extraction.call_entity_extraction: 162a8930-8dea-4c3d-8847-2af75c5d17c5 3 retries executed in 2.486s
2026-05-13 17:08:54,879 [INFO] Executing tasks.info_extraction.call_entity_extraction: 046c2736-897a-418d-8c9a-d2e9f0d5cb73 3 retries
2026-05-13 17:08:54,879 [INFO] Starting entity extraction for node_id=964440e8-d98c-4b69-8fd5-4beafab99d96
2026-05-13 17:08:59,308 [INFO] Entity extraction finished for node_id=964440e8-d98c-4b69-8fd5-4beafab99d96 in 4.43s
2026-05-13 17:08:59,309 [ERROR] Entity extraction failed for node_id=964440e8-d98c-4b69-8fd5-4beafab99d96: Can't pickle StringSignature(text, context_hierarchy -> reasoning, alright, entities, passage_type
    instructions='Extract clinical entities from a DSM-5 text passage.\n\n\nYou are an expert in mental disorder diagnosis (DSM-5). Identify all entities relevant to\nbuilding a knowledge graph of disorders. Use your domain knowledge to recognize:\n\nFirst, classify the passage into one of these types (lowercase):\n- diagnostic_criteria: Lists criteria, durations, specifiers (e.g., "Criterion A", "6 months duration")\n- case_study_narrative: Story-like, patient actions, symptoms, history, no explicit diagnosis mapping\n- case_study_evaluation: Clinician\'s analysis linking patient to criteria, differential diagnosis\n- fine_print: Bulleted lists like "The D\'s", coding notes, subtypes\n- definitional: "Essential features", conceptual descriptions without criteria letters\n- other: If unclear\nEntity types must be **lowercase** and from this flexible set (but you can add more if needed):\ndisorder, symptom, criterion, specifier, patient, concept, duration, code, section_title, example_label.\n- Disorder names (e.g., "Illness Anxiety Disorder", "IAD", "somatic symptom disorder")\n- Symptoms and signs (e.g., "high anxiety", "low threshold for alarm", "palpitations")\n- Diagnostic criteria (e.g., "criterion A", "criterion D", "duration 6+ months")\n- Specifiers and subtypes (e.g., "care-seeking type", "care-avoidant type")\n- Patient names (only in case studies, e.g., "Julian Fenster")\n- Medical concepts (e.g., "health anxiety", "reassurance seeking", "avoidance")\n- Temporal expressions (e.g., "6 months", "past month")\n- ICF codes (e.g., "F45.21")\n\nOutput a list of entities, each with:\n- \'name\': the exact text span (string)\n- \'type\': lowercase string (e.g., "disorder", "symptom", "criterion")'
    text = Field(annotation=str required=True json_schema_extra={'desc': 'DSM-5 text paragraph or list item', '__dspy_field_type': 'input', 'prefix': 'Text:'})
    context_hierarchy = Field(annotation=str required=True json_schema_extra={'desc': "Optional: section title, e.g., 'Fine Print - The D's'", '__dspy_field_type': 'input', 'prefix': 'Context Hierarchy:'})
    reasoning = Field(annotation=str required=True json_schema_extra={'desc': '${reasoning}', '__dspy_field_type': 'output', 'prefix': 'Reasoning:'})
    alright = Field(annotation=bool required=True json_schema_extra={'desc': 'it is possible that an input is meaningless, in this case this should be False, o.w. True.', '__dspy_field_type': 'output', 'prefix': 'Alright:'})
    entities = Field(annotation=list[dict] required=True json_schema_extra={'desc': 'List of entities with name, type, start_char, end_char', '__dspy_field_type': 'output', 'prefix': 'Entities:'})
    passage_type = Field(annotation=str required=True json_schema_extra={'desc': 'the type of the given passage.', '__dspy_field_type': 'output', 'prefix': 'Passage Type:'})
): attribute lookup StringSignature on dspy.signatures.signature failed
2026-05-13 17:08:59,309 [INFO] tasks.info_extraction.call_entity_extraction: 046c2736-897a-418d-8c9a-d2e9f0d5cb73 3 retries executed in 4.430s
2026-05-13 17:08:59,382 [INFO] Executing tasks.info_extraction.call_entity_extraction: 2517dda0-761f-4be0-aea0-f6c6b95a3894 3 retries
2026-05-13 17:08:59,382 [INFO] Starting entity extraction for node_id=4acce9b3-4aa7-4bb4-952e-60e8ee0ba9bb
2026-05-13 17:09:05,345 [INFO] Entity extraction finished for node_id=4acce9b3-4aa7-4bb4-952e-60e8ee0ba9bb in 5.96s
2026-05-13 17:09:05,346 [ERROR] Entity extraction failed for node_id=4acce9b3-4aa7-4bb4-952e-60e8ee0ba9bb: Can't pickle StringSignature(text, context_hierarchy -> reasoning, alright, entities, passage_type
    instructions='Extract clinical entities from a DSM-5 text passage.\n\n\nYou are an expert in mental disorder diagnosis (DSM-5). Identify all entities relevant to\nbuilding a knowledge graph of disorders. Use your domain knowledge to recognize:\n\nFirst, classify the passage into one of these types (lowercase):\n- diagnostic_criteria: Lists criteria, durations, specifiers (e.g., "Criterion A", "6 months duration")\n- case_study_narrative: Story-like, patient actions, symptoms, history, no explicit diagnosis mapping\n- case_study_evaluation: Clinician\'s analysis linking patient to criteria, differential diagnosis\n- fine_print: Bulleted lists like "The D\'s", coding notes, subtypes\n- definitional: "Essential features", conceptual descriptions without criteria letters\n- other: If unclear\nEntity types must be **lowercase** and from this flexible set (but you can add more if needed):\ndisorder, symptom, criterion, specifier, patient, concept, duration, code, section_title, example_label.\n- Disorder names (e.g., "Illness Anxiety Disorder", "IAD", "somatic symptom disorder")\n- Symptoms and signs (e.g., "high anxiety", "low threshold for alarm", "palpitations")\n- Diagnostic criteria (e.g., "criterion A", "criterion D", "duration 6+ months")\n- Specifiers and subtypes (e.g., "care-seeking type", "care-avoidant type")\n- Patient names (only in case studies, e.g., "Julian Fenster")\n- Medical concepts (e.g., "health anxiety", "reassurance seeking", "avoidance")\n- Temporal expressions (e.g., "6 months", "past month")\n- ICF codes (e.g., "F45.21")\n\nOutput a list of entities, each with:\n- \'name\': the exact text span (string)\n- \'type\': lowercase string (e.g., "disorder", "symptom", "criterion")'
    text = Field(annotation=str required=True json_schema_extra={'desc': 'DSM-5 text paragraph or list item', '__dspy_field_type': 'input', 'prefix': 'Text:'})
    context_hierarchy = Field(annotation=str required=True json_schema_extra={'desc': "Optional: section title, e.g., 'Fine Print - The D's'", '__dspy_field_type': 'input', 'prefix': 'Context Hierarchy:'})
    reasoning = Field(annotation=str required=True json_schema_extra={'desc': '${reasoning}', '__dspy_field_type': 'output', 'prefix': 'Reasoning:'})
    alright = Field(annotation=bool required=True json_schema_extra={'desc': 'it is possible that an input is meaningless, in this case this should be False, o.w. True.', '__dspy_field_type': 'output', 'prefix': 'Alright:'})
    entities = Field(annotation=list[dict] required=True json_schema_extra={'desc': 'List of entities with name, type, start_char, end_char', '__dspy_field_type': 'output', 'prefix': 'Entities:'})
    passage_type = Field(annotation=str required=True json_schema_extra={'desc': 'the type of the given passage.', '__dspy_field_type': 'output', 'prefix': 'Passage Type:'})
): attribute lookup StringSignature on dspy.signatures.signature failed
2026-05-13 17:09:05,346 [INFO] tasks.info_extraction.call_entity_extraction: 2517dda0-761f-4be0-aea0-f6c6b95a3894 3 retries executed in 5.964s
2026-05-13 17:09:05,442 [INFO] Executing tasks.info_extraction.call_entity_extraction: 46a064b3-78f7-40fe-a445-45f858e8e2d0 3 retries
2026-05-13 17:09:05,443 [INFO] Starting entity extraction for node_id=eb706565-54bb-41c7-a414-cfb487f079dd
2026-05-13 17:09:09,763 [INFO] Entity extraction finished for node_id=eb706565-54bb-41c7-a414-cfb487f079dd in 4.32s
2026-05-13 17:09:09,764 [ERROR] Entity extraction failed for node_id=eb706565-54bb-41c7-a414-cfb487f079dd: Can't pickle StringSignature(text, context_hierarchy -> reasoning, alright, entities, passage_type
    instructions='Extract clinical entities from a DSM-5 text passage.\n\n\nYou are an expert in mental disorder diagnosis (DSM-5). Identify all entities relevant to\nbuilding a knowledge graph of disorders. Use your domain knowledge to recognize:\n\nFirst, classify the passage into one of these types (lowercase):\n- diagnostic_criteria: Lists criteria, durations, specifiers (e.g., "Criterion A", "6 months duration")\n- case_study_narrative: Story-like, patient actions, symptoms, history, no explicit diagnosis mapping\n- case_study_evaluation: Clinician\'s analysis linking patient to criteria, differential diagnosis\n- fine_print: Bulleted lists like "The D\'s", coding notes, subtypes\n- definitional: "Essential features", conceptual descriptions without criteria letters\n- other: If unclear\nEntity types must be **lowercase** and from this flexible set (but you can add more if needed):\ndisorder, symptom, criterion, specifier, patient, concept, duration, code, section_title, example_label.\n- Disorder names (e.g., "Illness Anxiety Disorder", "IAD", "somatic symptom disorder")\n- Symptoms and signs (e.g., "high anxiety", "low threshold for alarm", "palpitations")\n- Diagnostic criteria (e.g., "criterion A", "criterion D", "duration 6+ months")\n- Specifiers and subtypes (e.g., "care-seeking type", "care-avoidant type")\n- Patient names (only in case studies, e.g., "Julian Fenster")\n- Medical concepts (e.g., "health anxiety", "reassurance seeking", "avoidance")\n- Temporal expressions (e.g., "6 months", "past month")\n- ICF codes (e.g., "F45.21")\n\nOutput a list of entities, each with:\n- \'name\': the exact text span (string)\n- \'type\': lowercase string (e.g., "disorder", "symptom", "criterion")'
    text = Field(annotation=str required=True json_schema_extra={'desc': 'DSM-5 text paragraph or list item', '__dspy_field_type': 'input', 'prefix': 'Text:'})
    context_hierarchy = Field(annotation=str required=True json_schema_extra={'desc': "Optional: section title, e.g., 'Fine Print - The D's'", '__dspy_field_type': 'input', 'prefix': 'Context Hierarchy:'})
    reasoning = Field(annotation=str required=True json_schema_extra={'desc': '${reasoning}', '__dspy_field_type': 'output', 'prefix': 'Reasoning:'})
    alright = Field(annotation=bool required=True json_schema_extra={'desc': 'it is possible that an input is meaningless, in this case this should be False, o.w. True.', '__dspy_field_type': 'output', 'prefix': 'Alright:'})
    entities = Field(annotation=list[dict] required=True json_schema_extra={'desc': 'List of entities with name, type, start_char, end_char', '__dspy_field_type': 'output', 'prefix': 'Entities:'})
    passage_type = Field(annotation=str required=True json_schema_extra={'desc': 'the type of the given passage.', '__dspy_field_type': 'output', 'prefix': 'Passage Type:'})
): attribute lookup StringSignature on dspy.signatures.signature failed
2026-05-13 17:09:09,764 [INFO] tasks.info_extraction.call_entity_extraction: 46a064b3-78f7-40fe-a445-45f858e8e2d0 3 retries executed in 4.322s
2026-05-13 17:09:09,882 [INFO] Executing tasks.info_extraction.call_entity_extraction: 0492680e-ee5f-4ff7-a162-1bd694826224 3 retries
2026-05-13 17:09:09,883 [INFO] Starting entity extraction for node_id=031e175b-768e-4bee-af67-7111fade6ddc
2026-05-13 17:09:16,042 [INFO] Entity extraction finished for node_id=031e175b-768e-4bee-af67-7111fade6ddc in 6.16s
2026-05-13 17:09:16,042 [ERROR] Entity extraction failed for node_id=031e175b-768e-4bee-af67-7111fade6ddc: Can't pickle StringSignature(text, context_hierarchy -> reasoning, alright, entities, passage_type
    instructions='Extract clinical entities from a DSM-5 text passage.\n\n\nYou are an expert in mental disorder diagnosis (DSM-5). Identify all entities relevant to\nbuilding a knowledge graph of disorders. Use your domain knowledge to recognize:\n\nFirst, classify the passage into one of these types (lowercase):\n- diagnostic_criteria: Lists criteria, durations, specifiers (e.g., "Criterion A", "6 months duration")\n- case_study_narrative: Story-like, patient actions, symptoms, history, no explicit diagnosis mapping\n- case_study_evaluation: Clinician\'s analysis linking patient to criteria, differential diagnosis\n- fine_print: Bulleted lists like "The D\'s", coding notes, subtypes\n- definitional: "Essential features", conceptual descriptions without criteria letters\n- other: If unclear\nEntity types must be **lowercase** and from this flexible set (but you can add more if needed):\ndisorder, symptom, criterion, specifier, patient, concept, duration, code, section_title, example_label.\n- Disorder names (e.g., "Illness Anxiety Disorder", "IAD", "somatic symptom disorder")\n- Symptoms and signs (e.g., "high anxiety", "low threshold for alarm", "palpitations")\n- Diagnostic criteria (e.g., "criterion A", "criterion D", "duration 6+ months")\n- Specifiers and subtypes (e.g., "care-seeking type", "care-avoidant type")\n- Patient names (only in case studies, e.g., "Julian Fenster")\n- Medical concepts (e.g., "health anxiety", "reassurance seeking", "avoidance")\n- Temporal expressions (e.g., "6 months", "past month")\n- ICF codes (e.g., "F45.21")\n\nOutput a list of entities, each with:\n- \'name\': the exact text span (string)\n- \'type\': lowercase string (e.g., "disorder", "symptom", "criterion")'
    text = Field(annotation=str required=True json_schema_extra={'desc': 'DSM-5 text paragraph or list item', '__dspy_field_type': 'input', 'prefix': 'Text:'})
    context_hierarchy = Field(annotation=str required=True json_schema_extra={'desc': "Optional: section title, e.g., 'Fine Print - The D's'", '__dspy_field_type': 'input', 'prefix': 'Context Hierarchy:'})
    reasoning = Field(annotation=str required=True json_schema_extra={'desc': '${reasoning}', '__dspy_field_type': 'output', 'prefix': 'Reasoning:'})
    alright = Field(annotation=bool required=True json_schema_extra={'desc': 'it is possible that an input is meaningless, in this case this should be False, o.w. True.', '__dspy_field_type': 'output', 'prefix': 'Alright:'})
    entities = Field(annotation=list[dict] required=True json_schema_extra={'desc': 'List of entities with name, type, start_char, end_char', '__dspy_field_type': 'output', 'prefix': 'Entities:'})
    passage_type = Field(annotation=str required=True json_schema_extra={'desc': 'the type of the given passage.', '__dspy_field_type': 'output', 'prefix': 'Passage Type:'})
): attribute lookup StringSignature on dspy.signatures.signature failed
2026-05-13 17:09:16,042 [INFO] tasks.info_extraction.call_entity_extraction: 0492680e-ee5f-4ff7-a162-1bd694826224 3 retries executed in 6.160s
2026-05-13 17:09:16,126 [INFO] Executing tasks.info_extraction.call_entity_extraction: 302740ff-65a3-4b65-93f8-fbdc0c70c63b 3 retries
2026-05-13 17:09:16,126 [INFO] Starting entity extraction for node_id=b5282060-27da-44b9-8542-a38488f27894
2026-05-13 17:09:20,500 [INFO] Entity extraction finished for node_id=b5282060-27da-44b9-8542-a38488f27894 in 4.37s
2026-05-13 17:09:20,501 [ERROR] Entity extraction failed for node_id=b5282060-27da-44b9-8542-a38488f27894: Can't pickle StringSignature(text, context_hierarchy -> reasoning, alright, entities, passage_type
    instructions='Extract clinical entities from a DSM-5 text passage.\n\n\nYou are an expert in mental disorder diagnosis (DSM-5). Identify all entities relevant to\nbuilding a knowledge graph of disorders. Use your domain knowledge to recognize:\n\nFirst, classify the passage into one of these types (lowercase):\n- diagnostic_criteria: Lists criteria, durations, specifiers (e.g., "Criterion A", "6 months duration")\n- case_study_narrative: Story-like, patient actions, symptoms, history, no explicit diagnosis mapping\n- case_study_evaluation: Clinician\'s analysis linking patient to criteria, differential diagnosis\n- fine_print: Bulleted lists like "The D\'s", coding notes, subtypes\n- definitional: "Essential features", conceptual descriptions without criteria letters\n- other: If unclear\nEntity types must be **lowercase** and from this flexible set (but you can add more if needed):\ndisorder, symptom, criterion, specifier, patient, concept, duration, code, section_title, example_label.\n- Disorder names (e.g., "Illness Anxiety Disorder", "IAD", "somatic symptom disorder")\n- Symptoms and signs (e.g., "high anxiety", "low threshold for alarm", "palpitations")\n- Diagnostic criteria (e.g., "criterion A", "criterion D", "duration 6+ months")\n- Specifiers and subtypes (e.g., "care-seeking type", "care-avoidant type")\n- Patient names (only in case studies, e.g., "Julian Fenster")\n- Medical concepts (e.g., "health anxiety", "reassurance seeking", "avoidance")\n- Temporal expressions (e.g., "6 months", "past month")\n- ICF codes (e.g., "F45.21")\n\nOutput a list of entities, each with:\n- \'name\': the exact text span (string)\n- \'type\': lowercase string (e.g., "disorder", "symptom", "criterion")'
    text = Field(annotation=str required=True json_schema_extra={'desc': 'DSM-5 text paragraph or list item', '__dspy_field_type': 'input', 'prefix': 'Text:'})
    context_hierarchy = Field(annotation=str required=True json_schema_extra={'desc': "Optional: section title, e.g., 'Fine Print - The D's'", '__dspy_field_type': 'input', 'prefix': 'Context Hierarchy:'})
    reasoning = Field(annotation=str required=True json_schema_extra={'desc': '${reasoning}', '__dspy_field_type': 'output', 'prefix': 'Reasoning:'})
    alright = Field(annotation=bool required=True json_schema_extra={'desc': 'it is possible that an input is meaningless, in this case this should be False, o.w. True.', '__dspy_field_type': 'output', 'prefix': 'Alright:'})
    entities = Field(annotation=list[dict] required=True json_schema_extra={'desc': 'List of entities with name, type, start_char, end_char', '__dspy_field_type': 'output', 'prefix': 'Entities:'})
    passage_type = Field(annotation=str required=True json_schema_extra={'desc': 'the type of the given passage.', '__dspy_field_type': 'output', 'prefix': 'Passage Type:'})
): attribute lookup StringSignature on dspy.signatures.signature failed
2026-05-13 17:09:20,501 [INFO] tasks.info_extraction.call_entity_extraction: 302740ff-65a3-4b65-93f8-fbdc0c70c63b 3 retries executed in 4.375s
2026-05-13 17:09:20,587 [INFO] Executing tasks.info_extraction.call_entity_extraction: 5f216fce-3121-4c6f-b8ab-5a5f658f74b7 3 retries
2026-05-13 17:09:20,587 [INFO] Starting entity extraction for node_id=33d3dfc4-de21-4972-b808-41080469ec6a
2026-05-13 17:09:23,573 [INFO] Entity extraction finished for node_id=33d3dfc4-de21-4972-b808-41080469ec6a in 2.99s
2026-05-13 17:09:23,574 [ERROR] Entity extraction failed for node_id=33d3dfc4-de21-4972-b808-41080469ec6a: Can't pickle StringSignature(text, context_hierarchy -> reasoning, alright, entities, passage_type
    instructions='Extract clinical entities from a DSM-5 text passage.\n\n\nYou are an expert in mental disorder diagnosis (DSM-5). Identify all entities relevant to\nbuilding a knowledge graph of disorders. Use your domain knowledge to recognize:\n\nFirst, classify the passage into one of these types (lowercase):\n- diagnostic_criteria: Lists criteria, durations, specifiers (e.g., "Criterion A", "6 months duration")\n- case_study_narrative: Story-like, patient actions, symptoms, history, no explicit diagnosis mapping\n- case_study_evaluation: Clinician\'s analysis linking patient to criteria, differential diagnosis\n- fine_print: Bulleted lists like "The D\'s", coding notes, subtypes\n- definitional: "Essential features", conceptual descriptions without criteria letters\n- other: If unclear\nEntity types must be **lowercase** and from this flexible set (but you can add more if needed):\ndisorder, symptom, criterion, specifier, patient, concept, duration, code, section_title, example_label.\n- Disorder names (e.g., "Illness Anxiety Disorder", "IAD", "somatic symptom disorder")\n- Symptoms and signs (e.g., "high anxiety", "low threshold for alarm", "palpitations")\n- Diagnostic criteria (e.g., "criterion A", "criterion D", "duration 6+ months")\n- Specifiers and subtypes (e.g., "care-seeking type", "care-avoidant type")\n- Patient names (only in case studies, e.g., "Julian Fenster")\n- Medical concepts (e.g., "health anxiety", "reassurance seeking", "avoidance")\n- Temporal expressions (e.g., "6 months", "past month")\n- ICF codes (e.g., "F45.21")\n\nOutput a list of entities, each with:\n- \'name\': the exact text span (string)\n- \'type\': lowercase string (e.g., "disorder", "symptom", "criterion")'
    text = Field(annotation=str required=True json_schema_extra={'desc': 'DSM-5 text paragraph or list item', '__dspy_field_type': 'input', 'prefix': 'Text:'})
    context_hierarchy = Field(annotation=str required=True json_schema_extra={'desc': "Optional: section title, e.g., 'Fine Print - The D's'", '__dspy_field_type': 'input', 'prefix': 'Context Hierarchy:'})
    reasoning = Field(annotation=str required=True json_schema_extra={'desc': '${reasoning}', '__dspy_field_type': 'output', 'prefix': 'Reasoning:'})
    alright = Field(annotation=bool required=True json_schema_extra={'desc': 'it is possible that an input is meaningless, in this case this should be False, o.w. True.', '__dspy_field_type': 'output', 'prefix': 'Alright:'})
    entities = Field(annotation=list[dict] required=True json_schema_extra={'desc': 'List of entities with name, type, start_char, end_char', '__dspy_field_type': 'output', 'prefix': 'Entities:'})
    passage_type = Field(annotation=str required=True json_schema_extra={'desc': 'the type of the given passage.', '__dspy_field_type': 'output', 'prefix': 'Passage Type:'})
): attribute lookup StringSignature on dspy.signatures.signature failed
2026-05-13 17:09:23,574 [INFO] tasks.info_extraction.call_entity_extraction: 5f216fce-3121-4c6f-b8ab-5a5f658f74b7 3 retries executed in 2.987s
2026-05-13 17:09:23,651 [INFO] Executing tasks.info_extraction.call_entity_extraction: ab4a6aa6-6068-461a-9637-5428bae9ac03 3 retries
2026-05-13 17:09:23,651 [INFO] Starting entity extraction for node_id=15fa21e9-f554-46ac-abce-d1e4bbe889f2
2026-05-13 17:09:25,722 [INFO] Entity extraction finished for node_id=15fa21e9-f554-46ac-abce-d1e4bbe889f2 in 2.07s
2026-05-13 17:09:25,722 [ERROR] Entity extraction failed for node_id=15fa21e9-f554-46ac-abce-d1e4bbe889f2: Can't pickle StringSignature(text, context_hierarchy -> reasoning, alright, entities, passage_type
    instructions='Extract clinical entities from a DSM-5 text passage.\n\n\nYou are an expert in mental disorder diagnosis (DSM-5). Identify all entities relevant to\nbuilding a knowledge graph of disorders. Use your domain knowledge to recognize:\n\nFirst, classify the passage into one of these types (lowercase):\n- diagnostic_criteria: Lists criteria, durations, specifiers (e.g., "Criterion A", "6 months duration")\n- case_study_narrative: Story-like, patient actions, symptoms, history, no explicit diagnosis mapping\n- case_study_evaluation: Clinician\'s analysis linking patient to criteria, differential diagnosis\n- fine_print: Bulleted lists like "The D\'s", coding notes, subtypes\n- definitional: "Essential features", conceptual descriptions without criteria letters\n- other: If unclear\nEntity types must be **lowercase** and from this flexible set (but you can add more if needed):\ndisorder, symptom, criterion, specifier, patient, concept, duration, code, section_title, example_label.\n- Disorder names (e.g., "Illness Anxiety Disorder", "IAD", "somatic symptom disorder")\n- Symptoms and signs (e.g., "high anxiety", "low threshold for alarm", "palpitations")\n- Diagnostic criteria (e.g., "criterion A", "criterion D", "duration 6+ months")\n- Specifiers and subtypes (e.g., "care-seeking type", "care-avoidant type")\n- Patient names (only in case studies, e.g., "Julian Fenster")\n- Medical concepts (e.g., "health anxiety", "reassurance seeking", "avoidance")\n- Temporal expressions (e.g., "6 months", "past month")\n- ICF codes (e.g., "F45.21")\n\nOutput a list of entities, each with:\n- \'name\': the exact text span (string)\n- \'type\': lowercase string (e.g., "disorder", "symptom", "criterion")'
    text = Field(annotation=str required=True json_schema_extra={'desc': 'DSM-5 text paragraph or list item', '__dspy_field_type': 'input', 'prefix': 'Text:'})
    context_hierarchy = Field(annotation=str required=True json_schema_extra={'desc': "Optional: section title, e.g., 'Fine Print - The D's'", '__dspy_field_type': 'input', 'prefix': 'Context Hierarchy:'})
    reasoning = Field(annotation=str required=True json_schema_extra={'desc': '${reasoning}', '__dspy_field_type': 'output', 'prefix': 'Reasoning:'})
    alright = Field(annotation=bool required=True json_schema_extra={'desc': 'it is possible that an input is meaningless, in this case this should be False, o.w. True.', '__dspy_field_type': 'output', 'prefix': 'Alright:'})
    entities = Field(annotation=list[dict] required=True json_schema_extra={'desc': 'List of entities with name, type, start_char, end_char', '__dspy_field_type': 'output', 'prefix': 'Entities:'})
    passage_type = Field(annotation=str required=True json_schema_extra={'desc': 'the type of the given passage.', '__dspy_field_type': 'output', 'prefix': 'Passage Type:'})
): attribute lookup StringSignature on dspy.signatures.signature failed
2026-05-13 17:09:25,722 [INFO] tasks.info_extraction.call_entity_extraction: ab4a6aa6-6068-461a-9637-5428bae9ac03 3 retries executed in 2.071s
2026-05-13 17:09:25,792 [INFO] Executing tasks.info_extraction.call_entity_extraction: 75431b6e-37d7-480d-9f4c-dfc4ae2dc78f 3 retries
2026-05-13 17:09:25,793 [INFO] Starting entity extraction for node_id=6c06e8ab-7976-4507-9458-cb503335425c
2026-05-13 17:09:29,035 [INFO] Entity extraction finished for node_id=6c06e8ab-7976-4507-9458-cb503335425c in 3.24s
2026-05-13 17:09:29,035 [ERROR] Entity extraction failed for node_id=6c06e8ab-7976-4507-9458-cb503335425c: Can't pickle StringSignature(text, context_hierarchy -> reasoning, alright, entities, passage_type
    instructions='Extract clinical entities from a DSM-5 text passage.\n\n\nYou are an expert in mental disorder diagnosis (DSM-5). Identify all entities relevant to\nbuilding a knowledge graph of disorders. Use your domain knowledge to recognize:\n\nFirst, classify the passage into one of these types (lowercase):\n- diagnostic_criteria: Lists criteria, durations, specifiers (e.g., "Criterion A", "6 months duration")\n- case_study_narrative: Story-like, patient actions, symptoms, history, no explicit diagnosis mapping\n- case_study_evaluation: Clinician\'s analysis linking patient to criteria, differential diagnosis\n- fine_print: Bulleted lists like "The D\'s", coding notes, subtypes\n- definitional: "Essential features", conceptual descriptions without criteria letters\n- other: If unclear\nEntity types must be **lowercase** and from this flexible set (but you can add more if needed):\ndisorder, symptom, criterion, specifier, patient, concept, duration, code, section_title, example_label.\n- Disorder names (e.g., "Illness Anxiety Disorder", "IAD", "somatic symptom disorder")\n- Symptoms and signs (e.g., "high anxiety", "low threshold for alarm", "palpitations")\n- Diagnostic criteria (e.g., "criterion A", "criterion D", "duration 6+ months")\n- Specifiers and subtypes (e.g., "care-seeking type", "care-avoidant type")\n- Patient names (only in case studies, e.g., "Julian Fenster")\n- Medical concepts (e.g., "health anxiety", "reassurance seeking", "avoidance")\n- Temporal expressions (e.g., "6 months", "past month")\n- ICF codes (e.g., "F45.21")\n\nOutput a list of entities, each with:\n- \'name\': the exact text span (string)\n- \'type\': lowercase string (e.g., "disorder", "symptom", "criterion")'
    text = Field(annotation=str required=True json_schema_extra={'desc': 'DSM-5 text paragraph or list item', '__dspy_field_type': 'input', 'prefix': 'Text:'})
    context_hierarchy = Field(annotation=str required=True json_schema_extra={'desc': "Optional: section title, e.g., 'Fine Print - The D's'", '__dspy_field_type': 'input', 'prefix': 'Context Hierarchy:'})
    reasoning = Field(annotation=str required=True json_schema_extra={'desc': '${reasoning}', '__dspy_field_type': 'output', 'prefix': 'Reasoning:'})
    alright = Field(annotation=bool required=True json_schema_extra={'desc': 'it is possible that an input is meaningless, in this case this should be False, o.w. True.', '__dspy_field_type': 'output', 'prefix': 'Alright:'})
    entities = Field(annotation=list[dict] required=True json_schema_extra={'desc': 'List of entities with name, type, start_char, end_char', '__dspy_field_type': 'output', 'prefix': 'Entities:'})
    passage_type = Field(annotation=str required=True json_schema_extra={'desc': 'the type of the given passage.', '__dspy_field_type': 'output', 'prefix': 'Passage Type:'})
): attribute lookup StringSignature on dspy.signatures.signature failed
2026-05-13 17:09:29,035 [INFO] tasks.info_extraction.call_entity_extraction: 75431b6e-37d7-480d-9f4c-dfc4ae2dc78f 3 retries executed in 3.242s
2026-05-13 17:09:29,112 [INFO] Executing tasks.info_extraction.call_entity_extraction: 38858a42-2dd2-49b5-b839-9369442bbe04 3 retries
2026-05-13 17:09:29,112 [INFO] Starting entity extraction for node_id=7cd31032-82d0-4809-8c50-c6a17abb8017
2026-05-13 17:09:30,942 [INFO] Received SIGINT
2026-05-13 17:09:30,985 [INFO] Shutting down gracefully...
2026-05-13 17:09:32,009 [INFO] Entity extraction finished for node_id=7cd31032-82d0-4809-8c50-c6a17abb8017 in 2.90s
2026-05-13 17:09:32,009 [ERROR] Entity extraction failed for node_id=7cd31032-82d0-4809-8c50-c6a17abb8017: Can't pickle StringSignature(text, context_hierarchy -> reasoning, alright, entities, passage_type
    instructions='Extract clinical entities from a DSM-5 text passage.\n\n\nYou are an expert in mental disorder diagnosis (DSM-5). Identify all entities relevant to\nbuilding a knowledge graph of disorders. Use your domain knowledge to recognize:\n\nFirst, classify the passage into one of these types (lowercase):\n- diagnostic_criteria: Lists criteria, durations, specifiers (e.g., "Criterion A", "6 months duration")\n- case_study_narrative: Story-like, patient actions, symptoms, history, no explicit diagnosis mapping\n- case_study_evaluation: Clinician\'s analysis linking patient to criteria, differential diagnosis\n- fine_print: Bulleted lists like "The D\'s", coding notes, subtypes\n- definitional: "Essential features", conceptual descriptions without criteria letters\n- other: If unclear\nEntity types must be **lowercase** and from this flexible set (but you can add more if needed):\ndisorder, symptom, criterion, specifier, patient, concept, duration, code, section_title, example_label.\n- Disorder names (e.g., "Illness Anxiety Disorder", "IAD", "somatic symptom disorder")\n- Symptoms and signs (e.g., "high anxiety", "low threshold for alarm", "palpitations")\n- Diagnostic criteria (e.g., "criterion A", "criterion D", "duration 6+ months")\n- Specifiers and subtypes (e.g., "care-seeking type", "care-avoidant type")\n- Patient names (only in case studies, e.g., "Julian Fenster")\n- Medical concepts (e.g., "health anxiety", "reassurance seeking", "avoidance")\n- Temporal expressions (e.g., "6 months", "past month")\n- ICF codes (e.g., "F45.21")\n\nOutput a list of entities, each with:\n- \'name\': the exact text span (string)\n- \'type\': lowercase string (e.g., "disorder", "symptom", "criterion")'
    text = Field(annotation=str required=True json_schema_extra={'desc': 'DSM-5 text paragraph or list item', '__dspy_field_type': 'input', 'prefix': 'Text:'})
    context_hierarchy = Field(annotation=str required=True json_schema_extra={'desc': "Optional: section title, e.g., 'Fine Print - The D's'", '__dspy_field_type': 'input', 'prefix': 'Context Hierarchy:'})
    reasoning = Field(annotation=str required=True json_schema_extra={'desc': '${reasoning}', '__dspy_field_type': 'output', 'prefix': 'Reasoning:'})
    alright = Field(annotation=bool required=True json_schema_extra={'desc': 'it is possible that an input is meaningless, in this case this should be False, o.w. True.', '__dspy_field_type': 'output', 'prefix': 'Alright:'})
    entities = Field(annotation=list[dict] required=True json_schema_extra={'desc': 'List of entities with name, type, start_char, end_char', '__dspy_field_type': 'output', 'prefix': 'Entities:'})
    passage_type = Field(annotation=str required=True json_schema_extra={'desc': 'the type of the given passage.', '__dspy_field_type': 'output', 'prefix': 'Passage Type:'})
): attribute lookup StringSignature on dspy.signatures.signature failed
2026-05-13 17:09:32,009 [INFO] tasks.info_extraction.call_entity_extraction: 38858a42-2dd2-49b5-b839-9369442bbe04 3 retries executed in 2.897s
2026-05-13 17:09:32,067 [INFO] All workers have stopped.
2026-05-13 17:09:32,068 [INFO] Consumer exiting.
2026-05-13 17:14:53,185 [INFO] Loading DataFrame from books/dsm-tree/dsm5_selected_chapters_tree.jsonl
2026-05-13 17:14:53,365 [INFO] Scheduling entity extraction task for node_id=88eb8056-30b0-4204-9ec4-75b0bd74e170
2026-05-13 17:14:53,508 [INFO] Scheduling entity extraction task for node_id=31e10ee3-d2a9-4ab1-ae80-9589f1e33b7c
2026-05-13 17:14:53,518 [INFO] Scheduling entity extraction task for node_id=525ad310-f094-4a70-82cf-f9a58366e787
2026-05-13 17:14:53,526 [INFO] Scheduling entity extraction task for node_id=1fc8579f-506f-4133-afae-fc064bd57616
2026-05-13 17:14:53,534 [INFO] Scheduling entity extraction task for node_id=1f09c4d1-3160-48f3-bd0a-27db29506170
2026-05-13 17:14:53,542 [INFO] Scheduling entity extraction task for node_id=0cde0ca4-7cb6-499b-a210-d98adef5a78b
2026-05-13 17:14:53,548 [INFO] Scheduling entity extraction task for node_id=435d3fa2-44dc-4ae4-a8a8-7abd27aae0f7
2026-05-13 17:14:53,552 [INFO] Scheduling entity extraction task for node_id=964440e8-d98c-4b69-8fd5-4beafab99d96
2026-05-13 17:14:53,557 [INFO] Scheduling entity extraction task for node_id=4acce9b3-4aa7-4bb4-952e-60e8ee0ba9bb
2026-05-13 17:14:53,564 [INFO] Scheduling entity extraction task for node_id=eb706565-54bb-41c7-a414-cfb487f079dd
2026-05-13 17:14:53,571 [INFO] Scheduling entity extraction task for node_id=031e175b-768e-4bee-af67-7111fade6ddc
2026-05-13 17:14:53,590 [INFO] Scheduling entity extraction task for node_id=b5282060-27da-44b9-8542-a38488f27894
2026-05-13 17:14:53,599 [INFO] Scheduling entity extraction task for node_id=33d3dfc4-de21-4972-b808-41080469ec6a
2026-05-13 17:14:53,605 [INFO] Scheduling entity extraction task for node_id=15fa21e9-f554-46ac-abce-d1e4bbe889f2
2026-05-13 17:14:53,612 [INFO] Scheduling entity extraction task for node_id=6c06e8ab-7976-4507-9458-cb503335425c
2026-05-13 17:14:53,619 [INFO] Scheduling entity extraction task for node_id=7cd31032-82d0-4809-8c50-c6a17abb8017
2026-05-13 17:14:53,625 [INFO] Scheduling entity extraction task for node_id=f025add6-bf49-4aa2-8f68-18d580a8db10
2026-05-13 17:14:53,631 [INFO] Scheduling entity extraction task for node_id=1575e964-6d75-44d1-bcf2-efaa64db6d3f
2026-05-13 17:14:53,637 [INFO] Scheduling entity extraction task for node_id=52f56ae1-ff13-44f2-bb85-b581a2b17dbb
2026-05-13 17:14:53,644 [INFO] Scheduling entity extraction task for node_id=9cdc8343-8c0a-4f00-b8ca-66bb4c47b93f
2026-05-13 17:14:53,651 [INFO] Scheduling entity extraction task for node_id=47f0fc96-e1b2-4b9f-aec0-455e9af62e23
2026-05-13 17:14:53,721 [INFO] Scheduling entity extraction task for node_id=5fec48f5-225f-4a20-a03a-333322a97619
2026-05-13 17:14:53,735 [INFO] Scheduling entity extraction task for node_id=a59b2707-9575-47e9-b371-707c568b44f9
2026-05-13 17:14:53,795 [INFO] Scheduling entity extraction task for node_id=3bfe0f99-2a8e-485c-9e4a-e9a083a9fe52
2026-05-13 17:14:53,803 [INFO] Scheduling entity extraction task for node_id=fec371aa-bc70-4ec9-8b37-69093269de0e
2026-05-13 17:14:53,810 [INFO] Scheduling entity extraction task for node_id=f74936f1-e99a-4c61-ad28-b7f5c8b940fa
2026-05-13 17:14:53,818 [INFO] Scheduling entity extraction task for node_id=8294877a-1086-4e4f-a8b5-4ac4d03525e0
2026-05-13 17:14:53,823 [INFO] Scheduling entity extraction task for node_id=65ecb5e8-1cf6-4bc3-a7cf-01a9ad281b64
2026-05-13 17:14:53,831 [INFO] Scheduling entity extraction task for node_id=3aff0aa2-34d6-443f-9de6-3f1c64a50256
2026-05-13 17:14:53,839 [INFO] Scheduling entity extraction task for node_id=a55287ec-6da9-4655-b813-fac72c2d2ec9
2026-05-13 17:14:53,845 [INFO] Scheduling entity extraction task for node_id=510c7969-4919-458b-bc38-7d42d470553e
2026-05-13 17:14:53,850 [INFO] Scheduling entity extraction task for node_id=0853eeb8-2fc8-4612-b619-9b4ed5775faf
2026-05-13 17:14:53,858 [INFO] Scheduling entity extraction task for node_id=c10a2265-f17f-4926-8b10-e1c21d27b474
2026-05-13 17:14:53,863 [INFO] Scheduling entity extraction task for node_id=7adff039-e541-4b03-80e9-5872fc86f0d3
2026-05-13 17:14:53,869 [INFO] Scheduling entity extraction task for node_id=4b5c959e-2b11-49f6-9ef4-6d90a2fd5eae
2026-05-13 17:14:53,876 [INFO] Scheduling entity extraction task for node_id=21c406e7-1e60-4fb9-96eb-11a0010803b6
2026-05-13 17:14:53,884 [INFO] Scheduling entity extraction task for node_id=cf492719-61dd-4b80-a1dc-dda4319d04bc
2026-05-13 17:14:53,890 [INFO] Scheduling entity extraction task for node_id=2b8a380f-e5b2-4680-b728-c33c7887edd7
2026-05-13 17:14:53,897 [INFO] Scheduling entity extraction task for node_id=c552a643-6ab3-4519-a092-464d93508ea7
2026-05-13 17:14:53,903 [INFO] Scheduling entity extraction task for node_id=1d322e07-321b-492c-95b5-6971fff5f4bf
2026-05-13 17:14:53,908 [INFO] Scheduling entity extraction task for node_id=2060f813-7fb2-44c0-b6b9-b0dccc593268
2026-05-13 17:14:54,141 [INFO] Scheduling entity extraction task for node_id=f460ac9d-5335-4874-b96c-f123eb0ce1e6
2026-05-13 17:14:54,161 [INFO] Scheduling entity extraction task for node_id=fa2cb38a-2367-4bf4-bf55-b3b176e94303
2026-05-13 17:14:54,220 [INFO] Scheduling entity extraction task for node_id=ea937723-2718-486b-a4aa-3ada7c1167d0
2026-05-13 17:14:54,225 [INFO] Scheduling entity extraction task for node_id=c1fd75c8-e046-4bc4-bfbb-8f964e37ada8
2026-05-13 17:14:54,279 [INFO] Scheduling entity extraction task for node_id=cedfbbb9-f08d-4082-9269-64c6b21ce293
2026-05-13 17:14:54,285 [INFO] Scheduling entity extraction task for node_id=8c6a4cb0-89f4-46c4-984c-f7e50d8ef217
2026-05-13 17:14:54,343 [INFO] Scheduling entity extraction task for node_id=e1dc8058-028d-4cef-aff2-cb1e3de8e29a
2026-05-13 17:14:54,349 [INFO] Scheduling entity extraction task for node_id=10fdd6fe-1f6d-4f5c-8ffd-19f3b716d8c1
2026-05-13 17:14:54,356 [INFO] Scheduling entity extraction task for node_id=d5e99ada-e5a7-4830-ad8f-859b17c59981
2026-05-13 17:14:54,364 [INFO] Scheduling entity extraction task for node_id=32155a01-d244-4e48-a1a2-ee995d97d4ca
2026-05-13 17:14:54,371 [INFO] Scheduling entity extraction task for node_id=43d24a59-09e3-4405-917d-60a3bc9b5bea
2026-05-13 17:14:54,379 [INFO] Scheduling entity extraction task for node_id=d42cfa97-0dd1-46f3-af1a-9ace0e79887f
2026-05-13 17:14:54,385 [INFO] Scheduling entity extraction task for node_id=8894ddc3-72f1-4297-8beb-16843dcdeaae
2026-05-13 17:14:54,392 [INFO] Scheduling entity extraction task for node_id=263b3dc6-c807-4c6f-8311-2f1f814db47a
2026-05-13 17:14:54,400 [INFO] Scheduling entity extraction task for node_id=a5b786a4-e012-432c-85a1-d84190904aac
2026-05-13 17:14:54,457 [INFO] Scheduling entity extraction task for node_id=e0687f40-e231-4f1e-b6d8-4bbd82d300f6
2026-05-13 17:14:54,509 [INFO] Scheduling entity extraction task for node_id=0e84342c-f0df-48e2-a15f-db24ee273618
2026-05-13 17:14:54,515 [INFO] Scheduling entity extraction task for node_id=b2e96db5-c713-4f85-8f85-f4a99d3e99e0
2026-05-13 17:14:54,523 [INFO] Scheduling entity extraction task for node_id=4f7079c7-b13f-4af1-b115-d6bb00d7db50
2026-05-13 17:14:54,530 [INFO] Scheduling entity extraction task for node_id=231f3ca9-e5a0-4893-940d-0f0653a77a47
2026-05-13 17:14:54,536 [INFO] Scheduling entity extraction task for node_id=0677c1b8-f7bb-4dc0-8b88-e2987bd4e834
2026-05-13 17:14:54,547 [INFO] Scheduling entity extraction task for node_id=7a3ef05c-98b5-47c2-9a18-2eea22f692c4
2026-05-13 17:14:54,561 [INFO] Scheduling entity extraction task for node_id=d79dd7a1-b58a-48bf-8d4e-ef22e065c631
2026-05-13 17:14:54,582 [INFO] Scheduling entity extraction task for node_id=4524523b-3dcf-45d2-a365-ab0486f6be60
2026-05-13 17:14:54,590 [INFO] Scheduling entity extraction task for node_id=f02fbb78-d643-45af-9953-fff67c84296e
2026-05-13 17:14:54,595 [INFO] Scheduling entity extraction task for node_id=78ecc840-0429-4f16-aa5f-16aba64c8b2e
2026-05-13 17:14:54,603 [INFO] Scheduling entity extraction task for node_id=4ef0f0cf-06dd-4a93-a393-330ab12f37e1
2026-05-13 17:14:54,611 [INFO] Scheduling entity extraction task for node_id=f439f976-5572-4b31-8899-f303c5b5d6a1
2026-05-13 17:14:54,616 [INFO] Scheduling entity extraction task for node_id=1cedff2e-32e6-4739-ad29-ec767af7ce97
2026-05-13 17:14:54,620 [INFO] Scheduling entity extraction task for node_id=c55807d0-bf10-4d18-9f5a-8726cc79cf0c
2026-05-13 17:14:54,625 [INFO] Scheduling entity extraction task for node_id=32dcca8d-c508-4290-9e5d-8f93cb5a4b64
2026-05-13 17:14:54,629 [INFO] Scheduling entity extraction task for node_id=3cefcf16-b611-43cb-b6e2-ad13dfc310a1
2026-05-13 17:14:54,687 [INFO] Scheduling entity extraction task for node_id=272f5ce4-3541-4016-b58d-63410df3b34c
2026-05-13 17:14:54,739 [INFO] Scheduling entity extraction task for node_id=ef305eca-22d6-4b61-9a5c-394252afca61
2026-05-13 17:14:54,744 [INFO] Scheduling entity extraction task for node_id=9cbdde88-4729-4d83-b446-22d9c19f3eea
2026-05-13 17:14:54,750 [INFO] Scheduling entity extraction task for node_id=d7f71a5c-9d72-4411-a9b4-5e374abe295d
2026-05-13 17:14:54,755 [INFO] Scheduling entity extraction task for node_id=3111114a-aeda-4660-b4ad-c44e404e5cf3
2026-05-13 17:14:54,761 [INFO] Scheduling entity extraction task for node_id=f061a364-5643-4851-a6bb-a1692d0ef10f
2026-05-13 17:14:54,766 [INFO] Scheduling entity extraction task for node_id=ccdd383b-5ff1-48b8-947b-d35fda04dfbf
2026-05-13 17:14:54,772 [INFO] Scheduling entity extraction task for node_id=388d8b0c-f77f-4514-a1b2-b1784b36cfdd
2026-05-13 17:14:54,777 [INFO] Scheduling entity extraction task for node_id=52c510ce-c2ed-4116-b2a5-86b9d5f328e4
2026-05-13 17:14:54,782 [INFO] Scheduling entity extraction task for node_id=1a6ffd85-6a53-43af-adbe-bdb6576c30de
2026-05-13 17:14:54,786 [INFO] Scheduling entity extraction task for node_id=fa68393e-b8ab-418c-aaa6-21aae8c4b983
2026-05-13 17:14:54,839 [INFO] Scheduling entity extraction task for node_id=27b12097-d243-49bb-8a81-f5bda9f94581
2026-05-13 17:14:54,844 [INFO] Scheduling entity extraction task for node_id=f468c739-6941-436e-b038-e65e0c840fb3
2026-05-13 17:14:54,850 [INFO] Scheduling entity extraction task for node_id=4dfbbe3d-acde-4acb-8b9b-43210bf5feaf
2026-05-13 17:14:54,855 [INFO] Scheduling entity extraction task for node_id=471c85a7-0708-4c2f-9361-2ff80b8720da
2026-05-13 17:14:54,860 [INFO] Scheduling entity extraction task for node_id=db24878c-4297-48de-9e5f-fcd6d3f5875d
2026-05-13 17:14:54,866 [INFO] Scheduling entity extraction task for node_id=dd9607d7-2989-43af-8f60-a5c5327e8826
2026-05-13 17:14:54,873 [INFO] Scheduling entity extraction task for node_id=e096b6b4-097f-48d8-97d0-95645b817663
2026-05-13 17:14:54,879 [INFO] Scheduling entity extraction task for node_id=611b3208-60d8-4f87-ae81-95017a30de51
2026-05-13 17:14:54,884 [INFO] Scheduling entity extraction task for node_id=ce308cca-6c41-4a91-8c81-a1f1124c4236
2026-05-13 17:14:54,890 [INFO] Scheduling entity extraction task for node_id=8c5cbeec-387d-432c-8e78-a14df9f39cc4
2026-05-13 17:14:54,895 [INFO] Scheduling entity extraction task for node_id=e28cf785-b41b-4850-b829-1f029e720dad
2026-05-13 17:14:54,899 [INFO] Scheduling entity extraction task for node_id=a914311f-38fb-4033-a1fb-5ccbe47757ad
2026-05-13 17:14:54,953 [INFO] Scheduling entity extraction task for node_id=6ce2e085-80dc-4105-b8f0-d50c4463b139
2026-05-13 17:14:54,959 [INFO] Scheduling entity extraction task for node_id=3b6aaf35-71a2-47df-812b-140b8f2d077f
2026-05-13 17:14:55,015 [INFO] Scheduling entity extraction task for node_id=09af0efa-94e4-402e-bf2d-1931ad96a743
2026-05-13 17:14:55,021 [INFO] Scheduling entity extraction task for node_id=c89d9504-8a2b-4c09-b13b-2b881a6195cc
2026-05-13 17:14:55,044 [INFO] Huey consumer started with 1 thread, PID 150252 at 2026-05-13 13:44:55.044593
2026-05-13 17:14:55,045 [INFO] Scheduler runs every 1 second(s).
2026-05-13 17:14:55,045 [INFO] Periodic tasks are enabled.
2026-05-13 17:14:55,045 [INFO] The following commands are available:
+ tasks.info_extraction.call_entity_extraction
+ tasks.info_extraction.extract_relation
2026-05-13 17:14:55,171 [INFO] Executing tasks.info_extraction.call_entity_extraction: 9e31a35c-66fa-40a0-936d-fb7a4658b4a9 3 retries
2026-05-13 17:14:55,171 [INFO] Starting entity extraction for node_id=f025add6-bf49-4aa2-8f68-18d580a8db10
2026-05-13 17:14:58,595 [INFO] Entity extraction finished for node_id=f025add6-bf49-4aa2-8f68-18d580a8db10 in 3.42s
2026-05-13 17:14:58,595 [ERROR] Entity extraction failed for node_id=f025add6-bf49-4aa2-8f68-18d580a8db10: 'dict' object has no attribute 'entities'
2026-05-13 17:14:58,595 [INFO] tasks.info_extraction.call_entity_extraction: 9e31a35c-66fa-40a0-936d-fb7a4658b4a9 3 retries executed in 3.424s
2026-05-13 17:14:58,632 [INFO] Executing tasks.info_extraction.call_entity_extraction: abaaa561-80de-4e48-9bbf-6c2b23063a95 3 retries
2026-05-13 17:14:58,633 [INFO] Starting entity extraction for node_id=1575e964-6d75-44d1-bcf2-efaa64db6d3f
2026-05-13 17:15:01,056 [INFO] Entity extraction finished for node_id=1575e964-6d75-44d1-bcf2-efaa64db6d3f in 2.42s
2026-05-13 17:15:01,056 [ERROR] Entity extraction failed for node_id=1575e964-6d75-44d1-bcf2-efaa64db6d3f: 'dict' object has no attribute 'entities'
2026-05-13 17:15:01,056 [INFO] tasks.info_extraction.call_entity_extraction: abaaa561-80de-4e48-9bbf-6c2b23063a95 3 retries executed in 2.424s
2026-05-13 17:15:01,082 [INFO] Executing tasks.info_extraction.call_entity_extraction: 6794df86-d67e-4222-864f-cc76f1253799 3 retries
2026-05-13 17:15:01,083 [INFO] Starting entity extraction for node_id=52f56ae1-ff13-44f2-bb85-b581a2b17dbb
2026-05-13 17:15:03,444 [INFO] Entity extraction finished for node_id=52f56ae1-ff13-44f2-bb85-b581a2b17dbb in 2.36s
2026-05-13 17:15:03,444 [ERROR] Entity extraction failed for node_id=52f56ae1-ff13-44f2-bb85-b581a2b17dbb: 'dict' object has no attribute 'entities'
2026-05-13 17:15:03,444 [INFO] tasks.info_extraction.call_entity_extraction: 6794df86-d67e-4222-864f-cc76f1253799 3 retries executed in 2.361s
2026-05-13 17:15:03,465 [INFO] Executing tasks.info_extraction.call_entity_extraction: 2d33f493-9391-4379-be83-6e5408c4256f 3 retries
2026-05-13 17:15:03,466 [INFO] Starting entity extraction for node_id=9cdc8343-8c0a-4f00-b8ca-66bb4c47b93f
2026-05-13 17:15:05,298 [INFO] Entity extraction finished for node_id=9cdc8343-8c0a-4f00-b8ca-66bb4c47b93f in 1.83s
2026-05-13 17:15:05,298 [ERROR] Entity extraction failed for node_id=9cdc8343-8c0a-4f00-b8ca-66bb4c47b93f: 'dict' object has no attribute 'entities'
2026-05-13 17:15:05,298 [INFO] tasks.info_extraction.call_entity_extraction: 2d33f493-9391-4379-be83-6e5408c4256f 3 retries executed in 1.833s
2026-05-13 17:15:05,332 [INFO] Executing tasks.info_extraction.call_entity_extraction: c6a88ac0-3f72-40bf-9d8c-0e8fc6973169 3 retries
2026-05-13 17:15:05,333 [INFO] Starting entity extraction for node_id=47f0fc96-e1b2-4b9f-aec0-455e9af62e23
2026-05-13 17:15:08,744 [INFO] Received SIGINT
2026-05-13 17:15:08,813 [INFO] Shutting down gracefully...
2026-05-13 17:15:10,029 [INFO] Received request to shut down now.
2026-05-13 17:15:10,029 [INFO] Consumer exiting.
2026-05-13 17:16:08,521 [INFO] Loading DataFrame from books/dsm-tree/dsm5_selected_chapters_tree.jsonl
2026-05-13 17:16:08,698 [INFO] Scheduling entity extraction task for node_id=88eb8056-30b0-4204-9ec4-75b0bd74e170
2026-05-13 17:16:08,887 [INFO] Scheduling entity extraction task for node_id=31e10ee3-d2a9-4ab1-ae80-9589f1e33b7c
2026-05-13 17:16:08,894 [INFO] Scheduling entity extraction task for node_id=525ad310-f094-4a70-82cf-f9a58366e787
2026-05-13 17:16:08,901 [INFO] Scheduling entity extraction task for node_id=1fc8579f-506f-4133-afae-fc064bd57616
2026-05-13 17:16:08,908 [INFO] Scheduling entity extraction task for node_id=1f09c4d1-3160-48f3-bd0a-27db29506170
2026-05-13 17:16:08,915 [INFO] Scheduling entity extraction task for node_id=0cde0ca4-7cb6-499b-a210-d98adef5a78b
2026-05-13 17:16:08,923 [INFO] Scheduling entity extraction task for node_id=435d3fa2-44dc-4ae4-a8a8-7abd27aae0f7
2026-05-13 17:16:08,931 [INFO] Scheduling entity extraction task for node_id=964440e8-d98c-4b69-8fd5-4beafab99d96
2026-05-13 17:16:08,942 [INFO] Scheduling entity extraction task for node_id=4acce9b3-4aa7-4bb4-952e-60e8ee0ba9bb
2026-05-13 17:16:08,965 [INFO] Scheduling entity extraction task for node_id=eb706565-54bb-41c7-a414-cfb487f079dd
2026-05-13 17:16:08,991 [INFO] Scheduling entity extraction task for node_id=031e175b-768e-4bee-af67-7111fade6ddc
2026-05-13 17:16:08,998 [INFO] Scheduling entity extraction task for node_id=b5282060-27da-44b9-8542-a38488f27894
2026-05-13 17:16:09,005 [INFO] Scheduling entity extraction task for node_id=33d3dfc4-de21-4972-b808-41080469ec6a
2026-05-13 17:16:09,012 [INFO] Scheduling entity extraction task for node_id=15fa21e9-f554-46ac-abce-d1e4bbe889f2
2026-05-13 17:16:09,023 [INFO] Scheduling entity extraction task for node_id=6c06e8ab-7976-4507-9458-cb503335425c
2026-05-13 17:16:09,034 [INFO] Scheduling entity extraction task for node_id=7cd31032-82d0-4809-8c50-c6a17abb8017
2026-05-13 17:16:09,040 [INFO] Scheduling entity extraction task for node_id=f025add6-bf49-4aa2-8f68-18d580a8db10
2026-05-13 17:16:09,047 [INFO] Scheduling entity extraction task for node_id=1575e964-6d75-44d1-bcf2-efaa64db6d3f
2026-05-13 17:16:09,054 [INFO] Scheduling entity extraction task for node_id=52f56ae1-ff13-44f2-bb85-b581a2b17dbb
2026-05-13 17:16:09,062 [INFO] Scheduling entity extraction task for node_id=9cdc8343-8c0a-4f00-b8ca-66bb4c47b93f
2026-05-13 17:16:09,068 [INFO] Scheduling entity extraction task for node_id=47f0fc96-e1b2-4b9f-aec0-455e9af62e23
2026-05-13 17:16:09,128 [INFO] Scheduling entity extraction task for node_id=5fec48f5-225f-4a20-a03a-333322a97619
2026-05-13 17:16:09,135 [INFO] Scheduling entity extraction task for node_id=a59b2707-9575-47e9-b371-707c568b44f9
2026-05-13 17:16:09,194 [INFO] Scheduling entity extraction task for node_id=3bfe0f99-2a8e-485c-9e4a-e9a083a9fe52
2026-05-13 17:16:09,204 [INFO] Scheduling entity extraction task for node_id=fec371aa-bc70-4ec9-8b37-69093269de0e
2026-05-13 17:16:09,209 [INFO] Scheduling entity extraction task for node_id=f74936f1-e99a-4c61-ad28-b7f5c8b940fa
2026-05-13 17:16:09,215 [INFO] Scheduling entity extraction task for node_id=8294877a-1086-4e4f-a8b5-4ac4d03525e0
2026-05-13 17:16:09,221 [INFO] Scheduling entity extraction task for node_id=65ecb5e8-1cf6-4bc3-a7cf-01a9ad281b64
2026-05-13 17:16:09,229 [INFO] Scheduling entity extraction task for node_id=3aff0aa2-34d6-443f-9de6-3f1c64a50256
2026-05-13 17:16:09,236 [INFO] Scheduling entity extraction task for node_id=a55287ec-6da9-4655-b813-fac72c2d2ec9
2026-05-13 17:16:09,242 [INFO] Scheduling entity extraction task for node_id=510c7969-4919-458b-bc38-7d42d470553e
2026-05-13 17:16:09,246 [INFO] Scheduling entity extraction task for node_id=0853eeb8-2fc8-4612-b619-9b4ed5775faf
2026-05-13 17:16:09,253 [INFO] Scheduling entity extraction task for node_id=c10a2265-f17f-4926-8b10-e1c21d27b474
2026-05-13 17:16:09,260 [INFO] Scheduling entity extraction task for node_id=7adff039-e541-4b03-80e9-5872fc86f0d3
2026-05-13 17:16:09,266 [INFO] Scheduling entity extraction task for node_id=4b5c959e-2b11-49f6-9ef4-6d90a2fd5eae
2026-05-13 17:16:09,273 [INFO] Scheduling entity extraction task for node_id=21c406e7-1e60-4fb9-96eb-11a0010803b6
2026-05-13 17:16:09,281 [INFO] Scheduling entity extraction task for node_id=cf492719-61dd-4b80-a1dc-dda4319d04bc
2026-05-13 17:16:09,290 [INFO] Scheduling entity extraction task for node_id=2b8a380f-e5b2-4680-b728-c33c7887edd7
2026-05-13 17:16:09,298 [INFO] Scheduling entity extraction task for node_id=c552a643-6ab3-4519-a092-464d93508ea7
2026-05-13 17:16:09,305 [INFO] Scheduling entity extraction task for node_id=1d322e07-321b-492c-95b5-6971fff5f4bf
2026-05-13 17:16:09,313 [INFO] Scheduling entity extraction task for node_id=2060f813-7fb2-44c0-b6b9-b0dccc593268
2026-05-13 17:16:09,321 [INFO] Scheduling entity extraction task for node_id=f460ac9d-5335-4874-b96c-f123eb0ce1e6
2026-05-13 17:16:09,328 [INFO] Scheduling entity extraction task for node_id=fa2cb38a-2367-4bf4-bf55-b3b176e94303
2026-05-13 17:16:09,395 [INFO] Scheduling entity extraction task for node_id=ea937723-2718-486b-a4aa-3ada7c1167d0
2026-05-13 17:16:09,411 [INFO] Scheduling entity extraction task for node_id=c1fd75c8-e046-4bc4-bfbb-8f964e37ada8
2026-05-13 17:16:09,466 [INFO] Scheduling entity extraction task for node_id=cedfbbb9-f08d-4082-9269-64c6b21ce293
2026-05-13 17:16:09,471 [INFO] Scheduling entity extraction task for node_id=8c6a4cb0-89f4-46c4-984c-f7e50d8ef217
2026-05-13 17:16:09,482 [INFO] Scheduling entity extraction task for node_id=e1dc8058-028d-4cef-aff2-cb1e3de8e29a
2026-05-13 17:16:09,531 [INFO] Scheduling entity extraction task for node_id=10fdd6fe-1f6d-4f5c-8ffd-19f3b716d8c1
2026-05-13 17:16:09,536 [INFO] Scheduling entity extraction task for node_id=d5e99ada-e5a7-4830-ad8f-859b17c59981
2026-05-13 17:16:09,541 [INFO] Scheduling entity extraction task for node_id=32155a01-d244-4e48-a1a2-ee995d97d4ca
2026-05-13 17:16:09,546 [INFO] Scheduling entity extraction task for node_id=43d24a59-09e3-4405-917d-60a3bc9b5bea
2026-05-13 17:16:09,551 [INFO] Scheduling entity extraction task for node_id=d42cfa97-0dd1-46f3-af1a-9ace0e79887f
2026-05-13 17:16:09,557 [INFO] Scheduling entity extraction task for node_id=8894ddc3-72f1-4297-8beb-16843dcdeaae
2026-05-13 17:16:09,565 [INFO] Scheduling entity extraction task for node_id=263b3dc6-c807-4c6f-8311-2f1f814db47a
2026-05-13 17:16:09,571 [INFO] Scheduling entity extraction task for node_id=a5b786a4-e012-432c-85a1-d84190904aac
2026-05-13 17:16:09,623 [INFO] Scheduling entity extraction task for node_id=e0687f40-e231-4f1e-b6d8-4bbd82d300f6
2026-05-13 17:16:09,676 [INFO] Scheduling entity extraction task for node_id=0e84342c-f0df-48e2-a15f-db24ee273618
2026-05-13 17:16:09,681 [INFO] Scheduling entity extraction task for node_id=b2e96db5-c713-4f85-8f85-f4a99d3e99e0
2026-05-13 17:16:09,687 [INFO] Scheduling entity extraction task for node_id=4f7079c7-b13f-4af1-b115-d6bb00d7db50
2026-05-13 17:16:09,693 [INFO] Scheduling entity extraction task for node_id=231f3ca9-e5a0-4893-940d-0f0653a77a47
2026-05-13 17:16:09,698 [INFO] Scheduling entity extraction task for node_id=0677c1b8-f7bb-4dc0-8b88-e2987bd4e834
2026-05-13 17:16:09,705 [INFO] Scheduling entity extraction task for node_id=7a3ef05c-98b5-47c2-9a18-2eea22f692c4
2026-05-13 17:16:09,711 [INFO] Scheduling entity extraction task for node_id=d79dd7a1-b58a-48bf-8d4e-ef22e065c631
2026-05-13 17:16:09,716 [INFO] Scheduling entity extraction task for node_id=4524523b-3dcf-45d2-a365-ab0486f6be60
2026-05-13 17:16:09,720 [INFO] Scheduling entity extraction task for node_id=f02fbb78-d643-45af-9953-fff67c84296e
2026-05-13 17:16:09,725 [INFO] Scheduling entity extraction task for node_id=78ecc840-0429-4f16-aa5f-16aba64c8b2e
2026-05-13 17:16:09,729 [INFO] Scheduling entity extraction task for node_id=4ef0f0cf-06dd-4a93-a393-330ab12f37e1
2026-05-13 17:16:09,734 [INFO] Scheduling entity extraction task for node_id=f439f976-5572-4b31-8899-f303c5b5d6a1
2026-05-13 17:16:09,739 [INFO] Scheduling entity extraction task for node_id=1cedff2e-32e6-4739-ad29-ec767af7ce97
2026-05-13 17:16:09,744 [INFO] Scheduling entity extraction task for node_id=c55807d0-bf10-4d18-9f5a-8726cc79cf0c
2026-05-13 17:16:09,748 [INFO] Scheduling entity extraction task for node_id=32dcca8d-c508-4290-9e5d-8f93cb5a4b64
2026-05-13 17:16:09,776 [INFO] Scheduling entity extraction task for node_id=3cefcf16-b611-43cb-b6e2-ad13dfc310a1
2026-05-13 17:16:09,830 [INFO] Scheduling entity extraction task for node_id=272f5ce4-3541-4016-b58d-63410df3b34c
2026-05-13 17:16:09,882 [INFO] Scheduling entity extraction task for node_id=ef305eca-22d6-4b61-9a5c-394252afca61
2026-05-13 17:16:09,888 [INFO] Scheduling entity extraction task for node_id=9cbdde88-4729-4d83-b446-22d9c19f3eea
2026-05-13 17:16:09,893 [INFO] Scheduling entity extraction task for node_id=d7f71a5c-9d72-4411-a9b4-5e374abe295d
2026-05-13 17:16:09,898 [INFO] Scheduling entity extraction task for node_id=3111114a-aeda-4660-b4ad-c44e404e5cf3
2026-05-13 17:16:09,905 [INFO] Scheduling entity extraction task for node_id=f061a364-5643-4851-a6bb-a1692d0ef10f
2026-05-13 17:16:09,911 [INFO] Scheduling entity extraction task for node_id=ccdd383b-5ff1-48b8-947b-d35fda04dfbf
2026-05-13 17:16:09,916 [INFO] Scheduling entity extraction task for node_id=388d8b0c-f77f-4514-a1b2-b1784b36cfdd
2026-05-13 17:16:09,922 [INFO] Scheduling entity extraction task for node_id=52c510ce-c2ed-4116-b2a5-86b9d5f328e4
2026-05-13 17:16:09,927 [INFO] Scheduling entity extraction task for node_id=1a6ffd85-6a53-43af-adbe-bdb6576c30de
2026-05-13 17:16:09,931 [INFO] Scheduling entity extraction task for node_id=fa68393e-b8ab-418c-aaa6-21aae8c4b983
2026-05-13 17:16:09,982 [INFO] Scheduling entity extraction task for node_id=27b12097-d243-49bb-8a81-f5bda9f94581
2026-05-13 17:16:09,986 [INFO] Scheduling entity extraction task for node_id=f468c739-6941-436e-b038-e65e0c840fb3
2026-05-13 17:16:09,991 [INFO] Scheduling entity extraction task for node_id=4dfbbe3d-acde-4acb-8b9b-43210bf5feaf
2026-05-13 17:16:09,997 [INFO] Scheduling entity extraction task for node_id=471c85a7-0708-4c2f-9361-2ff80b8720da
2026-05-13 17:16:10,001 [INFO] Scheduling entity extraction task for node_id=db24878c-4297-48de-9e5f-fcd6d3f5875d
2026-05-13 17:16:10,007 [INFO] Scheduling entity extraction task for node_id=dd9607d7-2989-43af-8f60-a5c5327e8826
2026-05-13 17:16:10,012 [INFO] Scheduling entity extraction task for node_id=e096b6b4-097f-48d8-97d0-95645b817663
2026-05-13 17:16:10,016 [INFO] Scheduling entity extraction task for node_id=611b3208-60d8-4f87-ae81-95017a30de51
2026-05-13 17:16:10,021 [INFO] Scheduling entity extraction task for node_id=ce308cca-6c41-4a91-8c81-a1f1124c4236
2026-05-13 17:16:10,026 [INFO] Scheduling entity extraction task for node_id=8c5cbeec-387d-432c-8e78-a14df9f39cc4
2026-05-13 17:16:10,032 [INFO] Scheduling entity extraction task for node_id=e28cf785-b41b-4850-b829-1f029e720dad
2026-05-13 17:16:10,036 [INFO] Scheduling entity extraction task for node_id=a914311f-38fb-4033-a1fb-5ccbe47757ad
2026-05-13 17:16:10,087 [INFO] Scheduling entity extraction task for node_id=6ce2e085-80dc-4105-b8f0-d50c4463b139
2026-05-13 17:16:10,092 [INFO] Scheduling entity extraction task for node_id=3b6aaf35-71a2-47df-812b-140b8f2d077f
2026-05-13 17:16:10,144 [INFO] Scheduling entity extraction task for node_id=09af0efa-94e4-402e-bf2d-1931ad96a743
2026-05-13 17:16:10,149 [INFO] Scheduling entity extraction task for node_id=c89d9504-8a2b-4c09-b13b-2b881a6195cc
2026-05-13 17:16:10,169 [INFO] Huey consumer started with 1 thread, PID 151829 at 2026-05-13 13:46:10.169829
2026-05-13 17:16:10,170 [INFO] Scheduler runs every 1 second(s).
2026-05-13 17:16:10,170 [INFO] Periodic tasks are enabled.
2026-05-13 17:16:10,171 [INFO] The following commands are available:
+ tasks.info_extraction.call_entity_extraction
+ tasks.info_extraction.extract_relation
2026-05-13 17:16:10,328 [INFO] Executing tasks.info_extraction.call_entity_extraction: 4297ede0-9f6a-49bb-b610-eb4085fd6bab 3 retries
2026-05-13 17:16:10,328 [INFO] Starting entity extraction for node_id=5fec48f5-225f-4a20-a03a-333322a97619
2026-05-13 17:16:15,602 [INFO] Entity extraction finished for node_id=5fec48f5-225f-4a20-a03a-333322a97619 in 5.27s
2026-05-13 17:16:15,844 [ERROR] Entity extraction failed for node_id=5fec48f5-225f-4a20-a03a-333322a97619: 'Prediction' object is not callable
2026-05-13 17:16:15,845 [INFO] tasks.info_extraction.call_entity_extraction: 4297ede0-9f6a-49bb-b610-eb4085fd6bab 3 retries executed in 5.517s
2026-05-13 17:16:16,179 [INFO] Executing tasks.info_extraction.call_entity_extraction: 3ea4effa-2e88-4d59-94a7-a067f27c9ec3 3 retries
2026-05-13 17:16:16,179 [INFO] Starting entity extraction for node_id=a59b2707-9575-47e9-b371-707c568b44f9
2026-05-13 17:16:21,669 [INFO] Received SIGINT
2026-05-13 17:16:21,685 [INFO] Entity extraction finished for node_id=a59b2707-9575-47e9-b371-707c568b44f9 in 5.51s
2026-05-13 17:16:21,690 [ERROR] Entity extraction failed for node_id=a59b2707-9575-47e9-b371-707c568b44f9: 'Prediction' object is not callable
2026-05-13 17:16:21,691 [INFO] tasks.info_extraction.call_entity_extraction: 3ea4effa-2e88-4d59-94a7-a067f27c9ec3 3 retries executed in 5.512s
2026-05-13 17:16:21,719 [INFO] Executing tasks.info_extraction.call_entity_extraction: f45335d1-6bfe-4f8b-912f-b5273980fc96 3 retries
2026-05-13 17:16:21,719 [INFO] Starting entity extraction for node_id=3bfe0f99-2a8e-485c-9e4a-e9a083a9fe52
2026-05-13 17:16:21,740 [INFO] Shutting down gracefully...
2026-05-13 17:16:22,229 [INFO] Received request to shut down now.
2026-05-13 17:16:22,230 [INFO] Consumer exiting.
2026-05-13 17:16:55,029 [INFO] Loading DataFrame from books/dsm-tree/dsm5_selected_chapters_tree.jsonl
2026-05-13 17:16:55,208 [INFO] Scheduling entity extraction task for node_id=88eb8056-30b0-4204-9ec4-75b0bd74e170
2026-05-13 17:16:55,362 [INFO] Scheduling entity extraction task for node_id=31e10ee3-d2a9-4ab1-ae80-9589f1e33b7c
2026-05-13 17:16:55,368 [INFO] Scheduling entity extraction task for node_id=525ad310-f094-4a70-82cf-f9a58366e787
2026-05-13 17:16:55,372 [INFO] Scheduling entity extraction task for node_id=1fc8579f-506f-4133-afae-fc064bd57616
2026-05-13 17:16:55,378 [INFO] Scheduling entity extraction task for node_id=1f09c4d1-3160-48f3-bd0a-27db29506170
2026-05-13 17:16:55,384 [INFO] Scheduling entity extraction task for node_id=0cde0ca4-7cb6-499b-a210-d98adef5a78b
2026-05-13 17:16:55,389 [INFO] Scheduling entity extraction task for node_id=435d3fa2-44dc-4ae4-a8a8-7abd27aae0f7
2026-05-13 17:16:55,395 [INFO] Scheduling entity extraction task for node_id=964440e8-d98c-4b69-8fd5-4beafab99d96
2026-05-13 17:16:55,400 [INFO] Scheduling entity extraction task for node_id=4acce9b3-4aa7-4bb4-952e-60e8ee0ba9bb
2026-05-13 17:16:55,406 [INFO] Scheduling entity extraction task for node_id=eb706565-54bb-41c7-a414-cfb487f079dd
2026-05-13 17:16:55,411 [INFO] Scheduling entity extraction task for node_id=031e175b-768e-4bee-af67-7111fade6ddc
2026-05-13 17:16:55,416 [INFO] Scheduling entity extraction task for node_id=b5282060-27da-44b9-8542-a38488f27894
2026-05-13 17:16:55,420 [INFO] Scheduling entity extraction task for node_id=33d3dfc4-de21-4972-b808-41080469ec6a
2026-05-13 17:16:55,424 [INFO] Scheduling entity extraction task for node_id=15fa21e9-f554-46ac-abce-d1e4bbe889f2
2026-05-13 17:16:55,429 [INFO] Scheduling entity extraction task for node_id=6c06e8ab-7976-4507-9458-cb503335425c
2026-05-13 17:16:55,434 [INFO] Scheduling entity extraction task for node_id=7cd31032-82d0-4809-8c50-c6a17abb8017
2026-05-13 17:16:55,438 [INFO] Scheduling entity extraction task for node_id=f025add6-bf49-4aa2-8f68-18d580a8db10
2026-05-13 17:16:55,444 [INFO] Scheduling entity extraction task for node_id=1575e964-6d75-44d1-bcf2-efaa64db6d3f
2026-05-13 17:16:55,448 [INFO] Scheduling entity extraction task for node_id=52f56ae1-ff13-44f2-bb85-b581a2b17dbb
2026-05-13 17:16:55,453 [INFO] Scheduling entity extraction task for node_id=9cdc8343-8c0a-4f00-b8ca-66bb4c47b93f
2026-05-13 17:16:55,457 [INFO] Scheduling entity extraction task for node_id=47f0fc96-e1b2-4b9f-aec0-455e9af62e23
2026-05-13 17:16:55,513 [INFO] Scheduling entity extraction task for node_id=5fec48f5-225f-4a20-a03a-333322a97619
2026-05-13 17:16:55,519 [INFO] Scheduling entity extraction task for node_id=a59b2707-9575-47e9-b371-707c568b44f9
2026-05-13 17:16:55,574 [INFO] Scheduling entity extraction task for node_id=3bfe0f99-2a8e-485c-9e4a-e9a083a9fe52
2026-05-13 17:16:55,580 [INFO] Scheduling entity extraction task for node_id=fec371aa-bc70-4ec9-8b37-69093269de0e
2026-05-13 17:16:55,584 [INFO] Scheduling entity extraction task for node_id=f74936f1-e99a-4c61-ad28-b7f5c8b940fa
2026-05-13 17:16:55,588 [INFO] Scheduling entity extraction task for node_id=8294877a-1086-4e4f-a8b5-4ac4d03525e0
2026-05-13 17:16:55,593 [INFO] Scheduling entity extraction task for node_id=65ecb5e8-1cf6-4bc3-a7cf-01a9ad281b64
2026-05-13 17:16:55,597 [INFO] Scheduling entity extraction task for node_id=3aff0aa2-34d6-443f-9de6-3f1c64a50256
2026-05-13 17:16:55,602 [INFO] Scheduling entity extraction task for node_id=a55287ec-6da9-4655-b813-fac72c2d2ec9
2026-05-13 17:16:55,606 [INFO] Scheduling entity extraction task for node_id=510c7969-4919-458b-bc38-7d42d470553e
2026-05-13 17:16:55,612 [INFO] Scheduling entity extraction task for node_id=0853eeb8-2fc8-4612-b619-9b4ed5775faf
2026-05-13 17:16:55,616 [INFO] Scheduling entity extraction task for node_id=c10a2265-f17f-4926-8b10-e1c21d27b474
2026-05-13 17:16:55,622 [INFO] Scheduling entity extraction task for node_id=7adff039-e541-4b03-80e9-5872fc86f0d3
2026-05-13 17:16:55,627 [INFO] Scheduling entity extraction task for node_id=4b5c959e-2b11-49f6-9ef4-6d90a2fd5eae
2026-05-13 17:16:55,632 [INFO] Scheduling entity extraction task for node_id=21c406e7-1e60-4fb9-96eb-11a0010803b6
2026-05-13 17:16:55,637 [INFO] Scheduling entity extraction task for node_id=cf492719-61dd-4b80-a1dc-dda4319d04bc
2026-05-13 17:16:55,654 [INFO] Scheduling entity extraction task for node_id=2b8a380f-e5b2-4680-b728-c33c7887edd7
2026-05-13 17:16:55,670 [INFO] Scheduling entity extraction task for node_id=c552a643-6ab3-4519-a092-464d93508ea7
2026-05-13 17:16:55,681 [INFO] Scheduling entity extraction task for node_id=1d322e07-321b-492c-95b5-6971fff5f4bf
2026-05-13 17:16:55,687 [INFO] Scheduling entity extraction task for node_id=2060f813-7fb2-44c0-b6b9-b0dccc593268
2026-05-13 17:16:55,691 [INFO] Scheduling entity extraction task for node_id=f460ac9d-5335-4874-b96c-f123eb0ce1e6
2026-05-13 17:16:55,696 [INFO] Scheduling entity extraction task for node_id=fa2cb38a-2367-4bf4-bf55-b3b176e94303
2026-05-13 17:16:55,752 [INFO] Scheduling entity extraction task for node_id=ea937723-2718-486b-a4aa-3ada7c1167d0
2026-05-13 17:16:55,757 [INFO] Scheduling entity extraction task for node_id=c1fd75c8-e046-4bc4-bfbb-8f964e37ada8
2026-05-13 17:16:55,810 [INFO] Scheduling entity extraction task for node_id=cedfbbb9-f08d-4082-9269-64c6b21ce293
2026-05-13 17:16:55,816 [INFO] Scheduling entity extraction task for node_id=8c6a4cb0-89f4-46c4-984c-f7e50d8ef217
2026-05-13 17:16:55,869 [INFO] Scheduling entity extraction task for node_id=e1dc8058-028d-4cef-aff2-cb1e3de8e29a
2026-05-13 17:16:55,875 [INFO] Scheduling entity extraction task for node_id=10fdd6fe-1f6d-4f5c-8ffd-19f3b716d8c1
2026-05-13 17:16:55,881 [INFO] Scheduling entity extraction task for node_id=d5e99ada-e5a7-4830-ad8f-859b17c59981
2026-05-13 17:16:55,886 [INFO] Scheduling entity extraction task for node_id=32155a01-d244-4e48-a1a2-ee995d97d4ca
2026-05-13 17:16:55,892 [INFO] Scheduling entity extraction task for node_id=43d24a59-09e3-4405-917d-60a3bc9b5bea
2026-05-13 17:16:55,897 [INFO] Scheduling entity extraction task for node_id=d42cfa97-0dd1-46f3-af1a-9ace0e79887f
2026-05-13 17:16:55,902 [INFO] Scheduling entity extraction task for node_id=8894ddc3-72f1-4297-8beb-16843dcdeaae
2026-05-13 17:16:55,906 [INFO] Scheduling entity extraction task for node_id=263b3dc6-c807-4c6f-8311-2f1f814db47a
2026-05-13 17:16:55,911 [INFO] Scheduling entity extraction task for node_id=a5b786a4-e012-432c-85a1-d84190904aac
2026-05-13 17:16:55,963 [INFO] Scheduling entity extraction task for node_id=e0687f40-e231-4f1e-b6d8-4bbd82d300f6
2026-05-13 17:16:56,018 [INFO] Scheduling entity extraction task for node_id=0e84342c-f0df-48e2-a15f-db24ee273618
2026-05-13 17:16:56,024 [INFO] Scheduling entity extraction task for node_id=b2e96db5-c713-4f85-8f85-f4a99d3e99e0
2026-05-13 17:16:56,030 [INFO] Scheduling entity extraction task for node_id=4f7079c7-b13f-4af1-b115-d6bb00d7db50
2026-05-13 17:16:56,035 [INFO] Scheduling entity extraction task for node_id=231f3ca9-e5a0-4893-940d-0f0653a77a47
2026-05-13 17:16:56,041 [INFO] Scheduling entity extraction task for node_id=0677c1b8-f7bb-4dc0-8b88-e2987bd4e834
2026-05-13 17:16:56,046 [INFO] Scheduling entity extraction task for node_id=7a3ef05c-98b5-47c2-9a18-2eea22f692c4
2026-05-13 17:16:56,052 [INFO] Scheduling entity extraction task for node_id=d79dd7a1-b58a-48bf-8d4e-ef22e065c631
2026-05-13 17:16:56,059 [INFO] Scheduling entity extraction task for node_id=4524523b-3dcf-45d2-a365-ab0486f6be60
2026-05-13 17:16:56,065 [INFO] Scheduling entity extraction task for node_id=f02fbb78-d643-45af-9953-fff67c84296e
2026-05-13 17:16:56,076 [INFO] Scheduling entity extraction task for node_id=78ecc840-0429-4f16-aa5f-16aba64c8b2e
2026-05-13 17:16:56,088 [INFO] Scheduling entity extraction task for node_id=4ef0f0cf-06dd-4a93-a393-330ab12f37e1
2026-05-13 17:16:56,095 [INFO] Scheduling entity extraction task for node_id=f439f976-5572-4b31-8899-f303c5b5d6a1
2026-05-13 17:16:56,113 [INFO] Scheduling entity extraction task for node_id=1cedff2e-32e6-4739-ad29-ec767af7ce97
2026-05-13 17:16:56,118 [INFO] Scheduling entity extraction task for node_id=c55807d0-bf10-4d18-9f5a-8726cc79cf0c
2026-05-13 17:16:56,122 [INFO] Scheduling entity extraction task for node_id=32dcca8d-c508-4290-9e5d-8f93cb5a4b64
2026-05-13 17:16:56,128 [INFO] Scheduling entity extraction task for node_id=3cefcf16-b611-43cb-b6e2-ad13dfc310a1
2026-05-13 17:16:56,180 [INFO] Scheduling entity extraction task for node_id=272f5ce4-3541-4016-b58d-63410df3b34c
2026-05-13 17:16:56,236 [INFO] Scheduling entity extraction task for node_id=ef305eca-22d6-4b61-9a5c-394252afca61
2026-05-13 17:16:56,240 [INFO] Scheduling entity extraction task for node_id=9cbdde88-4729-4d83-b446-22d9c19f3eea
2026-05-13 17:16:56,245 [INFO] Scheduling entity extraction task for node_id=d7f71a5c-9d72-4411-a9b4-5e374abe295d
2026-05-13 17:16:56,249 [INFO] Scheduling entity extraction task for node_id=3111114a-aeda-4660-b4ad-c44e404e5cf3
2026-05-13 17:16:56,254 [INFO] Scheduling entity extraction task for node_id=f061a364-5643-4851-a6bb-a1692d0ef10f
2026-05-13 17:16:56,258 [INFO] Scheduling entity extraction task for node_id=ccdd383b-5ff1-48b8-947b-d35fda04dfbf
2026-05-13 17:16:56,263 [INFO] Scheduling entity extraction task for node_id=388d8b0c-f77f-4514-a1b2-b1784b36cfdd
2026-05-13 17:16:56,267 [INFO] Scheduling entity extraction task for node_id=52c510ce-c2ed-4116-b2a5-86b9d5f328e4
2026-05-13 17:16:56,271 [INFO] Scheduling entity extraction task for node_id=1a6ffd85-6a53-43af-adbe-bdb6576c30de
2026-05-13 17:16:56,275 [INFO] Scheduling entity extraction task for node_id=fa68393e-b8ab-418c-aaa6-21aae8c4b983
2026-05-13 17:16:56,327 [INFO] Scheduling entity extraction task for node_id=27b12097-d243-49bb-8a81-f5bda9f94581
2026-05-13 17:16:56,333 [INFO] Scheduling entity extraction task for node_id=f468c739-6941-436e-b038-e65e0c840fb3
2026-05-13 17:16:56,339 [INFO] Scheduling entity extraction task for node_id=4dfbbe3d-acde-4acb-8b9b-43210bf5feaf
2026-05-13 17:16:56,344 [INFO] Scheduling entity extraction task for node_id=471c85a7-0708-4c2f-9361-2ff80b8720da
2026-05-13 17:16:56,349 [INFO] Scheduling entity extraction task for node_id=db24878c-4297-48de-9e5f-fcd6d3f5875d
2026-05-13 17:16:56,353 [INFO] Scheduling entity extraction task for node_id=dd9607d7-2989-43af-8f60-a5c5327e8826
2026-05-13 17:16:56,358 [INFO] Scheduling entity extraction task for node_id=e096b6b4-097f-48d8-97d0-95645b817663
2026-05-13 17:16:56,361 [INFO] Scheduling entity extraction task for node_id=611b3208-60d8-4f87-ae81-95017a30de51
2026-05-13 17:16:56,366 [INFO] Scheduling entity extraction task for node_id=ce308cca-6c41-4a91-8c81-a1f1124c4236
2026-05-13 17:16:56,371 [INFO] Scheduling entity extraction task for node_id=8c5cbeec-387d-432c-8e78-a14df9f39cc4
2026-05-13 17:16:56,375 [INFO] Scheduling entity extraction task for node_id=e28cf785-b41b-4850-b829-1f029e720dad
2026-05-13 17:16:56,381 [INFO] Scheduling entity extraction task for node_id=a914311f-38fb-4033-a1fb-5ccbe47757ad
2026-05-13 17:16:56,434 [INFO] Scheduling entity extraction task for node_id=6ce2e085-80dc-4105-b8f0-d50c4463b139
2026-05-13 17:16:56,440 [INFO] Scheduling entity extraction task for node_id=3b6aaf35-71a2-47df-812b-140b8f2d077f
2026-05-13 17:16:56,495 [INFO] Scheduling entity extraction task for node_id=09af0efa-94e4-402e-bf2d-1931ad96a743
2026-05-13 17:16:56,526 [INFO] Scheduling entity extraction task for node_id=c89d9504-8a2b-4c09-b13b-2b881a6195cc
2026-05-13 17:16:56,550 [INFO] Huey consumer started with 1 thread, PID 152741 at 2026-05-13 13:46:56.550299
2026-05-13 17:16:56,551 [INFO] Scheduler runs every 1 second(s).
2026-05-13 17:16:56,551 [INFO] Periodic tasks are enabled.
2026-05-13 17:16:56,551 [INFO] The following commands are available:
+ tasks.info_extraction.call_entity_extraction
+ tasks.info_extraction.extract_relation
2026-05-13 17:16:56,688 [INFO] Executing tasks.info_extraction.call_entity_extraction: 88a72bde-a4b8-471f-a158-49d44179a014 3 retries
2026-05-13 17:16:56,689 [INFO] Starting entity extraction for node_id=fec371aa-bc70-4ec9-8b37-69093269de0e
2026-05-13 17:17:00,970 [INFO] Entity extraction finished for node_id=fec371aa-bc70-4ec9-8b37-69093269de0e in 4.28s
2026-05-13 17:17:01,048 [INFO] Triggering relation extraction for node_id=fec371aa-bc70-4ec9-8b37-69093269de0e
2026-05-13 17:17:01,141 [INFO] tasks.info_extraction.call_entity_extraction: 88a72bde-a4b8-471f-a158-49d44179a014 3 retries executed in 4.452s
2026-05-13 17:17:01,175 [INFO] Executing tasks.info_extraction.call_entity_extraction: 22f3db28-5f8d-484c-a03b-0b02faf3ff63 3 retries
2026-05-13 17:17:01,176 [INFO] Starting entity extraction for node_id=f74936f1-e99a-4c61-ad28-b7f5c8b940fa
2026-05-13 17:17:04,586 [INFO] Entity extraction finished for node_id=f74936f1-e99a-4c61-ad28-b7f5c8b940fa in 3.41s
2026-05-13 17:17:04,592 [INFO] Triggering relation extraction for node_id=f74936f1-e99a-4c61-ad28-b7f5c8b940fa
2026-05-13 17:17:04,601 [INFO] tasks.info_extraction.call_entity_extraction: 22f3db28-5f8d-484c-a03b-0b02faf3ff63 3 retries executed in 3.426s
2026-05-13 17:17:04,650 [INFO] Executing tasks.info_extraction.call_entity_extraction: fd603349-7191-49f7-abd9-4adc9d88b231 3 retries
2026-05-13 17:17:04,651 [INFO] Starting entity extraction for node_id=8294877a-1086-4e4f-a8b5-4ac4d03525e0
2026-05-13 17:17:07,594 [INFO] Entity extraction finished for node_id=8294877a-1086-4e4f-a8b5-4ac4d03525e0 in 2.94s
2026-05-13 17:17:07,610 [INFO] Triggering relation extraction for node_id=8294877a-1086-4e4f-a8b5-4ac4d03525e0
2026-05-13 17:17:07,622 [INFO] tasks.info_extraction.call_entity_extraction: fd603349-7191-49f7-abd9-4adc9d88b231 3 retries executed in 2.972s
2026-05-13 17:17:07,643 [INFO] Executing tasks.info_extraction.call_entity_extraction: f211c529-82be-44df-ba19-9aa12727d7d4 3 retries
2026-05-13 17:17:07,643 [INFO] Starting entity extraction for node_id=65ecb5e8-1cf6-4bc3-a7cf-01a9ad281b64
2026-05-13 17:17:11,477 [INFO] Entity extraction finished for node_id=65ecb5e8-1cf6-4bc3-a7cf-01a9ad281b64 in 3.83s
2026-05-13 17:17:11,484 [INFO] Triggering relation extraction for node_id=65ecb5e8-1cf6-4bc3-a7cf-01a9ad281b64
2026-05-13 17:17:11,490 [INFO] tasks.info_extraction.call_entity_extraction: f211c529-82be-44df-ba19-9aa12727d7d4 3 retries executed in 3.847s
2026-05-13 17:17:11,513 [INFO] Executing tasks.info_extraction.call_entity_extraction: 0521d972-315b-4098-9fc9-7e4795943cae 3 retries
2026-05-13 17:17:11,514 [INFO] Starting entity extraction for node_id=3aff0aa2-34d6-443f-9de6-3f1c64a50256
2026-05-13 17:17:15,450 [INFO] Entity extraction finished for node_id=3aff0aa2-34d6-443f-9de6-3f1c64a50256 in 3.94s
2026-05-13 17:17:15,455 [INFO] Triggering relation extraction for node_id=3aff0aa2-34d6-443f-9de6-3f1c64a50256
2026-05-13 17:17:15,506 [INFO] tasks.info_extraction.call_entity_extraction: 0521d972-315b-4098-9fc9-7e4795943cae 3 retries executed in 3.992s
2026-05-13 17:17:15,531 [INFO] Executing tasks.info_extraction.call_entity_extraction: 39da7455-dbda-41b7-8d21-f45751fd78b8 3 retries
2026-05-13 17:17:15,531 [INFO] Starting entity extraction for node_id=a55287ec-6da9-4655-b813-fac72c2d2ec9
2026-05-13 17:17:20,054 [INFO] Entity extraction finished for node_id=a55287ec-6da9-4655-b813-fac72c2d2ec9 in 4.52s
2026-05-13 17:17:20,058 [INFO] Triggering relation extraction for node_id=a55287ec-6da9-4655-b813-fac72c2d2ec9
2026-05-13 17:17:20,111 [INFO] tasks.info_extraction.call_entity_extraction: 39da7455-dbda-41b7-8d21-f45751fd78b8 3 retries executed in 4.579s
2026-05-13 17:17:20,136 [INFO] Executing tasks.info_extraction.call_entity_extraction: cd552c53-dbf6-4f6c-8713-476af1dc929c 3 retries
2026-05-13 17:17:20,136 [INFO] Starting entity extraction for node_id=510c7969-4919-458b-bc38-7d42d470553e
2026-05-13 17:17:22,519 [INFO] Entity extraction finished for node_id=510c7969-4919-458b-bc38-7d42d470553e in 2.38s
2026-05-13 17:17:22,547 [INFO] Triggering relation extraction for node_id=510c7969-4919-458b-bc38-7d42d470553e
2026-05-13 17:17:22,557 [INFO] tasks.info_extraction.call_entity_extraction: cd552c53-dbf6-4f6c-8713-476af1dc929c 3 retries executed in 2.421s
2026-05-13 17:17:22,582 [INFO] Executing tasks.info_extraction.call_entity_extraction: 5ce20f86-6750-4276-be34-f7883c1a0ba0 3 retries
2026-05-13 17:17:22,582 [INFO] Starting entity extraction for node_id=0853eeb8-2fc8-4612-b619-9b4ed5775faf
2026-05-13 17:17:25,579 [INFO] Entity extraction finished for node_id=0853eeb8-2fc8-4612-b619-9b4ed5775faf in 3.00s
2026-05-13 17:17:25,589 [INFO] Triggering relation extraction for node_id=0853eeb8-2fc8-4612-b619-9b4ed5775faf
2026-05-13 17:17:25,601 [INFO] tasks.info_extraction.call_entity_extraction: 5ce20f86-6750-4276-be34-f7883c1a0ba0 3 retries executed in 3.019s
2026-05-13 17:17:25,646 [INFO] Executing tasks.info_extraction.call_entity_extraction: 6272dfda-d2cd-4faf-98c5-981e0c311a03 3 retries
2026-05-13 17:17:25,646 [INFO] Starting entity extraction for node_id=c10a2265-f17f-4926-8b10-e1c21d27b474
2026-05-13 17:17:29,296 [INFO] Entity extraction finished for node_id=c10a2265-f17f-4926-8b10-e1c21d27b474 in 3.65s
2026-05-13 17:17:29,303 [INFO] Triggering relation extraction for node_id=c10a2265-f17f-4926-8b10-e1c21d27b474
2026-05-13 17:17:29,361 [INFO] tasks.info_extraction.call_entity_extraction: 6272dfda-d2cd-4faf-98c5-981e0c311a03 3 retries executed in 3.715s
2026-05-13 17:17:29,413 [INFO] Executing tasks.info_extraction.call_entity_extraction: 343156b2-cae5-41e4-8df3-4b6570d29235 3 retries
2026-05-13 17:17:29,413 [INFO] Starting entity extraction for node_id=7adff039-e541-4b03-80e9-5872fc86f0d3
2026-05-13 17:17:29,511 [INFO] Received SIGINT
2026-05-13 17:17:29,513 [INFO] Shutting down gracefully...
2026-05-13 17:17:30,497 [INFO] Received request to shut down now.
2026-05-13 17:17:30,498 [INFO] Consumer exiting.
2026-05-13 17:17:48,867 [INFO] Huey consumer started with 1 thread, PID 153950 at 2026-05-13 13:47:48.867342
2026-05-13 17:17:48,867 [INFO] Scheduler runs every 1 second(s).
2026-05-13 17:17:48,867 [INFO] Periodic tasks are enabled.
2026-05-13 17:17:48,867 [INFO] The following commands are available:
+ tasks.info_extraction_store.store_entity_results
+ tasks.info_extraction_store.store_relation_results
2026-05-13 17:17:48,968 [INFO] Executing tasks.info_extraction_store.store_entity_results: bfb1d2f5-bb4c-4dc5-8b00-63e174de3731 2 retries
2026-05-13 17:17:48,969 [INFO] Storing entity results for node_id=5fec48f5-225f-4a20-a03a-333322a97619
2026-05-13 17:17:48,975 [INFO] Successfully stored entity results for node_id=5fec48f5-225f-4a20-a03a-333322a97619 (14 entities)
2026-05-13 17:17:48,975 [INFO] tasks.info_extraction_store.store_entity_results: bfb1d2f5-bb4c-4dc5-8b00-63e174de3731 2 retries executed in 0.006s
2026-05-13 17:17:48,999 [INFO] Executing tasks.info_extraction_store.store_entity_results: 43bc08be-b72c-4035-ae2b-411c03bdafa1 2 retries
2026-05-13 17:17:49,000 [INFO] Storing entity results for node_id=a59b2707-9575-47e9-b371-707c568b44f9
2026-05-13 17:17:49,004 [INFO] Successfully stored entity results for node_id=a59b2707-9575-47e9-b371-707c568b44f9 (13 entities)
2026-05-13 17:17:49,004 [INFO] tasks.info_extraction_store.store_entity_results: 43bc08be-b72c-4035-ae2b-411c03bdafa1 2 retries executed in 0.004s
2026-05-13 17:17:49,023 [INFO] Executing tasks.info_extraction_store.store_entity_results: b1ee29a3-5a7c-4816-9869-34712b8c8896 2 retries
2026-05-13 17:17:49,024 [INFO] Storing entity results for node_id=fec371aa-bc70-4ec9-8b37-69093269de0e
2026-05-13 17:17:49,025 [INFO] Successfully stored entity results for node_id=fec371aa-bc70-4ec9-8b37-69093269de0e (9 entities)
2026-05-13 17:17:49,025 [INFO] tasks.info_extraction_store.store_entity_results: b1ee29a3-5a7c-4816-9869-34712b8c8896 2 retries executed in 0.002s
2026-05-13 17:17:49,043 [INFO] Executing tasks.info_extraction_store.store_entity_results: fd687200-48c7-4e15-962f-4bdb776c000b 2 retries
2026-05-13 17:17:49,044 [INFO] Storing entity results for node_id=f74936f1-e99a-4c61-ad28-b7f5c8b940fa
2026-05-13 17:17:49,045 [INFO] Successfully stored entity results for node_id=f74936f1-e99a-4c61-ad28-b7f5c8b940fa (7 entities)
2026-05-13 17:17:49,045 [INFO] tasks.info_extraction_store.store_entity_results: fd687200-48c7-4e15-962f-4bdb776c000b 2 retries executed in 0.001s
2026-05-13 17:17:49,066 [INFO] Executing tasks.info_extraction_store.store_entity_results: 49fcc008-4fe7-4bb9-bf4e-a7408d05cbd6 2 retries
2026-05-13 17:17:49,066 [INFO] Storing entity results for node_id=8294877a-1086-4e4f-a8b5-4ac4d03525e0
2026-05-13 17:17:49,067 [INFO] Successfully stored entity results for node_id=8294877a-1086-4e4f-a8b5-4ac4d03525e0 (5 entities)
2026-05-13 17:17:49,068 [INFO] tasks.info_extraction_store.store_entity_results: 49fcc008-4fe7-4bb9-bf4e-a7408d05cbd6 2 retries executed in 0.001s
2026-05-13 17:17:49,087 [INFO] Executing tasks.info_extraction_store.store_entity_results: 067cb3e6-d816-40c5-94bf-d73c81748566 2 retries
2026-05-13 17:17:49,088 [INFO] Storing entity results for node_id=65ecb5e8-1cf6-4bc3-a7cf-01a9ad281b64
2026-05-13 17:17:49,089 [INFO] Successfully stored entity results for node_id=65ecb5e8-1cf6-4bc3-a7cf-01a9ad281b64 (9 entities)
2026-05-13 17:17:49,089 [INFO] tasks.info_extraction_store.store_entity_results: 067cb3e6-d816-40c5-94bf-d73c81748566 2 retries executed in 0.001s
2026-05-13 17:17:49,112 [INFO] Executing tasks.info_extraction_store.store_entity_results: 6501946b-218c-432c-aee5-0b7c4ad7abad 2 retries
2026-05-13 17:17:49,112 [INFO] Storing entity results for node_id=3aff0aa2-34d6-443f-9de6-3f1c64a50256
2026-05-13 17:17:49,113 [INFO] Successfully stored entity results for node_id=3aff0aa2-34d6-443f-9de6-3f1c64a50256 (10 entities)
2026-05-13 17:17:49,113 [INFO] tasks.info_extraction_store.store_entity_results: 6501946b-218c-432c-aee5-0b7c4ad7abad 2 retries executed in 0.001s
2026-05-13 17:17:49,134 [INFO] Executing tasks.info_extraction_store.store_entity_results: c0e9b9c2-12b2-4825-a0c3-a61539c61892 2 retries
2026-05-13 17:17:49,134 [INFO] Storing entity results for node_id=a55287ec-6da9-4655-b813-fac72c2d2ec9
2026-05-13 17:17:49,135 [INFO] Successfully stored entity results for node_id=a55287ec-6da9-4655-b813-fac72c2d2ec9 (11 entities)
2026-05-13 17:17:49,135 [INFO] tasks.info_extraction_store.store_entity_results: c0e9b9c2-12b2-4825-a0c3-a61539c61892 2 retries executed in 0.001s
2026-05-13 17:17:49,167 [INFO] Executing tasks.info_extraction_store.store_entity_results: 58d8726b-d016-4fe5-bf09-6999007c6725 2 retries
2026-05-13 17:17:49,167 [INFO] Storing entity results for node_id=510c7969-4919-458b-bc38-7d42d470553e
2026-05-13 17:17:49,169 [INFO] Successfully stored entity results for node_id=510c7969-4919-458b-bc38-7d42d470553e (4 entities)
2026-05-13 17:17:49,169 [INFO] tasks.info_extraction_store.store_entity_results: 58d8726b-d016-4fe5-bf09-6999007c6725 2 retries executed in 0.002s
2026-05-13 17:17:49,209 [INFO] Executing tasks.info_extraction_store.store_entity_results: d4f8608e-8e29-4dcd-8bdd-197fa042e5d8 2 retries
2026-05-13 17:17:49,210 [INFO] Storing entity results for node_id=0853eeb8-2fc8-4612-b619-9b4ed5775faf
2026-05-13 17:17:49,214 [INFO] Successfully stored entity results for node_id=0853eeb8-2fc8-4612-b619-9b4ed5775faf (6 entities)
2026-05-13 17:17:49,214 [INFO] tasks.info_extraction_store.store_entity_results: d4f8608e-8e29-4dcd-8bdd-197fa042e5d8 2 retries executed in 0.004s
2026-05-13 17:17:49,237 [INFO] Executing tasks.info_extraction_store.store_entity_results: 5312b01e-961f-417d-9fac-59172e6c508a 2 retries
2026-05-13 17:17:49,238 [INFO] Storing entity results for node_id=c10a2265-f17f-4926-8b10-e1c21d27b474
2026-05-13 17:17:49,242 [INFO] Successfully stored entity results for node_id=c10a2265-f17f-4926-8b10-e1c21d27b474 (9 entities)
2026-05-13 17:17:49,242 [INFO] tasks.info_extraction_store.store_entity_results: 5312b01e-961f-417d-9fac-59172e6c508a 2 retries executed in 0.004s
2026-05-13 17:17:53,671 [INFO] Received SIGINT
2026-05-13 17:17:53,677 [INFO] Shutting down gracefully...
2026-05-13 17:17:53,821 [INFO] Received request to shut down now.
2026-05-13 17:17:53,822 [INFO] Consumer exiting.
